{
    "root_group": {
        "checks": {
            "status is 200": {
                "name": "status is 200",
                "path": "::status is 200",
                "id": "6210a8cd14cd70477eba5c5e4cb3fb5f",
                "passes": 16247,
                "fails": 0
            }
        },
        "name": "",
        "path": "",
        "id": "d41d8cd98f00b204e9800998ecf8427e",
        "groups": {}
    },
    "metrics": {
        "data_sent": {
            "count": 1397242,
            "rate": 23198.202608013
        },
        "vus_max": {
            "value": 50,
            "min": 50,
            "max": 50
        },
        "http_reqs": {
            "count": 16247,
            "rate": 269.74654195363956
        },
        "checks": {
            "passes": 16247,
            "fails": 0,
            "value": 1
        },
        "http_req_connecting": {
            "med": 0,
            "max": 0.378425,
            "p(90)": 0,
            "p(95)": 0,
            "avg": 0.0019512802363513264,
            "min": 0
        },
        "iterations": {
            "count": 16247,
            "rate": 269.74654195363956
        },
        "http_req_tls_handshaking": {
            "med": 0,
            "max": 0,
            "p(90)": 0,
            "p(95)": 0,
            "avg": 0,
            "min": 0
        },
        "http_req_waiting": {
            "min": 69.261741,
            "med": 179.663929,
            "max": 606.972379,
            "p(90)": 199.548787,
            "p(95)": 209.73478009999994,
            "avg": 184.71502716729353
        },
        "http_req_sending": {
            "avg": 0.015516548962885422,
            "min": 0.002204,
            "med": 0.014742,
            "max": 0.495024,
            "p(90)": 0.020189,
            "p(95)": 0.023180399999999997
        },
        "data_received": {
            "count": 25981803,
            "rate": 431372.03871303616
        },
        "http_req_blocked": {
            "p(95)": 0.005397899999999993,
            "avg": 0.0061531708007631965,
            "min": 0.000333,
            "med": 0.003323,
            "max": 0.603801,
            "p(90)": 0.004558
        },
        "http_req_receiving": {
            "med": 0.058802,
            "max": 6.372519,
            "p(90)": 0.0861332,
            "p(95)": 0.11593999999999996,
            "avg": 0.0714240747830368,
            "min": 0.007816
        },
        "http_req_duration{expected_response:true}": {
            "avg": 184.80196779103957,
            "min": 69.464331,
            "med": 179.761468,
            "max": 607.245298,
            "p(90)": 199.6287518,
            "p(95)": 209.80379219999995
        },
        "http_req_duration": {
            "avg": 184.80196779103957,
            "min": 69.464331,
            "med": 179.761468,
            "max": 607.245298,
            "p(90)": 199.6287518,
            "p(95)": 209.80379219999995
        },
        "iteration_duration": {
            "avg": 184.93145075854088,
            "min": 69.616217,
            "med": 179.883776,
            "max": 607.504855,
            "p(90)": 199.7644488,
            "p(95)": 209.92985499999998
        },
        "http_req_failed": {
            "passes": 0,
            "fails": 16247,
            "value": 0
        },
        "vus": {
            "min": 50,
            "max": 50,
            "value": 50
        }
    }
}