{
    "metrics": {
        "http_req_waiting": {
            "avg": 137.63642253858862,
            "min": 87.439782,
            "med": 124.2116065,
            "max": 714.504903,
            "p(90)": 187.5810545,
            "p(95)": 218.83951325
        },
        "http_req_failed": {
            "passes": 0,
            "fails": 43536,
            "value": 0
        },
        "data_sent": {
            "count": 12973728,
            "rate": 215902.22231872307
        },
        "vus": {
            "value": 100,
            "min": 100,
            "max": 100
        },
        "vus_max": {
            "value": 100,
            "min": 100,
            "max": 100
        },
        "iteration_duration": {
            "avg": 137.91300129934004,
            "min": 87.737324,
            "med": 124.44438099999999,
            "max": 715.084711,
            "p(90)": 187.8022685,
            "p(95)": 219.09165475
        },
        "http_req_receiving": {
            "max": 5.188162,
            "p(90)": 0.096337,
            "p(95)": 0.1301705,
            "avg": 0.06916890125413483,
            "min": 0.007401,
            "med": 0.058041
        },
        "http_req_blocked": {
            "max": 37.351226,
            "p(90)": 0.004836,
            "p(95)": 0.005662,
            "avg": 0.023334406697905236,
            "min": 0.000368,
            "med": 0.003383
        },
        "data_received": {
            "rate": 210957.16896424754,
            "count": 12676576
        },
        "iterations": {
            "rate": 724.5041017406814,
            "count": 43536
        },
        "http_req_duration": {
            "max": 714.797196,
            "p(90)": 187.6621735,
            "p(95)": 218.91732775,
            "avg": 137.72764315175917,
            "min": 87.532552,
            "med": 124.2877125
        },
        "http_reqs": {
            "count": 43536,
            "rate": 724.5041017406814
        },
        "http_req_tls_handshaking": {
            "avg": 0,
            "min": 0,
            "med": 0,
            "max": 0,
            "p(90)": 0,
            "p(95)": 0
        },
        "http_req_sending": {
            "max": 7.545142,
            "p(90)": 0.029075999999999998,
            "p(95)": 0.0332345,
            "avg": 0.022051711916574818,
            "min": 0.002732,
            "med": 0.020999
        },
        "http_req_duration{expected_response:true}": {
            "avg": 137.72764315175917,
            "min": 87.532552,
            "med": 124.2877125,
            "max": 714.797196,
            "p(90)": 187.6621735,
            "p(95)": 218.91732775
        },
        "http_req_connecting": {
            "max": 36.836693,
            "p(90)": 0,
            "p(95)": 0,
            "avg": 0.01822217068632858,
            "min": 0,
            "med": 0
        },
        "checks": {
            "passes": 43536,
            "fails": 0,
            "value": 1
        }
    },
    "root_group": {
        "name": "",
        "path": "",
        "id": "d41d8cd98f00b204e9800998ecf8427e",
        "groups": {},
        "checks": {
                "status is 200": {
                    "fails": 0,
                    "name": "status is 200",
                    "path": "::status is 200",
                    "id": "6210a8cd14cd70477eba5c5e4cb3fb5f",
                    "passes": 43536
                }
            }
    }
}