{
    "root_group": {
        "name": "",
        "path": "",
        "id": "d41d8cd98f00b204e9800998ecf8427e",
        "groups": {},
        "checks": {
                "status is 200": {
                    "name": "status is 200",
                    "path": "::status is 200",
                    "id": "6210a8cd14cd70477eba5c5e4cb3fb5f",
                    "passes": 42351,
                    "fails": 0
                }
            }
    },
    "metrics": {
        "vus_max": {
            "value": 200,
            "min": 200,
            "max": 200
        },
        "iteration_duration": {
            "avg": 283.7204590162202,
            "min": 189.843421,
            "med": 256.387516,
            "max": 1191.94179,
            "p(90)": 374.67787,
            "p(95)": 434.312507
        },
        "http_req_sending": {
            "avg": 0.02714823043139465,
            "min": 0.003493,
            "med": 0.021081,
            "max": 36.221002,
            "p(90)": 0.029204,
            "p(95)": 0.033513
        },
        "http_req_waiting": {
            "max": 1190.688674,
            "p(90)": 374.385284,
            "p(95)": 434.016991,
            "avg": 283.41921450688375,
            "min": 189.577308,
            "med": 256.143447
        },
        "http_req_failed": {
            "passes": 0,
            "fails": 42351,
            "value": 0
        },
        "iterations": {
            "count": 42351,
            "rate": 702.8655359389592
        },
        "checks": {
            "passes": 42351,
            "fails": 0,
            "value": 1
        },
        "http_req_blocked": {
            "min": 0.00041,
            "med": 0.003368,
            "max": 36.902121,
            "p(90)": 0.004822,
            "p(95)": 0.0057815,
            "avg": 0.038138213572288866
        },
        "vus": {
            "value": 200,
            "min": 200,
            "max": 200
        },
        "http_req_duration{expected_response:true}": {
            "p(90)": 374.498777,
            "p(95)": 434.118505,
            "avg": 283.51892969665107,
            "min": 189.676351,
            "med": 256.222788,
            "max": 1191.006104
        },
        "http_req_duration": {
            "med": 256.222788,
            "max": 1191.006104,
            "p(90)": 374.498777,
            "p(95)": 434.118505,
            "avg": 283.51892969665107,
            "min": 189.676351
        },
        "data_received": {
            "count": 12331741,
            "rate": 204660.00205486143
        },
        "http_reqs": {
            "count": 42351,
            "rate": 702.8655359389592
        },
        "http_req_connecting": {
            "avg": 0.032329741375646356,
            "min": 0,
            "med": 0,
            "max": 36.849113,
            "p(90)": 0,
            "p(95)": 0
        },
        "http_req_tls_handshaking": {
            "avg": 0,
            "min": 0,
            "med": 0,
            "max": 0,
            "p(90)": 0,
            "p(95)": 0
        },
        "data_sent": {
            "rate": 209453.92970980983,
            "count": 12620598
        },
        "http_req_receiving": {
            "avg": 0.0725669593398032,
            "min": 0.007743,
            "med": 0.058368,
            "max": 10.881065,
            "p(90)": 0.097635,
            "p(95)": 0.1312585
        }
    }
}