{
    "metrics": {
        "http_req_receiving": {
            "max": 4.035015,
            "p(90)": 0.101954,
            "p(95)": 0.136329,
            "avg": 0.06716813070005277,
            "min": 0.006363,
            "med": 0.057518
        },
        "http_req_failed": {
            "passes": 0,
            "fails": 81951,
            "value": 0
        },
        "http_req_duration": {
            "max": 623.052931,
            "p(90)": 45.07885,
            "p(95)": 52.6351795,
            "avg": 36.439663609424784,
            "min": 20.795543,
            "med": 33.14835
        },
        "iteration_duration": {
            "min": 20.86934,
            "med": 33.318042,
            "max": 623.271349,
            "p(90)": 45.242974,
            "p(95)": 52.78978600000001,
            "avg": 36.60355563882061
        },
        "iterations": {
            "count": 81951,
            "rate": 1364.1782669697077
        },
        "http_req_tls_handshaking": {
            "min": 0,
            "med": 0,
            "max": 0,
            "p(90)": 0,
            "p(95)": 0,
            "avg": 0
        },
        "http_req_blocked": {
            "med": 0.003416,
            "max": 0.903394,
            "p(90)": 0.005085,
            "p(95)": 0.005874,
            "avg": 0.0057570441483325045,
            "min": 0.000315
        },
        "http_req_sending": {
            "avg": 0.021243157447743414,
            "min": 0.002252,
            "med": 0.020963,
            "max": 0.974034,
            "p(90)": 0.029774,
            "p(95)": 0.034112
        },
        "vus_max": {
            "min": 50,
            "max": 50,
            "value": 50
        },
        "data_sent": {
            "count": 24421398,
            "rate": 406525.1235569729
        },
        "vus": {
            "min": 50,
            "max": 50,
            "value": 50
        },
        "http_req_connecting": {
            "avg": 0.0015400110309819305,
            "min": 0,
            "med": 0,
            "max": 0.316851,
            "p(90)": 0,
            "p(95)": 0
        },
        "http_reqs": {
            "count": 81951,
            "rate": 1364.1782669697077
        },
        "checks": {
            "passes": 81951,
            "fails": 0,
            "value": 1
        },
        "data_received": {
            "count": 21999544,
            "rate": 366210.29405429866
        },
        "http_req_duration{expected_response:true}": {
            "min": 20.795543,
            "med": 33.14835,
            "max": 623.052931,
            "p(90)": 45.07885,
            "p(95)": 52.6351795,
            "avg": 36.439663609424784
        },
        "http_req_waiting": {
            "min": 20.762252,
            "med": 33.060994,
            "max": 622.976835,
            "p(90)": 45.005443,
            "p(95)": 52.5497435,
            "avg": 36.35125232127742
        }
    },
    "root_group": {
        "path": "",
        "id": "d41d8cd98f00b204e9800998ecf8427e",
        "groups": {},
        "checks": {
                "status is 200": {
                    "name": "status is 200",
                    "path": "::status is 200",
                    "id": "6210a8cd14cd70477eba5c5e4cb3fb5f",
                    "passes": 81951,
                    "fails": 0
                }
            },
        "name": ""
    }
}