{
    "metrics": {
        "http_reqs": {
            "rate": 272.9989248014473,
            "count": 16477
        },
        "http_req_duration{expected_response:true}": {
            "avg": 364.97628177902345,
            "min": 104.53443,
            "med": 354.882223,
            "max": 804.491086,
            "p(90)": 385.80267999999995,
            "p(95)": 423.5750929999999
        },
        "http_req_blocked": {
            "avg": 0.04309209710505594,
            "min": 0.000446,
            "med": 0.003335,
            "max": 32.153918,
            "p(90)": 0.00463,
            "p(95)": 0.005607399999999998
        },
        "data_received": {
            "count": 26348623,
            "rate": 436556.76087872096
        },
        "http_req_connecting": {
            "avg": 0.038994010681556085,
            "min": 0,
            "med": 0,
            "max": 32.120416,
            "p(90)": 0,
            "p(95)": 0
        },
        "iterations": {
            "count": 16477,
            "rate": 272.9989248014473
        },
        "http_req_tls_handshaking": {
            "avg": 0,
            "min": 0,
            "med": 0,
            "max": 0,
            "p(90)": 0,
            "p(95)": 0
        },
        "vus_max": {
            "value": 100,
            "min": 100,
            "max": 100
        },
        "data_sent": {
            "rate": 23477.90753292447,
            "count": 1417022
        },
        "vus": {
            "value": 100,
            "min": 100,
            "max": 100
        },
        "http_req_sending": {
            "min": 0.002417,
            "med": 0.014938,
            "max": 31.834546,
            "p(90)": 0.0207652,
            "p(95)": 0.024148399999999976,
            "avg": 0.019863145536202175
        },
        "http_req_waiting": {
            "avg": 364.881715544516,
            "min": 104.255225,
            "med": 354.80026,
            "max": 803.880496,
            "p(90)": 385.74082319999997,
            "p(95)": 423.4658743999999
        },
        "iteration_duration": {
            "avg": 365.14634021623965,
            "min": 104.739223,
            "med": 355.005923,
            "max": 804.799842,
            "p(90)": 385.9013832,
            "p(95)": 423.7227214
        },
        "http_req_duration": {
            "p(90)": 385.80267999999995,
            "p(95)": 423.5750929999999,
            "avg": 364.97628177902345,
            "min": 104.53443,
            "med": 354.882223,
            "max": 804.491086
        },
        "http_req_failed": {
            "passes": 0,
            "fails": 16477,
            "value": 0
        },
        "http_req_receiving": {
            "max": 8.661586,
            "p(90)": 0.09157420000000001,
            "p(95)": 0.13568859999999996,
            "avg": 0.07470308897250776,
            "min": 0.008668,
            "med": 0.059625
        },
        "checks": {
            "fails": 0,
            "passes": 16477,
            "value": 1
        }
    },
    "root_group": {
        "checks": {
            "status is 200": {
                "path": "::status is 200",
                "id": "6210a8cd14cd70477eba5c5e4cb3fb5f",
                "passes": 16477,
                "fails": 0,
                "name": "status is 200"
            }
        },
        "name": "",
        "path": "",
        "id": "d41d8cd98f00b204e9800998ecf8427e",
        "groups": {}
    }
}