{
    "root_group": {
        "id": "d41d8cd98f00b204e9800998ecf8427e",
        "groups": {},
        "checks": {
                "status is 200": {
                    "name": "status is 200",
                    "path": "::status is 200",
                    "id": "6210a8cd14cd70477eba5c5e4cb3fb5f",
                    "passes": 10742,
                    "fails": 0
                }
            },
        "name": "",
        "path": ""
    },
    "metrics": {
        "iteration_duration": {
            "p(90)": 2912.9697908,
            "p(95)": 3067.0913751499984,
            "avg": 2270.009743685992,
            "min": 274.276337,
            "med": 2333.0864954999997,
            "max": 5377.15929
        },
        "data_received": {
            "rate": 50366.21792419962,
            "count": 3136664
        },
        "http_reqs": {
            "count": 10742,
            "rate": 172.48704768561515
        },
        "http_req_duration": {
            "avg": 2269.536643225557,
            "min": 274.125733,
            "med": 2332.8093985,
            "max": 5376.920343,
            "p(90)": 2912.5611408,
            "p(95)": 3066.8043197499987
        },
        "http_req_receiving": {
            "p(95)": 0.26097289999999834,
            "avg": 0.0981807254701175,
            "min": 0.012123,
            "med": 0.0773865,
            "max": 5.795183,
            "p(90)": 0.15828149999999994
        },
        "vus": {
            "value": 49,
            "min": 49,
            "max": 400
        },
        "http_req_tls_handshaking": {
            "min": 0,
            "med": 0,
            "max": 0,
            "p(90)": 0,
            "p(95)": 0,
            "avg": 0
        },
        "vus_max": {
            "value": 400,
            "min": 400,
            "max": 400
        },
        "http_req_waiting": {
            "med": 2332.6916325,
            "max": 5376.811723,
            "p(90)": 2912.3325766999997,
            "p(95)": 3066.7043694999984,
            "avg": 2269.3644232950182,
            "min": 274.057598
        },
        "http_req_blocked": {
            "p(95)": 0.01271459999999997,
            "avg": 0.263247044218955,
            "min": 0.000697,
            "med": 0.004157,
            "max": 89.946413,
            "p(90)": 0.006803699999999999
        },
        "http_req_sending": {
            "max": 93.511996,
            "p(90)": 0.039004699999999996,
            "p(95)": 0.04945629999999997,
            "avg": 0.07403920508285224,
            "min": 0.004123,
            "med": 0.026562
        },
        "http_req_duration{expected_response:true}": {
            "p(95)": 3066.8043197499987,
            "avg": 2269.536643225557,
            "min": 274.125733,
            "med": 2332.8093985,
            "max": 5376.920343,
            "p(90)": 2912.5611408
        },
        "iterations": {
            "count": 10742,
            "rate": 172.48704768561515
        },
        "http_req_failed": {
            "passes": 0,
            "fails": 10742,
            "value": 0
        },
        "http_req_connecting": {
            "min": 0,
            "med": 0,
            "max": 89.816198,
            "p(90)": 0,
            "p(95)": 0,
            "avg": 0.2513422162539565
        },
        "checks": {
            "passes": 10742,
            "fails": 0,
            "value": 1
        },
        "data_sent": {
            "rate": 51401.140210313315,
            "count": 3201116
        }
    }
}