{
    "root_group": {
        "name": "",
        "path": "",
        "id": "d41d8cd98f00b204e9800998ecf8427e",
        "groups": {},
        "checks": {
                "status is 200": {
                    "name": "status is 200",
                    "path": "::status is 200",
                    "id": "6210a8cd14cd70477eba5c5e4cb3fb5f",
                    "passes": 38039,
                    "fails": 0
                }
            }
    },
    "metrics": {
        "http_req_duration": {
            "min": 38.38554,
            "med": 67.307605,
            "max": 560.187364,
            "p(90)": 118.03087240000002,
            "p(95)": 155.07496919999997,
            "avg": 78.77441124882367
        },
        "checks": {
            "passes": 38039,
            "fails": 0,
            "value": 1
        },
        "vus_max": {
            "value": 50,
            "min": 50,
            "max": 50
        },
        "http_req_duration{expected_response:true}": {
            "avg": 78.77441124882367,
            "min": 38.38554,
            "med": 67.307605,
            "max": 560.187364,
            "p(90)": 118.03087240000002,
            "p(95)": 155.07496919999997
        },
        "data_sent": {
            "count": 11335622,
            "rate": 188282.3851491635
        },
        "http_req_tls_handshaking": {
            "avg": 0,
            "min": 0,
            "med": 0,
            "max": 0,
            "p(90)": 0,
            "p(95)": 0
        },
        "vus": {
            "value": 50,
            "min": 50,
            "max": 50
        },
        "data_received": {
            "count": 11075999,
            "rate": 183970.0997113127
        },
        "iteration_duration": {
            "p(95)": 155.22524869999998,
            "avg": 78.9399195227794,
            "min": 38.588388,
            "med": 67.470798,
            "max": 560.459337,
            "p(90)": 118.21978700000001
        },
        "http_req_waiting": {
            "avg": 78.68332973190665,
            "min": 38.307733,
            "med": 67.222892,
            "max": 560.019825,
            "p(90)": 117.93852000000001,
            "p(95)": 154.9853796
        },
        "iterations": {
            "count": 38039,
            "rate": 631.8200843931662
        },
        "http_req_connecting": {
            "p(95)": 0,
            "avg": 0.0017042446962328148,
            "min": 0,
            "med": 0,
            "max": 0.347982,
            "p(90)": 0
        },
        "http_req_sending": {
            "avg": 0.021621883777175988,
            "min": 0.002611,
            "med": 0.020873,
            "max": 0.606908,
            "p(90)": 0.028840200000000003,
            "p(95)": 0.033004099999999995
        },
        "http_req_receiving": {
            "max": 8.373645,
            "p(90)": 0.09475600000000005,
            "p(95)": 0.12472269999999999,
            "avg": 0.06945963313967198,
            "min": 0.006763,
            "med": 0.057664
        },
        "http_req_blocked": {
            "avg": 0.005899652251636447,
            "min": 0.000374,
            "med": 0.003377,
            "max": 0.43877,
            "p(90)": 0.004805200000000004,
            "p(95)": 0.005625099999999998
        },
        "http_reqs": {
            "count": 38039,
            "rate": 631.8200843931662
        },
        "http_req_failed": {
            "passes": 0,
            "fails": 38039,
            "value": 0
        }
    }
}