{
    "root_group": {
        "id": "d41d8cd98f00b204e9800998ecf8427e",
        "groups": {},
        "checks": {
                "status is 200": {
                    "path": "::status is 200",
                    "id": "6210a8cd14cd70477eba5c5e4cb3fb5f",
                    "passes": 38166,
                    "fails": 0,
                    "name": "status is 200"
                }
            },
        "name": "",
        "path": ""
    },
    "metrics": {
        "http_req_sending": {
            "max": 0.809464,
            "p(90)": 0.028648,
            "p(95)": 0.032608,
            "avg": 0.02157679287847811,
            "min": 0.002529,
            "med": 0.020856
        },
        "checks": {
            "passes": 38166,
            "fails": 0,
            "value": 1
        },
        "vus_max": {
            "value": 50,
            "min": 50,
            "max": 50
        },
        "http_req_duration{expected_response:true}": {
            "p(90)": 123.35727349999999,
            "p(95)": 162.61583625,
            "avg": 78.48125669121684,
            "min": 37.839126,
            "med": 65.64442199999999,
            "max": 503.640702
        },
        "http_req_receiving": {
            "p(90)": 0.0933545,
            "p(95)": 0.122112,
            "avg": 0.07540900796520479,
            "min": 0.007045,
            "med": 0.0573425,
            "max": 9.486082
        },
        "data_sent": {
            "count": 11373468,
            "rate": 189124.699929689
        },
        "http_req_tls_handshaking": {
            "avg": 0,
            "min": 0,
            "med": 0,
            "max": 0,
            "p(90)": 0,
            "p(95)": 0
        },
        "http_req_failed": {
            "passes": 0,
            "fails": 38166,
            "value": 0
        },
        "http_req_blocked": {
            "min": 0.000338,
            "med": 0.003352,
            "max": 0.457964,
            "p(90)": 0.004718,
            "p(95)": 0.005511,
            "avg": 0.00578815526908763
        },
        "http_req_waiting": {
            "p(90)": 123.271535,
            "p(95)": 162.521447,
            "avg": 78.38427089037404,
            "min": 37.74358,
            "med": 65.5601895,
            "max": 503.164153
        },
        "http_req_connecting": {
            "min": 0,
            "med": 0,
            "max": 0.347327,
            "p(90)": 0,
            "p(95)": 0,
            "avg": 0.0016217552795682025
        },
        "iteration_duration": {
            "avg": 78.64747930123659,
            "min": 38.053707,
            "med": 65.8066935,
            "max": 503.958939,
            "p(90)": 123.511819,
            "p(95)": 162.80752875000002
        },
        "http_req_duration": {
            "p(90)": 123.35727349999999,
            "p(95)": 162.61583625,
            "avg": 78.48125669121684,
            "min": 37.839126,
            "med": 65.64442199999999,
            "max": 503.640702
        },
        "data_received": {
            "count": 11112956,
            "rate": 184792.75352353716
        },
        "vus": {
            "value": 50,
            "min": 50,
            "max": 50
        },
        "http_reqs": {
            "count": 38166,
            "rate": 634.6466440593591
        },
        "iterations": {
            "count": 38166,
            "rate": 634.6466440593591
        }
    }
}