{
    "root_group": {
        "name": "",
        "path": "",
        "id": "d41d8cd98f00b204e9800998ecf8427e",
        "groups": {},
        "checks": {
                "status is 200": {
                    "name": "status is 200",
                    "path": "::status is 200",
                    "id": "6210a8cd14cd70477eba5c5e4cb3fb5f",
                    "passes": 92378,
                    "fails": 0
                }
            }
    },
    "metrics": {
        "http_req_duration{expected_response:true}": {
            "max": 504.633319,
            "p(90)": 38.3039215,
            "p(95)": 44.19668645,
            "avg": 32.291102574768665,
            "min": 20.043574,
            "med": 29.97412
        },
        "data_received": {
            "count": 24866782,
            "rate": 414278.03653820633
        },
        "vus_max": {
            "value": 50,
            "min": 50,
            "max": 50
        },
        "http_req_duration": {
            "p(95)": 44.19668645,
            "avg": 32.291102574768665,
            "min": 20.043574,
            "med": 29.97412,
            "max": 504.633319,
            "p(90)": 38.3039215
        },
        "http_req_blocked": {
            "avg": 0.006019625430297303,
            "min": 0.000284,
            "med": 0.003546,
            "max": 0.57769,
            "p(90)": 0.005195,
            "p(95)": 0.005978
        },
        "http_req_connecting": {
            "p(90)": 0,
            "p(95)": 0,
            "avg": 0.0015904879625018953,
            "min": 0,
            "med": 0,
            "max": 0.381227
        },
        "http_req_waiting": {
            "avg": 32.19657494614499,
            "min": 19.972487,
            "med": 29.877864,
            "max": 504.491227,
            "p(90)": 38.20659630000001,
            "p(95)": 44.11817435
        },
        "data_sent": {
            "count": 27528644,
            "rate": 458624.38432440814
        },
        "iterations": {
            "count": 92378,
            "rate": 1539.008001088618
        },
        "http_req_sending": {
            "avg": 0.022639302442140106,
            "min": 0.00233,
            "med": 0.021782,
            "max": 1.958406,
            "p(90)": 0.03071720000000001,
            "p(95)": 0.03536415
        },
        "http_req_receiving": {
            "avg": 0.0718883261815585,
            "min": 0.005582,
            "med": 0.060121,
            "max": 4.27165,
            "p(90)": 0.10776490000000001,
            "p(95)": 0.1453856999999999
        },
        "iteration_duration": {
            "min": 20.169886,
            "med": 30.150464999999997,
            "max": 504.880299,
            "p(90)": 38.475818700000005,
            "p(95)": 44.369204999999994,
            "avg": 32.46480293892475
        },
        "checks": {
            "passes": 92378,
            "fails": 0,
            "value": 1
        },
        "http_reqs": {
            "count": 92378,
            "rate": 1539.008001088618
        },
        "http_req_failed": {
            "passes": 0,
            "fails": 92378,
            "value": 0
        },
        "http_req_tls_handshaking": {
            "avg": 0,
            "min": 0,
            "med": 0,
            "max": 0,
            "p(90)": 0,
            "p(95)": 0
        },
        "vus": {
            "value": 50,
            "min": 50,
            "max": 50
        }
    }
}