{
    "root_group": {
        "checks": {
            "status is 200": {
                "name": "status is 200",
                "path": "::status is 200",
                "id": "6210a8cd14cd70477eba5c5e4cb3fb5f",
                "passes": 87504,
                "fails": 0
            }
        },
        "name": "",
        "path": "",
        "id": "d41d8cd98f00b204e9800998ecf8427e",
        "groups": {}
    },
    "metrics": {
        "http_req_waiting": {
            "p(95)": 378.0949351999999,
            "avg": 274.2770020541106,
            "min": 198.737315,
            "med": 254.91903100000002,
            "max": 1658.537213,
            "p(90)": 334.81132399999996
        },
        "data_sent": {
            "rate": 432768.1635580284,
            "count": 26076192
        },
        "http_req_tls_handshaking": {
            "max": 0,
            "p(90)": 0,
            "p(95)": 0,
            "avg": 0,
            "min": 0,
            "med": 0
        },
        "http_req_sending": {
            "med": 0.021805,
            "max": 36.20927,
            "p(90)": 0.031219,
            "p(95)": 0.03603684999999999,
            "avg": 0.025106573733772036,
            "min": 0.002309
        },
        "iteration_duration": {
            "p(95)": 378.40804219999995,
            "avg": 274.5897133563287,
            "min": 198.877522,
            "med": 255.190891,
            "max": 1669.255358,
            "p(90)": 335.0731844
        },
        "http_req_duration": {
            "max": 1658.635577,
            "p(90)": 334.90027369999996,
            "p(95)": 378.2389308,
            "avg": 274.37430339886777,
            "min": 198.780938,
            "med": 255.0243395
        },
        "http_req_failed": {
            "passes": 0,
            "fails": 87504,
            "value": 0
        },
        "data_received": {
            "count": 23641280,
            "rate": 392357.6467668725
        },
        "iterations": {
            "count": 87504,
            "rate": 1452.2421595906994
        },
        "http_req_duration{expected_response:true}": {
            "max": 1658.635577,
            "p(90)": 334.90027369999996,
            "p(95)": 378.2389308,
            "avg": 274.37430339886777,
            "min": 198.780938,
            "med": 255.0243395
        },
        "http_req_connecting": {
            "min": 0,
            "med": 0,
            "max": 35.341312,
            "p(90)": 0,
            "p(95)": 0,
            "avg": 0.040781431808831654
        },
        "http_req_receiving": {
            "avg": 0.07219477101618188,
            "min": 0.006721,
            "med": 0.0608335,
            "max": 8.535992,
            "p(90)": 0.10684849999999999,
            "p(95)": 0.14061364999999992
        },
        "checks": {
            "passes": 87504,
            "fails": 0,
            "value": 1
        },
        "vus": {
            "value": 400,
            "min": 400,
            "max": 400
        },
        "http_reqs": {
            "count": 87504,
            "rate": 1452.2421595906994
        },
        "vus_max": {
            "value": 400,
            "min": 400,
            "max": 400
        },
        "http_req_blocked": {
            "min": 0.000311,
            "med": 0.003593,
            "max": 36.192445,
            "p(90)": 0.0053656999999999976,
            "p(95)": 0.006339,
            "avg": 0.046209006411135053
        }
    }
}