{
    "metrics": {
        "http_req_failed": {
            "passes": 0,
            "fails": 16180,
            "value": 0
        },
        "http_req_duration{expected_response:true}": {
            "max": 596.716336,
            "p(90)": 198.99155100000002,
            "p(95)": 208.3368673,
            "avg": 185.53719895531498,
            "min": 26.533322,
            "med": 180.756848
        },
        "http_req_tls_handshaking": {
            "avg": 0,
            "min": 0,
            "med": 0,
            "max": 0,
            "p(90)": 0,
            "p(95)": 0
        },
        "data_received": {
            "count": 25874670,
            "rate": 429996.0777389674
        },
        "http_req_blocked": {
            "p(95)": 0.005406,
            "avg": 0.006249618355995013,
            "min": 0.000348,
            "med": 0.0033615,
            "max": 0.513592,
            "p(90)": 0.0046441
        },
        "iterations": {
            "count": 16180,
            "rate": 268.8860007805507
        },
        "http_req_duration": {
            "avg": 185.53719895531498,
            "min": 26.533322,
            "med": 180.756848,
            "max": 596.716336,
            "p(90)": 198.99155100000002,
            "p(95)": 208.3368673
        },
        "iteration_duration": {
            "p(90)": 199.13505519999998,
            "p(95)": 208.43679709999998,
            "avg": 185.66838586563762,
            "min": 26.661542,
            "med": 180.883823,
            "max": 597.002088
        },
        "vus": {
            "min": 50,
            "max": 50,
            "value": 50
        },
        "http_req_waiting": {
            "p(95)": 208.28570275,
            "avg": 185.4432701765146,
            "min": 26.223574,
            "med": 180.673613,
            "max": 596.511447,
            "p(90)": 198.9227214
        },
        "vus_max": {
            "value": 50,
            "min": 50,
            "max": 50
        },
        "http_reqs": {
            "count": 16180,
            "rate": 268.8860007805507
        },
        "http_req_receiving": {
            "avg": 0.07813624122373339,
            "min": 0.008215,
            "med": 0.0603115,
            "max": 5.85188,
            "p(90)": 0.08991980000000001,
            "p(95)": 0.1234769499999998
        },
        "http_req_connecting": {
            "min": 0,
            "med": 0,
            "max": 0.355848,
            "p(90)": 0,
            "p(95)": 0,
            "avg": 0.002026501112484549
        },
        "http_req_sending": {
            "p(90)": 0.0207931,
            "p(95)": 0.0238931,
            "avg": 0.015792537577255898,
            "min": 0.002199,
            "med": 0.015054,
            "max": 0.658615
        },
        "checks": {
            "passes": 16180,
            "fails": 0,
            "value": 1
        },
        "data_sent": {
            "count": 1391480,
            "rate": 23124.196067127363
        }
    },
    "root_group": {
        "name": "",
        "path": "",
        "id": "d41d8cd98f00b204e9800998ecf8427e",
        "groups": {},
        "checks": {
                "status is 200": {
                    "name": "status is 200",
                    "path": "::status is 200",
                    "id": "6210a8cd14cd70477eba5c5e4cb3fb5f",
                    "passes": 16180,
                    "fails": 0
                }
            }
    }
}