{
    "root_group": {
        "name": "",
        "path": "",
        "id": "d41d8cd98f00b204e9800998ecf8427e",
        "groups": {},
        "checks": {
                "status is 200": {
                    "fails": 0,
                    "name": "status is 200",
                    "path": "::status is 200",
                    "id": "6210a8cd14cd70477eba5c5e4cb3fb5f",
                    "passes": 16693
                }
            }
    },
    "metrics": {
        "checks": {
            "passes": 16693,
            "fails": 0,
            "value": 1
        },
        "http_req_receiving": {
            "max": 4.799771,
            "p(90)": 0.0895184,
            "p(95)": 0.11549939999999993,
            "avg": 0.07049107314443169,
            "min": 0.009037,
            "med": 0.060791
        },
        "data_sent": {
            "count": 1435598,
            "rate": 23373.191607739973
        },
        "vus_max": {
            "value": 400,
            "min": 400,
            "max": 400
        },
        "iterations": {
            "count": 16693,
            "rate": 271.7812977644183
        },
        "http_req_connecting": {
            "avg": 0.5937246071407176,
            "min": 0,
            "med": 0,
            "max": 97.011264,
            "p(90)": 0,
            "p(95)": 0
        },
        "iteration_duration": {
            "p(95)": 1598.65619,
            "avg": 1452.81705235146,
            "min": 475.091362,
            "med": 1445.089951,
            "max": 2706.282518,
            "p(90)": 1537.1537492
        },
        "vus": {
            "value": 130,
            "min": 130,
            "max": 400
        },
        "http_req_tls_handshaking": {
            "p(95)": 0,
            "avg": 0,
            "min": 0,
            "med": 0,
            "max": 0,
            "p(90)": 0
        },
        "http_req_sending": {
            "p(90)": 0.0211636,
            "p(95)": 0.0249572,
            "avg": 0.1862112214101705,
            "min": 0.002512,
            "med": 0.014978,
            "max": 63.890874
        },
        "http_req_failed": {
            "passes": 0,
            "fails": 16693,
            "value": 0
        },
        "data_received": {
            "count": 26692107,
            "rate": 434578.2951253049
        },
        "http_req_duration": {
            "max": 2705.963704,
            "p(90)": 1537.0260472,
            "p(95)": 1598.5375176,
            "avg": 1451.9609332099656,
            "min": 475.003183,
            "med": 1444.960753
        },
        "http_reqs": {
            "count": 16693,
            "rate": 271.7812977644183
        },
        "http_req_duration{expected_response:true}": {
            "avg": 1451.9609332099656,
            "min": 475.003183,
            "med": 1444.960753,
            "max": 2705.963704,
            "p(90)": 1537.0260472,
            "p(95)": 1598.5375176
        },
        "http_req_blocked": {
            "max": 98.193486,
            "p(90)": 0.004826600000000002,
            "p(95)": 0.0068541999999999935,
            "avg": 0.6790429617803934,
            "min": 0.000377,
            "med": 0.003326
        },
        "http_req_waiting": {
            "min": 474.952094,
            "med": 1444.880365,
            "max": 2705.865486,
            "p(90)": 1536.9457618000001,
            "p(95)": 1598.4628766,
            "avg": 1451.7042309154165
        }
    }
}