{
    "root_group": {
        "groups": {},
        "checks": {
                "status is 200": {
                    "name": "status is 200",
                    "path": "::status is 200",
                    "id": "6210a8cd14cd70477eba5c5e4cb3fb5f",
                    "passes": 16289,
                    "fails": 0
                }
            },
        "name": "",
        "path": "",
        "id": "d41d8cd98f00b204e9800998ecf8427e"
    },
    "metrics": {
        "vus_max": {
            "value": 50,
            "min": 50,
            "max": 50
        },
        "http_req_duration": {
            "avg": 184.31778289256494,
            "min": 37.010153,
            "med": 180.801357,
            "max": 568.271488,
            "p(90)": 195.4818418,
            "p(95)": 201.7392802
        },
        "http_req_sending": {
            "p(95)": 0.022643999999999977,
            "avg": 0.01534237559088957,
            "min": 0.002583,
            "med": 0.014664,
            "max": 0.338963,
            "p(90)": 0.0198212
        },
        "iterations": {
            "count": 16289,
            "rate": 270.463156795364
        },
        "http_req_blocked": {
            "p(90)": 0.004511,
            "p(95)": 0.005295,
            "avg": 0.006045237706427674,
            "min": 0.000365,
            "med": 0.003302,
            "max": 0.449856
        },
        "http_reqs": {
            "count": 16289,
            "rate": 270.463156795364
        },
        "http_req_failed": {
            "passes": 0,
            "fails": 16289,
            "value": 0
        },
        "checks": {
            "passes": 16289,
            "fails": 0,
            "value": 1
        },
        "data_sent": {
            "count": 1400854,
            "rate": 23259.831484401304
        },
        "http_req_tls_handshaking": {
            "min": 0,
            "med": 0,
            "max": 0,
            "p(90)": 0,
            "p(95)": 0,
            "avg": 0
        },
        "http_req_duration{expected_response:true}": {
            "avg": 184.31778289256494,
            "min": 37.010153,
            "med": 180.801357,
            "max": 568.271488,
            "p(90)": 195.4818418,
            "p(95)": 201.7392802
        },
        "http_req_waiting": {
            "avg": 184.23017728663498,
            "min": 36.767588,
            "med": 180.717294,
            "max": 568.030653,
            "p(90)": 195.4028812,
            "p(95)": 201.66077839999997
        },
        "vus": {
            "value": 50,
            "min": 50,
            "max": 50
        },
        "http_req_connecting": {
            "med": 0,
            "max": 0.351718,
            "p(90)": 0,
            "p(95)": 0,
            "avg": 0.0019308041623181287,
            "min": 0
        },
        "iteration_duration": {
            "avg": 184.44513178439487,
            "min": 37.099431,
            "med": 180.923175,
            "max": 568.518377,
            "p(90)": 195.6143106,
            "p(95)": 201.92035719999993
        },
        "http_req_receiving": {
            "med": 0.058394,
            "max": 12.873017,
            "p(90)": 0.08629040000000002,
            "p(95)": 0.1155611999999999,
            "avg": 0.07226323033949247,
            "min": 0.008386
        },
        "data_received": {
            "count": 26048961,
            "rate": 432517.90922090504
        }
    }
}