{
    "root_group": {
        "name": "",
        "path": "",
        "id": "d41d8cd98f00b204e9800998ecf8427e",
        "groups": {},
        "checks": {
                "status is 200": {
                    "path": "::status is 200",
                    "id": "6210a8cd14cd70477eba5c5e4cb3fb5f",
                    "passes": 12265,
                    "fails": 0,
                    "name": "status is 200"
                }
            }
    },
    "metrics": {
        "data_sent": {
            "rate": 60551.20476037785,
            "count": 3654970
        },
        "http_req_sending": {
            "max": 0.420975,
            "p(90)": 0.03302460000000001,
            "p(95)": 0.03733319999999999,
            "avg": 0.023873726865063165,
            "min": 0.003107,
            "med": 0.023238
        },
        "http_req_receiving": {
            "p(95)": 0.22721219999999998,
            "avg": 0.08574697904606621,
            "min": 0.008435,
            "med": 0.066519,
            "max": 6.398985,
            "p(90)": 0.1387222
        },
        "vus": {
            "value": 50,
            "min": 50,
            "max": 50
        },
        "iterations": {
            "count": 12265,
            "rate": 203.19196228314712
        },
        "http_reqs": {
            "count": 12265,
            "rate": 203.19196228314712
        },
        "http_req_duration{expected_response:true}": {
            "avg": 245.1457280699553,
            "min": 23.657757,
            "med": 231.451126,
            "max": 693.254586,
            "p(90)": 344.0567668,
            "p(95)": 390.8006995999999
        },
        "iteration_duration": {
            "p(90)": 344.286667,
            "p(95)": 390.92965339999995,
            "avg": 245.32933677953636,
            "min": 23.872355,
            "med": 231.638346,
            "max": 693.493181
        },
        "http_req_blocked": {
            "min": 0.000425,
            "med": 0.00363,
            "max": 0.615091,
            "p(90)": 0.005204,
            "p(95)": 0.006193599999999999,
            "avg": 0.006586911455360753
        },
        "http_req_connecting": {
            "avg": 0.002004806767223807,
            "min": 0,
            "med": 0,
            "max": 0.381201,
            "p(90)": 0,
            "p(95)": 0
        },
        "checks": {
            "passes": 12265,
            "fails": 0,
            "value": 1
        },
        "http_req_waiting": {
            "max": 693.132895,
            "p(90)": 343.9763504,
            "p(95)": 390.5442756,
            "avg": 245.03610736404474,
            "min": 23.564638,
            "med": 231.35196
        },
        "data_received": {
            "count": 3547644,
            "rate": 58773.154981005566
        },
        "http_req_tls_handshaking": {
            "avg": 0,
            "min": 0,
            "med": 0,
            "max": 0,
            "p(90)": 0,
            "p(95)": 0
        },
        "vus_max": {
            "value": 50,
            "min": 50,
            "max": 50
        },
        "http_req_duration": {
            "avg": 245.1457280699553,
            "min": 23.657757,
            "med": 231.451126,
            "max": 693.254586,
            "p(90)": 344.0567668,
            "p(95)": 390.8006995999999
        },
        "http_req_failed": {
            "passes": 0,
            "fails": 12265,
            "value": 0
        }
    }
}