{
    "metrics": {
        "iteration_duration": {
            "max": 625.033758,
            "p(90)": 241.9466455,
            "p(95)": 262.270149,
            "avg": 217.65949044321198,
            "min": 30.530189,
            "med": 212.99732649999999
        },
        "http_reqs": {
            "count": 13806,
            "rate": 229.32295019078015
        },
        "checks": {
            "passes": 13806,
            "fails": 0,
            "value": 1
        },
        "http_req_connecting": {
            "min": 0,
            "med": 0,
            "max": 0.487007,
            "p(90)": 0,
            "p(95)": 0,
            "avg": 0.0018741859336520355
        },
        "vus_max": {
            "value": 50,
            "min": 50,
            "max": 50
        },
        "iterations": {
            "count": 13806,
            "rate": 229.32295019078015
        },
        "http_req_tls_handshaking": {
            "p(90)": 0,
            "p(95)": 0,
            "avg": 0,
            "min": 0,
            "med": 0,
            "max": 0
        },
        "http_req_receiving": {
            "avg": 0.09111146139359698,
            "min": 0.008578,
            "med": 0.070962,
            "max": 6.291325,
            "p(90)": 0.1478355,
            "p(95)": 0.23987025
        },
        "http_req_duration": {
            "min": 30.468411,
            "med": 212.851049,
            "max": 624.918192,
            "p(90)": 241.803549,
            "p(95)": 262.11154625,
            "avg": 217.51260592575716
        },
        "vus": {
            "value": 50,
            "min": 50,
            "max": 50
        },
        "http_req_duration{expected_response:true}": {
            "med": 212.851049,
            "max": 624.918192,
            "p(90)": 241.803549,
            "p(95)": 262.11154625,
            "avg": 217.51260592575716,
            "min": 30.468411
        },
        "http_req_failed": {
            "passes": 0,
            "fails": 13806,
            "value": 0
        },
        "http_req_blocked": {
            "p(90)": 0.005319,
            "p(95)": 0.00639,
            "avg": 0.006430133058090637,
            "min": 0.000392,
            "med": 0.0037315,
            "max": 0.610987
        },
        "http_req_sending": {
            "max": 0.233793,
            "p(90)": 0.024112,
            "p(95)": 0.02788525,
            "avg": 0.017692065840938766,
            "min": 0.002268,
            "med": 0.016816
        },
        "http_req_waiting": {
            "min": 30.4315,
            "med": 212.7543465,
            "max": 624.762226,
            "p(90)": 241.7059895,
            "p(95)": 261.9822345,
            "avg": 217.40380239852155
        },
        "data_received": {
            "rate": 366718.9570831005,
            "count": 22077694
        },
        "data_sent": {
            "count": 1187316,
            "rate": 19721.773716407093
        }
    },
    "root_group": {
        "name": "",
        "path": "",
        "id": "d41d8cd98f00b204e9800998ecf8427e",
        "groups": {},
        "checks": {
                "status is 200": {
                    "name": "status is 200",
                    "path": "::status is 200",
                    "id": "6210a8cd14cd70477eba5c5e4cb3fb5f",
                    "passes": 13806,
                    "fails": 0
                }
            }
    }
}