{
    "root_group": {
        "path": "",
        "id": "d41d8cd98f00b204e9800998ecf8427e",
        "groups": {},
        "checks": {
                "status is 200": {
                    "id": "6210a8cd14cd70477eba5c5e4cb3fb5f",
                    "passes": 14929,
                    "fails": 0,
                    "name": "status is 200",
                    "path": "::status is 200"
                }
            },
        "name": ""
    },
    "metrics": {
        "http_reqs": {
            "count": 14929,
            "rate": 247.69937374587442
        },
        "http_req_duration{expected_response:true}": {
            "avg": 201.14884234791367,
            "min": 40.1024,
            "med": 196.199357,
            "max": 641.036386,
            "p(90)": 215.39140400000002,
            "p(95)": 223.4581868
        },
        "data_sent": {
            "count": 1283894,
            "rate": 21302.1461421452
        },
        "http_req_blocked": {
            "p(90)": 0.004531200000000001,
            "p(95)": 0.005258199999999997,
            "avg": 0.0056182128742715415,
            "min": 0.000347,
            "med": 0.003319,
            "max": 0.643161
        },
        "http_req_failed": {
            "passes": 0,
            "fails": 14929,
            "value": 0
        },
        "vus": {
            "value": 50,
            "min": 50,
            "max": 50
        },
        "http_req_sending": {
            "avg": 0.015496514635943467,
            "min": 0.002432,
            "med": 0.014819,
            "max": 0.416651,
            "p(90)": 0.019994400000000002,
            "p(95)": 0.02276599999999999
        },
        "vus_max": {
            "value": 50,
            "min": 50,
            "max": 50
        },
        "http_req_receiving": {
            "max": 2.198984,
            "p(90)": 0.08668740000000004,
            "p(95)": 0.11818419999999982,
            "avg": 0.06835420302766419,
            "min": 0.009189,
            "med": 0.059276
        },
        "checks": {
            "passes": 14929,
            "fails": 0,
            "value": 1
        },
        "http_req_duration": {
            "p(95)": 223.4581868,
            "avg": 201.14884234791367,
            "min": 40.1024,
            "med": 196.199357,
            "max": 641.036386,
            "p(90)": 215.39140400000002
        },
        "data_received": {
            "count": 23873637,
            "rate": 396107.2365152613
        },
        "http_req_waiting": {
            "avg": 201.06499163025015,
            "min": 39.823429,
            "med": 196.106705,
            "max": 640.765747,
            "p(90)": 215.3278846,
            "p(95)": 223.3729352
        },
        "iterations": {
            "rate": 247.69937374587442,
            "count": 14929
        },
        "iteration_duration": {
            "p(90)": 215.5211796,
            "p(95)": 223.5873216,
            "avg": 201.27858011092425,
            "min": 40.236951,
            "med": 196.324883,
            "max": 641.307395
        },
        "http_req_connecting": {
            "p(90)": 0,
            "p(95)": 0,
            "avg": 0.0015508013262777148,
            "min": 0,
            "med": 0,
            "max": 0.602154
        },
        "http_req_tls_handshaking": {
            "med": 0,
            "max": 0,
            "p(90)": 0,
            "p(95)": 0,
            "avg": 0,
            "min": 0
        }
    }
}