{
    "root_group": {
        "id": "d41d8cd98f00b204e9800998ecf8427e",
        "groups": {},
        "checks": {
                "status is 200": {
                    "name": "status is 200",
                    "path": "::status is 200",
                    "id": "6210a8cd14cd70477eba5c5e4cb3fb5f",
                    "passes": 11704,
                    "fails": 0
                }
            },
        "name": "",
        "path": ""
    },
    "metrics": {
        "http_req_tls_handshaking": {
            "med": 0,
            "max": 0,
            "p(90)": 0,
            "p(95)": 0,
            "avg": 0,
            "min": 0
        },
        "http_req_blocked": {
            "min": 0.000451,
            "med": 0.003809,
            "max": 43.27289,
            "p(90)": 0.005498400000000001,
            "p(95)": 0.007088250000000002,
            "avg": 0.12982906544771125
        },
        "http_req_duration{expected_response:true}": {
            "max": 3423.358183,
            "p(90)": 1110.0820056,
            "p(95)": 1156.0065251,
            "avg": 1033.6197830830506,
            "min": 36.089387,
            "med": 1018.723612
        },
        "http_req_sending": {
            "avg": 0.03840015755297325,
            "min": 0.003022,
            "med": 0.0172225,
            "max": 43.182019,
            "p(90)": 0.025311600000000004,
            "p(95)": 0.03010325000000002
        },
        "data_received": {
            "count": 18714696,
            "rate": 306175.4584336354
        },
        "http_req_failed": {
            "passes": 0,
            "fails": 11704,
            "value": 0
        },
        "data_sent": {
            "count": 1006544,
            "rate": 16467.222905123606
        },
        "vus": {
            "value": 13,
            "min": 13,
            "max": 200
        },
        "vus_max": {
            "value": 200,
            "min": 200,
            "max": 200
        },
        "http_req_waiting": {
            "avg": 1033.4844961945503,
            "min": 35.906688,
            "med": 1018.6134115,
            "max": 3422.50723,
            "p(90)": 1109.9692361,
            "p(95)": 1155.8940791500002
        },
        "http_reqs": {
            "count": 11704,
            "rate": 191.47933610608843
        },
        "http_req_connecting": {
            "min": 0,
            "med": 0,
            "max": 43.1722,
            "p(90)": 0,
            "p(95)": 0,
            "avg": 0.1235018821770335
        },
        "http_req_receiving": {
            "min": 0.011585,
            "med": 0.072861,
            "max": 4.171574,
            "p(90)": 0.15227080000000007,
            "p(95)": 0.26688080000000014,
            "avg": 0.0968867309466852
        },
        "checks": {
            "passes": 11704,
            "fails": 0,
            "value": 1
        },
        "iteration_duration": {
            "p(90)": 1110.2537224999999,
            "p(95)": 1156.3685823,
            "avg": 1033.8996925111978,
            "min": 36.202575,
            "med": 1018.910954,
            "max": 3423.814704
        },
        "iterations": {
            "count": 11704,
            "rate": 191.47933610608843
        },
        "http_req_duration": {
            "avg": 1033.6197830830506,
            "min": 36.089387,
            "med": 1018.723612,
            "max": 3423.358183,
            "p(90)": 1110.0820056,
            "p(95)": 1156.0065251
        }
    }
}