{
    "root_group": {
        "name": "",
        "path": "",
        "id": "d41d8cd98f00b204e9800998ecf8427e",
        "groups": {},
        "checks": {
                "status is 200": {
                    "fails": 0,
                    "name": "status is 200",
                    "path": "::status is 200",
                    "id": "6210a8cd14cd70477eba5c5e4cb3fb5f",
                    "passes": 12460
                }
            }
    },
    "metrics": {
        "http_reqs": {
            "count": 12460,
            "rate": 204.54474827248134
        },
        "iterations": {
            "count": 12460,
            "rate": 204.54474827248134
        },
        "http_req_duration{expected_response:true}": {
            "avg": 969.5508968804996,
            "min": 23.318002,
            "med": 926.5487835,
            "max": 2727.90644,
            "p(90)": 1324.4519739,
            "p(95)": 1464.3270332499999
        },
        "http_req_failed": {
            "passes": 0,
            "fails": 12460,
            "value": 0
        },
        "data_received": {
            "count": 3625860,
            "rate": 59522.52174729207
        },
        "checks": {
            "passes": 12460,
            "fails": 0,
            "value": 1
        },
        "http_req_connecting": {
            "avg": 0.12001956934189406,
            "min": 0,
            "med": 0,
            "max": 45.254414,
            "p(90)": 0,
            "p(95)": 0
        },
        "http_req_duration": {
            "med": 926.5487835,
            "max": 2727.90644,
            "p(90)": 1324.4519739,
            "p(95)": 1464.3270332499999,
            "avg": 969.5508968804996,
            "min": 23.318002
        },
        "http_req_waiting": {
            "min": 23.148646,
            "med": 926.4651590000001,
            "max": 2727.834257,
            "p(90)": 1324.371709,
            "p(95)": 1464.2164126499997,
            "avg": 969.4287545653294
        },
        "http_req_blocked": {
            "avg": 0.12516020280898868,
            "min": 0.000468,
            "med": 0.003596,
            "max": 45.321661,
            "p(90)": 0.0053021000000000006,
            "p(95)": 0.006610149999999998
        },
        "http_req_tls_handshaking": {
            "max": 0,
            "p(90)": 0,
            "p(95)": 0,
            "avg": 0,
            "min": 0,
            "med": 0
        },
        "iteration_duration": {
            "p(90)": 1325.0067602000001,
            "p(95)": 1464.56075335,
            "avg": 969.8599826048953,
            "min": 23.439259,
            "med": 926.759656,
            "max": 2728.047637
        },
        "http_req_sending": {
            "avg": 0.03412842303370811,
            "min": 0.003482,
            "med": 0.023138,
            "max": 44.299201,
            "p(90)": 0.033320300000000004,
            "p(95)": 0.038449199999999996
        },
        "data_sent": {
            "count": 3713080,
            "rate": 60954.33498519944
        },
        "vus": {
            "value": 200,
            "min": 200,
            "max": 200
        },
        "http_req_receiving": {
            "med": 0.06627949999999999,
            "max": 4.468554,
            "p(90)": 0.13840460000000002,
            "p(95)": 0.23971894999999993,
            "avg": 0.08801389213483145,
            "min": 0.010654
        },
        "vus_max": {
            "value": 200,
            "min": 200,
            "max": 200
        }
    }
}