{
    "metrics": {
        "http_req_connecting": {
            "p(90)": 0,
            "p(95)": 0,
            "avg": 0.020212646255947906,
            "min": 0,
            "med": 0,
            "max": 38.703785
        },
        "http_req_waiting": {
            "min": 86.730104,
            "med": 130.79898550000001,
            "max": 844.967987,
            "p(90)": 217.9316527,
            "p(95)": 256.5206029499995,
            "avg": 150.1253712878535
        },
        "vus_max": {
            "value": 100,
            "min": 100,
            "max": 100
        },
        "http_req_duration": {
            "avg": 150.22230447493038,
            "min": 86.809413,
            "med": 130.8928185,
            "max": 845.450005,
            "p(90)": 218.06172429999995,
            "p(95)": 256.6183117499995
        },
        "vus": {
            "value": 100,
            "min": 100,
            "max": 100
        },
        "data_sent": {
            "count": 11899140,
            "rate": 197955.70976786216
        },
        "http_req_tls_handshaking": {
            "avg": 0,
            "min": 0,
            "med": 0,
            "max": 0,
            "p(90)": 0,
            "p(95)": 0
        },
        "checks": {
            "fails": 0,
            "passes": 39930,
            "value": 1
        },
        "http_req_failed": {
            "passes": 0,
            "fails": 39930,
            "value": 0
        },
        "http_req_blocked": {
            "avg": 0.030235083195592607,
            "min": 0.000377,
            "med": 0.003386,
            "max": 39.399,
            "p(90)": 0.004828,
            "p(95)": 0.005657
        },
        "data_received": {
            "rate": 193415.4254748195,
            "count": 11626223
        },
        "http_reqs": {
            "rate": 664.2809052612824,
            "count": 39930
        },
        "http_req_duration{expected_response:true}": {
            "avg": 150.22230447493038,
            "min": 86.809413,
            "med": 130.8928185,
            "max": 845.450005,
            "p(90)": 218.06172429999995,
            "p(95)": 256.6183117499995
        },
        "http_req_sending": {
            "med": 0.0210205,
            "max": 37.557677,
            "p(90)": 0.0291311,
            "p(95)": 0.03309829999999997,
            "avg": 0.026363673403455846,
            "min": 0.003028
        },
        "iteration_duration": {
            "med": 131.061456,
            "max": 859.426075,
            "p(90)": 218.2053045,
            "p(95)": 256.8132155499995,
            "avg": 150.4146175166287,
            "min": 86.977494
        },
        "http_req_receiving": {
            "max": 6.521139,
            "p(90)": 0.09554449999999999,
            "p(95)": 0.12655619999999998,
            "avg": 0.07056951367392987,
            "min": 0.007909,
            "med": 0.0578425
        },
        "iterations": {
            "rate": 664.2809052612824,
            "count": 39930
        }
    },
    "root_group": {
        "id": "d41d8cd98f00b204e9800998ecf8427e",
        "groups": {},
        "checks": {
                "status is 200": {
                    "name": "status is 200",
                    "path": "::status is 200",
                    "id": "6210a8cd14cd70477eba5c5e4cb3fb5f",
                    "passes": 39930,
                    "fails": 0
                }
            },
        "name": "",
        "path": ""
    }
}