{
    "metrics": {
        "http_req_duration": {
            "med": 87.68636599999999,
            "max": 881.571587,
            "p(90)": 175.2276034,
            "p(95)": 207.02211954999999,
            "avg": 108.03046304235838,
            "min": 11.364308
        },
        "http_req_waiting": {
            "p(90)": 175.1195876,
            "p(95)": 206.95518819999992,
            "avg": 107.93541769154287,
            "min": 11.326439,
            "med": 87.591054,
            "max": 881.465335
        },
        "http_req_connecting": {
            "p(95)": 0,
            "avg": 0.0016171389569226344,
            "min": 0,
            "med": 0,
            "max": 0.360115,
            "p(90)": 0
        },
        "checks": {
            "passes": 27764,
            "fails": 0,
            "value": 1
        },
        "data_received": {
            "count": 7445502,
            "rate": 123724.86188003722
        },
        "iterations": {
            "count": 27764,
            "rate": 461.36540762964717
        },
        "http_req_failed": {
            "passes": 0,
            "fails": 27764,
            "value": 0
        },
        "iteration_duration": {
            "min": 11.435124,
            "med": 87.8462885,
            "max": 881.77901,
            "p(90)": 175.4095914,
            "p(95)": 207.12249564999996,
            "avg": 108.1930772933657
        },
        "http_req_sending": {
            "avg": 0.021255057088315644,
            "min": 0.002591,
            "med": 0.0214295,
            "max": 0.309297,
            "p(90)": 0.030022700000000003,
            "p(95)": 0.033724849999999994
        },
        "http_req_tls_handshaking": {
            "max": 0,
            "p(90)": 0,
            "p(95)": 0,
            "avg": 0,
            "min": 0,
            "med": 0
        },
        "vus_max": {
            "value": 50,
            "min": 50,
            "max": 50
        },
        "http_req_receiving": {
            "avg": 0.07379029372568734,
            "min": 0.006774,
            "med": 0.0607925,
            "max": 5.145133,
            "p(90)": 0.1177026,
            "p(95)": 0.17528724999999998
        },
        "http_reqs": {
            "count": 27764,
            "rate": 461.36540762964717
        },
        "http_req_blocked": {
            "max": 0.538744,
            "p(90)": 0.004862,
            "p(95)": 0.0056478499999999985,
            "avg": 0.0057502452096240145,
            "min": 0.000295,
            "med": 0.003448
        },
        "vus": {
            "value": 50,
            "min": 50,
            "max": 50
        },
        "data_sent": {
            "count": 8273672,
            "rate": 137486.89147363487
        },
        "http_req_duration{expected_response:true}": {
            "max": 881.571587,
            "p(90)": 175.2276034,
            "p(95)": 207.02211954999999,
            "avg": 108.03046304235838,
            "min": 11.364308,
            "med": 87.68636599999999
        }
    },
    "root_group": {
        "name": "",
        "path": "",
        "id": "d41d8cd98f00b204e9800998ecf8427e",
        "groups": {},
        "checks": {
                "status is 200": {
                    "name": "status is 200",
                    "path": "::status is 200",
                    "id": "6210a8cd14cd70477eba5c5e4cb3fb5f",
                    "passes": 27764,
                    "fails": 0
                }
            }
    }
}