{
    "metrics": {
        "http_reqs": {
            "count": 83139,
            "rate": 1378.9939742066522
        },
        "iteration_duration": {
            "max": 1763.220137,
            "p(90)": 389.5125344,
            "p(95)": 450.7596422999999,
            "avg": 289.2208816710174,
            "min": 162.308192,
            "med": 260.947247
        },
        "http_req_duration{expected_response:true}": {
            "avg": 289.00605108631004,
            "min": 162.111765,
            "med": 260.778288,
            "max": 1755.30748,
            "p(90)": 389.35355580000004,
            "p(95)": 450.57818979999996
        },
        "checks": {
            "passes": 83139,
            "fails": 0,
            "value": 1
        },
        "vus_max": {
            "min": 400,
            "max": 400,
            "value": 400
        },
        "http_req_receiving": {
            "avg": 0.07097824793418323,
            "min": 0.00611,
            "med": 0.060224,
            "max": 5.936196,
            "p(90)": 0.10590259999999994,
            "p(95)": 0.13904159999999996
        },
        "data_received": {
            "count": 22462730,
            "rate": 372580.4894722211
        },
        "http_req_sending": {
            "max": 76.725703,
            "p(90)": 0.03118159999999999,
            "p(95)": 0.036109,
            "avg": 0.0309929746689283,
            "min": 0.002209,
            "med": 0.021764
        },
        "vus": {
            "value": 400,
            "min": 400,
            "max": 400
        },
        "http_req_connecting": {
            "med": 0,
            "max": 54.296018,
            "p(90)": 0,
            "p(95)": 0,
            "avg": 0.02838829924584131,
            "min": 0
        },
        "http_req_tls_handshaking": {
            "avg": 0,
            "min": 0,
            "med": 0,
            "max": 0,
            "p(90)": 0,
            "p(95)": 0
        },
        "http_req_duration": {
            "p(90)": 389.35355580000004,
            "p(95)": 450.57818979999996,
            "avg": 289.00605108631004,
            "min": 162.111765,
            "med": 260.778288,
            "max": 1755.30748
        },
        "iterations": {
            "count": 83139,
            "rate": 1378.9939742066522
        },
        "http_req_blocked": {
            "min": 0.000279,
            "med": 0.003568,
            "max": 55.075438,
            "p(90)": 0.005355,
            "p(95)": 0.006323,
            "avg": 0.04618532227955553
        },
        "http_req_waiting": {
            "avg": 288.9040798637081,
            "min": 161.933173,
            "med": 260.688257,
            "max": 1755.262576,
            "p(90)": 389.2699599999999,
            "p(95)": 450.48857499999986
        },
        "http_req_failed": {
            "passes": 0,
            "fails": 83139,
            "value": 0
        },
        "data_sent": {
            "count": 24775422,
            "rate": 410940.20431358233
        }
    },
    "root_group": {
        "checks": {
            "status is 200": {
                "id": "6210a8cd14cd70477eba5c5e4cb3fb5f",
                "passes": 83139,
                "fails": 0,
                "name": "status is 200",
                "path": "::status is 200"
            }
        },
        "name": "",
        "path": "",
        "id": "d41d8cd98f00b204e9800998ecf8427e",
        "groups": {}
    }
}