{
    "metrics": {
        "iteration_duration": {
            "max": 658.349987,
            "p(90)": 234.641028,
            "p(95)": 243.9290393,
            "avg": 210.76968117699252,
            "min": 168.133396,
            "med": 206.935398
        },
        "http_req_failed": {
            "passes": 0,
            "fails": 14255,
            "value": 0
        },
        "vus_max": {
            "value": 50,
            "min": 50,
            "max": 50
        },
        "http_req_duration": {
            "p(95)": 243.8153572,
            "avg": 210.63756495243723,
            "min": 168.019558,
            "med": 206.817419,
            "max": 658.061668,
            "p(90)": 234.5110488
        },
        "http_req_duration{expected_response:true}": {
            "avg": 210.63756495243723,
            "min": 168.019558,
            "med": 206.817419,
            "max": 658.061668,
            "p(90)": 234.5110488,
            "p(95)": 243.8153572
        },
        "http_req_tls_handshaking": {
            "avg": 0,
            "min": 0,
            "med": 0,
            "max": 0,
            "p(90)": 0,
            "p(95)": 0
        },
        "checks": {
            "passes": 14255,
            "fails": 0,
            "value": 1
        },
        "data_received": {
            "count": 22795645,
            "rate": 378763.84524574684
        },
        "http_req_blocked": {
            "max": 0.722407,
            "p(90)": 0.0048082,
            "p(95)": 0.005671,
            "avg": 0.0056947104875482,
            "min": 0.00034,
            "med": 0.003417
        },
        "data_sent": {
            "count": 1225930,
            "rate": 20369.590805705142
        },
        "iterations": {
            "count": 14255,
            "rate": 236.85570704308304
        },
        "http_req_sending": {
            "p(90)": 0.021227000000000006,
            "p(95)": 0.024553499999999995,
            "avg": 0.015969787162399135,
            "min": 0.002177,
            "med": 0.01504,
            "max": 0.99488
        },
        "http_req_connecting": {
            "avg": 0.0015120751315327954,
            "min": 0,
            "med": 0,
            "max": 0.439608,
            "p(90)": 0,
            "p(95)": 0
        },
        "http_req_receiving": {
            "max": 2.510377,
            "p(90)": 0.0943558,
            "p(95)": 0.13396989999999998,
            "avg": 0.07169277137846358,
            "min": 0.008178,
            "med": 0.060519
        },
        "vus": {
            "value": 50,
            "min": 50,
            "max": 50
        },
        "http_reqs": {
            "count": 14255,
            "rate": 236.85570704308304
        },
        "http_req_waiting": {
            "avg": 210.5499023938964,
            "min": 167.923966,
            "med": 206.723659,
            "max": 657.775479,
            "p(90)": 234.4259606,
            "p(95)": 243.7588892
        }
    },
    "root_group": {
        "name": "",
        "path": "",
        "id": "d41d8cd98f00b204e9800998ecf8427e",
        "groups": {},
        "checks": {
                "status is 200": {
                    "path": "::status is 200",
                    "id": "6210a8cd14cd70477eba5c5e4cb3fb5f",
                    "passes": 14255,
                    "fails": 0,
                    "name": "status is 200"
                }
            }
    }
}