{
    "root_group": {
        "id": "d41d8cd98f00b204e9800998ecf8427e",
        "groups": {},
        "checks": {
                "status is 200": {
                    "name": "status is 200",
                    "path": "::status is 200",
                    "id": "6210a8cd14cd70477eba5c5e4cb3fb5f",
                    "passes": 34869,
                    "fails": 0
                }
            },
        "name": "",
        "path": ""
    },
    "metrics": {
        "data_received": {
            "count": 9385841,
            "rate": 156237.27778003944
        },
        "iterations": {
            "count": 34869,
            "rate": 580.4314859917396
        },
        "vus_max": {
            "value": 50,
            "min": 50,
            "max": 50
        },
        "http_req_tls_handshaking": {
            "p(95)": 0,
            "avg": 0,
            "min": 0,
            "med": 0,
            "max": 0,
            "p(90)": 0
        },
        "checks": {
            "passes": 34869,
            "fails": 0,
            "value": 1
        },
        "vus": {
            "min": 50,
            "max": 50,
            "value": 50
        },
        "http_req_failed": {
            "passes": 0,
            "fails": 34869,
            "value": 0
        },
        "http_req_connecting": {
            "med": 0,
            "max": 0.410962,
            "p(90)": 0,
            "p(95)": 0,
            "avg": 0.0017427110327224763,
            "min": 0
        },
        "http_req_blocked": {
            "avg": 0.006082993231810517,
            "min": 0.000302,
            "med": 0.003521,
            "max": 0.608006,
            "p(90)": 0.005037,
            "p(95)": 0.005801599999999999
        },
        "iteration_duration": {
            "max": 502.17108,
            "p(90)": 101.5989066,
            "p(95)": 122.08650719999997,
            "avg": 86.07299282081495,
            "min": 11.547525,
            "med": 80.919035
        },
        "http_reqs": {
            "count": 34869,
            "rate": 580.4314859917396
        },
        "http_req_duration{expected_response:true}": {
            "min": 11.356244,
            "med": 80.745189,
            "max": 502.04534,
            "p(90)": 101.4148516,
            "p(95)": 121.93654099999995,
            "avg": 85.90155697178018
        },
        "http_req_sending": {
            "avg": 0.02275667145602118,
            "min": 0.002369,
            "med": 0.022356,
            "max": 0.600863,
            "p(90)": 0.031328,
            "p(95)": 0.03518779999999999
        },
        "data_sent": {
            "count": 10390962,
            "rate": 172968.5828255384
        },
        "http_req_receiving": {
            "med": 0.063267,
            "max": 6.02631,
            "p(90)": 0.12620600000000004,
            "p(95)": 0.18373099999999998,
            "avg": 0.07899020651581641,
            "min": 0.006528
        },
        "http_req_duration": {
            "med": 80.745189,
            "max": 502.04534,
            "p(90)": 101.4148516,
            "p(95)": 121.93654099999995,
            "avg": 85.90155697178018,
            "min": 11.356244
        },
        "http_req_waiting": {
            "avg": 85.79981009380897,
            "min": 11.28102,
            "med": 80.649663,
            "max": 501.95508,
            "p(90)": 101.32376239999999,
            "p(95)": 121.8481892
        }
    }
}