{
    "root_group": {
        "name": "",
        "path": "",
        "id": "d41d8cd98f00b204e9800998ecf8427e",
        "groups": {},
        "checks": {
                "status is 200": {
                    "name": "status is 200",
                    "path": "::status is 200",
                    "id": "6210a8cd14cd70477eba5c5e4cb3fb5f",
                    "passes": 9680,
                    "fails": 0
                }
            }
    },
    "metrics": {
        "vus": {
            "value": 74,
            "min": 74,
            "max": 400
        },
        "data_sent": {
            "count": 2884640,
            "rate": 45273.867651286775
        },
        "http_req_receiving": {
            "avg": 0.10026320433884302,
            "min": 0.012953,
            "med": 0.0764835,
            "max": 9.196521,
            "p(90)": 0.16347150000000005,
            "p(95)": 0.26003159999999986
        },
        "checks": {
            "fails": 0,
            "passes": 9680,
            "value": 1
        },
        "iterations": {
            "count": 9680,
            "rate": 151.92573037344556
        },
        "data_received": {
            "count": 2826560,
            "rate": 44362.313269046106
        },
        "http_req_duration": {
            "p(95)": 3581.4969838499997,
            "avg": 2549.5402161851193,
            "min": 350.080704,
            "med": 2386.3597795,
            "max": 6805.373634,
            "p(90)": 3475.3733460000003
        },
        "http_req_blocked": {
            "avg": 0.23159593316115923,
            "min": 0.000582,
            "med": 0.004111500000000001,
            "max": 46.001494,
            "p(90)": 0.0066503000000000005,
            "p(95)": 0.013230299999999822
        },
        "http_req_connecting": {
            "p(95)": 0,
            "avg": 0.22421397200413246,
            "min": 0,
            "med": 0,
            "max": 45.810487,
            "p(90)": 0
        },
        "http_req_sending": {
            "p(95)": 0.050368699999999975,
            "avg": 0.04016375650826444,
            "min": 0.003634,
            "med": 0.026698,
            "max": 2.293806,
            "p(90)": 0.0393371
        },
        "http_reqs": {
            "count": 9680,
            "rate": 151.92573037344556
        },
        "http_req_duration{expected_response:true}": {
            "p(90)": 3475.3733460000003,
            "p(95)": 3581.4969838499997,
            "avg": 2549.5402161851193,
            "min": 350.080704,
            "med": 2386.3597795,
            "max": 6805.373634
        },
        "iteration_duration": {
            "min": 351.320001,
            "med": 2386.6444385,
            "max": 6805.638982,
            "p(90)": 3475.5506841,
            "p(95)": 3581.8023547499997,
            "avg": 2549.9837390810944
        },
        "vus_max": {
            "value": 400,
            "min": 400,
            "max": 400
        },
        "http_req_tls_handshaking": {
            "p(90)": 0,
            "p(95)": 0,
            "avg": 0,
            "min": 0,
            "med": 0,
            "max": 0
        },
        "http_req_failed": {
            "passes": 0,
            "fails": 9680,
            "value": 0
        },
        "http_req_waiting": {
            "avg": 2549.399789224276,
            "min": 347.021002,
            "med": 2386.154282,
            "max": 6805.244412,
            "p(90)": 3475.2865865,
            "p(95)": 3581.3874145
        }
    }
}