{
    "metrics": {
        "http_req_duration": {
            "avg": 255.36978613492707,
            "min": 135.398669,
            "med": 247.128428,
            "max": 1599.538682,
            "p(90)": 280.863974,
            "p(95)": 300.76833750000003
        },
        "vus": {
            "value": 400,
            "min": 400,
            "max": 400
        },
        "http_req_connecting": {
            "p(90)": 0,
            "p(95)": 0,
            "avg": 0.05415877300443747,
            "min": 0,
            "med": 0,
            "max": 79.187578
        },
        "http_req_blocked": {
            "med": 0.003524,
            "max": 81.297455,
            "p(90)": 0.005285,
            "p(95)": 0.006205,
            "avg": 0.09805065397835312,
            "min": 0.0003
        },
        "http_req_failed": {
            "passes": 0,
            "fails": 93971,
            "value": 0
        },
        "http_req_duration{expected_response:true}": {
            "med": 247.128428,
            "max": 1599.538682,
            "p(90)": 280.863974,
            "p(95)": 300.76833750000003,
            "avg": 255.36978613492707,
            "min": 135.398669
        },
        "http_req_tls_handshaking": {
            "min": 0,
            "med": 0,
            "max": 0,
            "p(90)": 0,
            "p(95)": 0,
            "avg": 0
        },
        "vus_max": {
            "max": 400,
            "value": 400,
            "min": 400
        },
        "data_received": {
            "count": 25387370,
            "rate": 421348.3176463746
        },
        "checks": {
            "passes": 93971,
            "fails": 0,
            "value": 1
        },
        "iterations": {
            "count": 93971,
            "rate": 1559.6149879860523
        },
        "http_req_waiting": {
            "p(95)": 300.68093899999997,
            "avg": 255.2440149151535,
            "min": 135.249095,
            "med": 247.033566,
            "max": 1599.407447,
            "p(90)": 280.757457
        },
        "data_sent": {
            "count": 28003358,
            "rate": 464765.2664198436
        },
        "http_req_sending": {
            "avg": 0.054792929361185086,
            "min": 0.002365,
            "med": 0.021745,
            "max": 42.009928,
            "p(90)": 0.030822,
            "p(95)": 0.0353215
        },
        "http_req_receiving": {
            "avg": 0.07097829040874208,
            "min": 0.006478,
            "med": 0.060438,
            "max": 6.767111,
            "p(90)": 0.107446,
            "p(95)": 0.1422565
        },
        "http_reqs": {
            "count": 93971,
            "rate": 1559.6149879860523
        },
        "iteration_duration": {
            "avg": 255.6360613553777,
            "min": 135.490243,
            "med": 247.298719,
            "max": 1624.147474,
            "p(90)": 281.035106,
            "p(95)": 300.9521225
        }
    },
    "root_group": {
        "groups": {},
        "checks": {
                "status is 200": {
                    "id": "6210a8cd14cd70477eba5c5e4cb3fb5f",
                    "passes": 93971,
                    "fails": 0,
                    "name": "status is 200",
                    "path": "::status is 200"
                }
            },
        "name": "",
        "path": "",
        "id": "d41d8cd98f00b204e9800998ecf8427e"
    }
}