{
    "root_group": {
        "name": "",
        "path": "",
        "id": "d41d8cd98f00b204e9800998ecf8427e",
        "groups": {},
        "checks": {
                "status is 200": {
                    "path": "::status is 200",
                    "id": "6210a8cd14cd70477eba5c5e4cb3fb5f",
                    "passes": 36410,
                    "fails": 0,
                    "name": "status is 200"
                }
            }
    },
    "metrics": {
        "vus_max": {
            "value": 50,
            "min": 50,
            "max": 50
        },
        "http_req_sending": {
            "med": 0.020764,
            "max": 0.516726,
            "p(90)": 0.028359099999999998,
            "p(95)": 0.03247455,
            "avg": 0.0214951285635814,
            "min": 0.002682
        },
        "iterations": {
            "count": 36410,
            "rate": 606.4750875994836
        },
        "http_req_duration": {
            "p(90)": 127.75496679999999,
            "p(95)": 165.85175024999998,
            "avg": 82.24035092150518,
            "min": 35.930038,
            "med": 69.85992300000001,
            "max": 609.251445
        },
        "http_req_blocked": {
            "avg": 0.006024421752265841,
            "min": 0.000343,
            "med": 0.003353,
            "max": 0.559075,
            "p(90)": 0.004675,
            "p(95)": 0.005467
        },
        "http_req_failed": {
            "fails": 36410,
            "passes": 0,
            "value": 0
        },
        "iteration_duration": {
            "max": 609.534095,
            "p(90)": 127.9273092,
            "p(95)": 166.0040885,
            "avg": 82.4046261360614,
            "min": 36.041182,
            "med": 70.02908
        },
        "http_req_receiving": {
            "p(90)": 0.0914021,
            "p(95)": 0.11858555,
            "avg": 0.0655657884921727,
            "min": 0.007035,
            "med": 0.056857,
            "max": 6.25106
        },
        "http_reqs": {
            "count": 36410,
            "rate": 606.4750875994836
        },
        "http_req_duration{expected_response:true}": {
            "p(95)": 165.85175024999998,
            "avg": 82.24035092150518,
            "min": 35.930038,
            "med": 69.85992300000001,
            "max": 609.251445,
            "p(90)": 127.75496679999999
        },
        "http_req_waiting": {
            "max": 609.038551,
            "p(90)": 127.6658933,
            "p(95)": 165.78634239999997,
            "avg": 82.15329000444989,
            "min": 35.879036,
            "med": 69.771473
        },
        "http_req_connecting": {
            "p(90)": 0,
            "p(95)": 0,
            "avg": 0.0018181200219719868,
            "min": 0,
            "med": 0,
            "max": 0.53036
        },
        "vus": {
            "value": 50,
            "min": 50,
            "max": 50
        },
        "data_sent": {
            "count": 10850180,
            "rate": 180729.5761046461
        },
        "data_received": {
            "count": 10601960,
            "rate": 176595.0183940187
        },
        "http_req_tls_handshaking": {
            "max": 0,
            "p(90)": 0,
            "p(95)": 0,
            "avg": 0,
            "min": 0,
            "med": 0
        },
        "checks": {
            "passes": 36410,
            "fails": 0,
            "value": 1
        }
    }
}