{
    "metrics": {
        "http_reqs": {
            "count": 12040,
            "rate": 193.51823849925555
        },
        "http_req_waiting": {
            "avg": 2024.5921852748395,
            "min": 351.964478,
            "med": 1993.193996,
            "max": 5641.079221,
            "p(90)": 2603.665634,
            "p(95)": 2948.6547075500002
        },
        "vus_max": {
            "value": 400,
            "min": 400,
            "max": 400
        },
        "http_req_connecting": {
            "p(90)": 0,
            "p(95)": 0,
            "avg": 0.2026537696013291,
            "min": 0,
            "med": 0,
            "max": 44.853254
        },
        "data_sent": {
            "count": 1035440,
            "rate": 16642.568510935977
        },
        "http_req_receiving": {
            "p(95)": 0.27940054999999997,
            "avg": 0.10522017533222591,
            "min": 0.008433,
            "med": 0.08217050000000001,
            "max": 4.887824,
            "p(90)": 0.17279000000000003
        },
        "iterations": {
            "count": 12040,
            "rate": 193.51823849925555
        },
        "data_received": {
            "count": 19251960,
            "rate": 309435.6633603096
        },
        "http_req_duration{expected_response:true}": {
            "max": 5641.17629,
            "p(90)": 2603.7722688,
            "p(95)": 2948.75390085,
            "avg": 2024.7521153903647,
            "min": 353.949073,
            "med": 1993.3310795000002
        },
        "http_req_sending": {
            "p(90)": 0.0291721,
            "p(95)": 0.03731634999999991,
            "avg": 0.054709940199335866,
            "min": 0.002454,
            "med": 0.019261,
            "max": 83.757073
        },
        "vus": {
            "value": 29,
            "min": 29,
            "max": 400
        },
        "http_req_tls_handshaking": {
            "p(90)": 0,
            "p(95)": 0,
            "avg": 0,
            "min": 0,
            "med": 0,
            "max": 0
        },
        "checks": {
            "passes": 12040,
            "fails": 0,
            "value": 1
        },
        "iteration_duration": {
            "avg": 2025.1267165363797,
            "min": 354.463805,
            "med": 1993.509332,
            "max": 5641.391084,
            "p(90)": 2604.2783137,
            "p(95)": 2948.9168719
        },
        "http_req_failed": {
            "fails": 12040,
            "passes": 0,
            "value": 0
        },
        "http_req_duration": {
            "avg": 2024.7521153903647,
            "min": 353.949073,
            "med": 1993.3310795000002,
            "max": 5641.17629,
            "p(90)": 2603.7722688,
            "p(95)": 2948.75390085
        },
        "http_req_blocked": {
            "p(95)": 0.011041299999999981,
            "avg": 0.21314170149501413,
            "min": 0.000383,
            "med": 0.004222,
            "max": 79.263734,
            "p(90)": 0.0066481000000000005
        }
    },
    "root_group": {
        "name": "",
        "path": "",
        "id": "d41d8cd98f00b204e9800998ecf8427e",
        "groups": {},
        "checks": {
                "status is 200": {
                    "fails": 0,
                    "name": "status is 200",
                    "path": "::status is 200",
                    "id": "6210a8cd14cd70477eba5c5e4cb3fb5f",
                    "passes": 12040
                }
            }
    }
}