{
    "root_group": {
        "id": "d41d8cd98f00b204e9800998ecf8427e",
        "groups": {},
        "checks": {
                "status is 200": {
                    "path": "::status is 200",
                    "id": "6210a8cd14cd70477eba5c5e4cb3fb5f",
                    "passes": 26829,
                    "fails": 0,
                    "name": "status is 200"
                }
            },
        "name": "",
        "path": ""
    },
    "metrics": {
        "vus_max": {
            "value": 50,
            "min": 50,
            "max": 50
        },
        "http_req_duration{expected_response:true}": {
            "min": 11.391542,
            "med": 95.531666,
            "max": 1060.597879,
            "p(90)": 159.92388720000002,
            "p(95)": 192.44548919999997,
            "avg": 111.74513894975563
        },
        "data_received": {
            "count": 7221751,
            "rate": 120097.63161423494
        },
        "http_req_failed": {
            "passes": 0,
            "fails": 26829,
            "value": 0
        },
        "checks": {
            "fails": 0,
            "passes": 26829,
            "value": 1
        },
        "http_req_connecting": {
            "avg": 0.0019354874203287489,
            "min": 0,
            "med": 0,
            "max": 0.443487,
            "p(90)": 0,
            "p(95)": 0
        },
        "http_req_waiting": {
            "max": 1060.003802,
            "p(90)": 159.8262834,
            "p(95)": 192.37733779999996,
            "avg": 111.64509046267052,
            "min": 11.261992,
            "med": 95.42898
        },
        "http_req_duration": {
            "max": 1060.597879,
            "p(90)": 159.92388720000002,
            "p(95)": 192.44548919999997,
            "avg": 111.74513894975563,
            "min": 11.391542,
            "med": 95.531666
        },
        "http_req_tls_handshaking": {
            "avg": 0,
            "min": 0,
            "med": 0,
            "max": 0,
            "p(90)": 0,
            "p(95)": 0
        },
        "iteration_duration": {
            "p(90)": 160.1227814,
            "p(95)": 192.61047479999993,
            "avg": 111.91720013153594,
            "min": 11.443036,
            "med": 95.713438,
            "max": 1060.969513
        },
        "iterations": {
            "count": 26829,
            "rate": 446.1659448765693
        },
        "http_reqs": {
            "count": 26829,
            "rate": 446.1659448765693
        },
        "http_req_blocked": {
            "p(90)": 0.005086,
            "p(95)": 0.005914999999999993,
            "avg": 0.006322634798166171,
            "min": 0.000297,
            "med": 0.00353,
            "max": 0.521413
        },
        "http_req_sending": {
            "avg": 0.02259957232845041,
            "min": 0.002409,
            "med": 0.022177,
            "max": 0.684547,
            "p(90)": 0.031658,
            "p(95)": 0.03586879999999999
        },
        "http_req_receiving": {
            "avg": 0.07744891475642034,
            "min": 0.006154,
            "med": 0.062631,
            "max": 5.93994,
            "p(90)": 0.12518600000000002,
            "p(95)": 0.18874699999999986
        },
        "vus": {
            "value": 50,
            "min": 50,
            "max": 50
        },
        "data_sent": {
            "rate": 132957.45157321767,
            "count": 7995042
        }
    }
}