{
    "metrics": {
        "http_req_receiving": {
            "avg": 0.06984159846786502,
            "min": 0.005583,
            "med": 0.058851,
            "max": 4.285248,
            "p(90)": 0.1036386,
            "p(95)": 0.1381338
        },
        "http_req_blocked": {
            "max": 0.48204,
            "p(90)": 0.005047800000000003,
            "p(95)": 0.005815,
            "avg": 0.005996361742174486,
            "min": 0.000297,
            "med": 0.003459
        },
        "checks": {
            "fails": 0,
            "passes": 83413,
            "value": 1
        },
        "data_sent": {
            "count": 24857074,
            "rate": 413599.7006263363
        },
        "http_reqs": {
            "count": 83413,
            "rate": 1387.9184584776385
        },
        "iterations": {
            "count": 83413,
            "rate": 1387.9184584776385
        },
        "http_req_duration{expected_response:true}": {
            "med": 31.331046,
            "max": 490.072796,
            "p(90)": 47.6788448,
            "p(95)": 58.554719799999965,
            "avg": 35.79801848455271,
            "min": 20.051939
        },
        "http_req_tls_handshaking": {
            "max": 0,
            "p(90)": 0,
            "p(95)": 0,
            "avg": 0,
            "min": 0,
            "med": 0
        },
        "http_req_sending": {
            "min": 0.002252,
            "med": 0.021436,
            "max": 0.830441,
            "p(90)": 0.030142,
            "p(95)": 0.03469039999999996,
            "avg": 0.022085578303141933
        },
        "iteration_duration": {
            "p(90)": 47.840344400000006,
            "p(95)": 58.712387,
            "avg": 35.96681832592043,
            "min": 20.227982,
            "med": 31.499386,
            "max": 490.631598
        },
        "http_req_connecting": {
            "max": 0.392265,
            "p(90)": 0,
            "p(95)": 0,
            "avg": 0.0016687948281442935,
            "min": 0,
            "med": 0
        },
        "http_req_waiting": {
            "avg": 35.7060913077815,
            "min": 19.96884,
            "med": 31.235017,
            "max": 489.966672,
            "p(90)": 47.5904376,
            "p(95)": 58.475304599999994
        },
        "http_req_duration": {
            "min": 20.051939,
            "med": 31.331046,
            "max": 490.072796,
            "p(90)": 47.6788448,
            "p(95)": 58.554719799999965,
            "avg": 35.79801848455271
        },
        "http_req_failed": {
            "passes": 0,
            "fails": 83413,
            "value": 0
        },
        "data_received": {
            "count": 22453297,
            "rate": 373602.97987101035
        },
        "vus_max": {
            "max": 50,
            "value": 50,
            "min": 50
        },
        "vus": {
            "value": 50,
            "min": 50,
            "max": 50
        }
    },
    "root_group": {
        "groups": {},
        "checks": {
                "status is 200": {
                    "id": "6210a8cd14cd70477eba5c5e4cb3fb5f",
                    "passes": 83413,
                    "fails": 0,
                    "name": "status is 200",
                    "path": "::status is 200"
                }
            },
        "name": "",
        "path": "",
        "id": "d41d8cd98f00b204e9800998ecf8427e"
    }
}