{
    "metrics": {
        "http_reqs": {
            "count": 16418,
            "rate": 267.03353626002655
        },
        "data_sent": {
            "count": 1411948,
            "rate": 22964.884118362283
        },
        "http_req_duration{expected_response:true}": {
            "min": 816.243087,
            "med": 1475.6672245,
            "max": 2701.765377,
            "p(90)": 1537.5358658,
            "p(95)": 1568.2050762000001,
            "avg": 1478.0132390578713
        },
        "http_req_connecting": {
            "p(90)": 0,
            "p(95)": 0,
            "avg": 0.12293762327932771,
            "min": 0,
            "med": 0,
            "max": 66.706269
        },
        "http_req_tls_handshaking": {
            "avg": 0,
            "min": 0,
            "med": 0,
            "max": 0,
            "p(90)": 0,
            "p(95)": 0
        },
        "vus_max": {
            "min": 400,
            "max": 400,
            "value": 400
        },
        "http_req_receiving": {
            "p(90)": 0.09035560000000001,
            "p(95)": 0.11769194999999995,
            "avg": 0.07487567773175795,
            "min": 0.00924,
            "med": 0.061224,
            "max": 6.095986
        },
        "http_req_waiting": {
            "max": 2701.688251,
            "p(90)": 1537.457985,
            "p(95)": 1568.08218065,
            "avg": 1477.7375385980029,
            "min": 804.499306,
            "med": 1475.581646
        },
        "data_received": {
            "count": 26252382,
            "rate": 426986.6244797824
        },
        "http_req_sending": {
            "avg": 0.20082478212937094,
            "min": 0.002298,
            "med": 0.0151005,
            "max": 105.650747,
            "p(90)": 0.0216303,
            "p(95)": 0.025991399999999994
        },
        "http_req_failed": {
            "passes": 0,
            "fails": 16418,
            "value": 0
        },
        "vus": {
            "min": 138,
            "max": 400,
            "value": 138
        },
        "http_req_duration": {
            "avg": 1478.0132390578713,
            "min": 816.243087,
            "med": 1475.6672245,
            "max": 2701.765377,
            "p(90)": 1537.5358658,
            "p(95)": 1568.2050762000001
        },
        "iteration_duration": {
            "min": 819.88574,
            "med": 1475.806691,
            "max": 2805.820192,
            "p(90)": 1537.9195691,
            "p(95)": 1568.3346644,
            "avg": 1478.4894040971446
        },
        "http_req_blocked": {
            "avg": 0.3420929566329639,
            "min": 0.000374,
            "med": 0.003379,
            "max": 104.421619,
            "p(90)": 0.0048923000000000005,
            "p(95)": 0.00687715
        },
        "checks": {
            "passes": 16418,
            "fails": 0,
            "value": 1
        },
        "iterations": {
            "count": 16418,
            "rate": 267.03353626002655
        }
    },
    "root_group": {
        "groups": {},
        "checks": {
                "status is 200": {
                    "name": "status is 200",
                    "path": "::status is 200",
                    "id": "6210a8cd14cd70477eba5c5e4cb3fb5f",
                    "passes": 16418,
                    "fails": 0
                }
            },
        "name": "",
        "path": "",
        "id": "d41d8cd98f00b204e9800998ecf8427e"
    }
}