{
    "root_group": {
        "name": "",
        "path": "",
        "id": "d41d8cd98f00b204e9800998ecf8427e",
        "groups": {},
        "checks": {
                "status is 200": {
                    "passes": 39888,
                    "fails": 0,
                    "name": "status is 200",
                    "path": "::status is 200",
                    "id": "6210a8cd14cd70477eba5c5e4cb3fb5f"
                }
            }
    },
    "metrics": {
        "data_received": {
            "rate": 192980.05355162531,
            "count": 11613906
        },
        "http_req_connecting": {
            "med": 0,
            "max": 40.03257,
            "p(90)": 0,
            "p(95)": 0,
            "avg": 0.02113445509927799,
            "min": 0
        },
        "http_reqs": {
            "count": 39888,
            "rate": 662.79065596598
        },
        "http_req_duration": {
            "avg": 150.3227674882666,
            "min": 85.367531,
            "med": 135.436511,
            "max": 758.078809,
            "p(90)": 205.04010960000014,
            "p(95)": 233.9976711500001
        },
        "http_req_sending": {
            "avg": 0.024864806658644118,
            "min": 0.002733,
            "med": 0.020906,
            "max": 39.983111,
            "p(90)": 0.028788300000000003,
            "p(95)": 0.032810950000000005
        },
        "data_sent": {
            "count": 11886624,
            "rate": 197511.61547786204
        },
        "iteration_duration": {
            "max": 758.618343,
            "p(90)": 205.2572138,
            "p(95)": 234.12625080000004,
            "avg": 150.51036399285394,
            "min": 85.541059,
            "med": 135.6175925
        },
        "http_req_waiting": {
            "p(90)": 204.93347660000006,
            "p(95)": 233.91560955000008,
            "avg": 150.22888249280467,
            "min": 85.280462,
            "med": 135.34087549999998,
            "max": 757.790248
        },
        "checks": {
            "passes": 39888,
            "fails": 0,
            "value": 1
        },
        "http_req_failed": {
            "fails": 39888,
            "passes": 0,
            "value": 0
        },
        "http_req_blocked": {
            "avg": 0.025365671780986733,
            "min": 0.000345,
            "med": 0.00336,
            "max": 40.065153,
            "p(90)": 0.004788,
            "p(95)": 0.005585
        },
        "http_req_tls_handshaking": {
            "min": 0,
            "med": 0,
            "max": 0,
            "p(90)": 0,
            "p(95)": 0,
            "avg": 0
        },
        "vus": {
            "max": 100,
            "value": 100,
            "min": 100
        },
        "iterations": {
            "count": 39888,
            "rate": 662.79065596598
        },
        "http_req_duration{expected_response:true}": {
            "med": 135.436511,
            "max": 758.078809,
            "p(90)": 205.04010960000014,
            "p(95)": 233.9976711500001,
            "avg": 150.3227674882666,
            "min": 85.367531
        },
        "http_req_receiving": {
            "min": 0.008347,
            "med": 0.0574585,
            "max": 5.819488,
            "p(90)": 0.09432750000000001,
            "p(95)": 0.12478365000000001,
            "avg": 0.06902018880365024
        },
        "vus_max": {
            "value": 100,
            "min": 100,
            "max": 100
        }
    }
}