{
    "metrics": {
        "iteration_duration": {
            "p(95)": 1775.5841169999999,
            "avg": 1469.389708043721,
            "min": 433.14859,
            "med": 1434.180984,
            "max": 2759.580935,
            "p(90)": 1666.25236
        },
        "vus_max": {
            "min": 400,
            "max": 400,
            "value": 400
        },
        "http_req_tls_handshaking": {
            "min": 0,
            "med": 0,
            "max": 0,
            "p(90)": 0,
            "p(95)": 0,
            "avg": 0
        },
        "http_req_blocked": {
            "avg": 0.8293692749682041,
            "min": 0.000342,
            "med": 0.003386,
            "max": 106.378969,
            "p(90)": 0.004901,
            "p(95)": 0.006845
        },
        "http_req_receiving": {
            "avg": 0.07264920192598862,
            "min": 0.008333,
            "med": 0.061104,
            "max": 5.987144,
            "p(90)": 0.091967,
            "p(95)": 0.1274475
        },
        "iterations": {
            "count": 16511,
            "rate": 268.8537422817903
        },
        "http_req_connecting": {
            "p(90)": 0,
            "p(95)": 0,
            "avg": 0.7478848394403723,
            "min": 0,
            "med": 0,
            "max": 106.261195
        },
        "http_req_duration": {
            "med": 1434.056169,
            "max": 2717.026972,
            "p(90)": 1666.092139,
            "p(95)": 1775.1086615,
            "avg": 1468.367634215803,
            "min": 433.021988
        },
        "data_sent": {
            "rate": 23121.421836233963,
            "count": 1419946
        },
        "vus": {
            "min": 123,
            "max": 400,
            "value": 123
        },
        "http_req_waiting": {
            "p(95)": 1775.017899,
            "avg": 1468.2073052486783,
            "min": 432.965212,
            "med": 1433.980221,
            "max": 2715.118541,
            "p(90)": 1666.003366
        },
        "data_received": {
            "rate": 429897.1339085827,
            "count": 26401089
        },
        "http_req_sending": {
            "med": 0.014984,
            "max": 41.405934,
            "p(90)": 0.021839,
            "p(95)": 0.0270875,
            "avg": 0.08767976518684507,
            "min": 0.002207
        },
        "http_req_duration{expected_response:true}": {
            "p(95)": 1775.1086615,
            "avg": 1468.367634215803,
            "min": 433.021988,
            "med": 1434.056169,
            "max": 2717.026972,
            "p(90)": 1666.092139
        },
        "http_req_failed": {
            "passes": 0,
            "fails": 16511,
            "value": 0
        },
        "checks": {
            "passes": 16511,
            "fails": 0,
            "value": 1
        },
        "http_reqs": {
            "count": 16511,
            "rate": 268.8537422817903
        }
    },
    "root_group": {
        "name": "",
        "path": "",
        "id": "d41d8cd98f00b204e9800998ecf8427e",
        "groups": {},
        "checks": {
                "status is 200": {
                    "path": "::status is 200",
                    "id": "6210a8cd14cd70477eba5c5e4cb3fb5f",
                    "passes": 16511,
                    "fails": 0,
                    "name": "status is 200"
                }
            }
    }
}