{
    "metrics": {
        "http_req_duration{expected_response:true}": {
            "p(95)": 260.7817856,
            "avg": 157.2557149952528,
            "min": 81.056185,
            "med": 142.10397749999998,
            "max": 921.869484,
            "p(90)": 227.2455411
        },
        "http_req_receiving": {
            "avg": 0.06958811027483484,
            "min": 0.006848,
            "med": 0.058208,
            "max": 6.442627,
            "p(90)": 0.0948124,
            "p(95)": 0.12590059999999986
        },
        "http_req_sending": {
            "avg": 0.022866553367250762,
            "min": 0.00264,
            "med": 0.021076,
            "max": 25.471924,
            "p(90)": 0.029237,
            "p(95)": 0.03341649999999997
        },
        "iterations": {
            "count": 38132,
            "rate": 634.6361942307143
        },
        "vus": {
            "value": 100,
            "min": 100,
            "max": 100
        },
        "http_req_waiting": {
            "avg": 157.16326033161195,
            "min": 80.998312,
            "med": 142.0171,
            "max": 921.286802,
            "p(90)": 227.13473000000002,
            "p(95)": 260.69904345
        },
        "http_req_failed": {
            "passes": 0,
            "fails": 38132,
            "value": 0
        },
        "http_req_blocked": {
            "p(95)": 0.005716449999999997,
            "avg": 0.01902357896255127,
            "min": 0.000328,
            "med": 0.003404,
            "max": 25.232079,
            "p(90)": 0.004875
        },
        "data_sent": {
            "count": 11363336,
            "rate": 189121.5858807529
        },
        "http_reqs": {
            "count": 38132,
            "rate": 634.6361942307143
        },
        "iteration_duration": {
            "avg": 157.43898026027964,
            "min": 81.181371,
            "med": 142.272382,
            "max": 923.21381,
            "p(90)": 227.4394971,
            "p(95)": 260.95229279999995
        },
        "vus_max": {
            "max": 100,
            "value": 100,
            "min": 100
        },
        "http_req_duration": {
            "avg": 157.2557149952528,
            "min": 81.056185,
            "med": 142.10397749999998,
            "max": 921.869484,
            "p(90)": 227.2455411,
            "p(95)": 260.7817856
        },
        "data_received": {
            "count": 11102112,
            "rate": 184773.998416111
        },
        "http_req_tls_handshaking": {
            "p(95)": 0,
            "avg": 0,
            "min": 0,
            "med": 0,
            "max": 0,
            "p(90)": 0
        },
        "checks": {
            "passes": 38132,
            "fails": 0,
            "value": 1
        },
        "http_req_connecting": {
            "p(95)": 0,
            "avg": 0.013161307300954573,
            "min": 0,
            "med": 0,
            "max": 24.278241,
            "p(90)": 0
        }
    },
    "root_group": {
        "checks": {
            "status is 200": {
                "path": "::status is 200",
                "id": "6210a8cd14cd70477eba5c5e4cb3fb5f",
                "passes": 38132,
                "fails": 0,
                "name": "status is 200"
            }
        },
        "name": "",
        "path": "",
        "id": "d41d8cd98f00b204e9800998ecf8427e",
        "groups": {}
    }
}