{
    "root_group": {
        "name": "",
        "path": "",
        "id": "d41d8cd98f00b204e9800998ecf8427e",
        "groups": {},
        "checks": {
                "status is 200": {
                    "name": "status is 200",
                    "path": "::status is 200",
                    "id": "6210a8cd14cd70477eba5c5e4cb3fb5f",
                    "passes": 37949,
                    "fails": 0
                }
            }
    },
    "metrics": {
        "http_req_tls_handshaking": {
            "avg": 0,
            "min": 0,
            "med": 0,
            "max": 0,
            "p(90)": 0,
            "p(95)": 0
        },
        "http_req_waiting": {
            "med": 611.690455,
            "max": 2612.32326,
            "p(90)": 759.4882946,
            "p(95)": 817.1651534,
            "avg": 634.234315235242,
            "min": 391.119089
        },
        "iterations": {
            "count": 37949,
            "rate": 627.3320157658758
        },
        "vus": {
            "max": 400,
            "value": 400,
            "min": 400
        },
        "http_req_connecting": {
            "p(95)": 0,
            "avg": 0.058065307807847466,
            "min": 0,
            "med": 0,
            "max": 73.763183,
            "p(90)": 0
        },
        "http_req_duration": {
            "p(95)": 817.2595711999999,
            "avg": 634.3319656687864,
            "min": 391.197887,
            "med": 611.778257,
            "max": 2612.863363,
            "p(90)": 759.5682708
        },
        "checks": {
            "passes": 37949,
            "fails": 0,
            "value": 1
        },
        "vus_max": {
            "value": 400,
            "min": 400,
            "max": 400
        },
        "http_req_sending": {
            "med": 0.020955,
            "max": 48.185108,
            "p(90)": 0.029180000000000022,
            "p(95)": 0.03350419999999999,
            "avg": 0.029490090753379286,
            "min": 0.003173
        },
        "http_req_blocked": {
            "avg": 0.06342166091333086,
            "min": 0.000477,
            "med": 0.003387,
            "max": 73.810032,
            "p(90)": 0.004861200000000004,
            "p(95)": 0.005788599999999999
        },
        "iteration_duration": {
            "p(95)": 817.4403556,
            "avg": 634.5600901362377,
            "min": 391.34478,
            "med": 611.940541,
            "max": 2613.220201,
            "p(90)": 759.7449644000001
        },
        "http_req_duration{expected_response:true}": {
            "p(95)": 817.2595711999999,
            "avg": 634.3319656687864,
            "min": 391.197887,
            "med": 611.778257,
            "max": 2612.863363,
            "p(90)": 759.5682708
        },
        "data_sent": {
            "count": 11308802,
            "rate": 186944.940698231
        },
        "data_received": {
            "count": 11081108,
            "rate": 183180.94860363574
        },
        "http_reqs": {
            "count": 37949,
            "rate": 627.3320157658758
        },
        "http_req_receiving": {
            "avg": 0.06816034280218217,
            "min": 0.008696,
            "med": 0.058026,
            "max": 5.603902,
            "p(90)": 0.0963312,
            "p(95)": 0.12970859999999998
        },
        "http_req_failed": {
            "fails": 37949,
            "passes": 0,
            "value": 0
        }
    }
}