{
    "root_group": {
        "name": "",
        "path": "",
        "id": "d41d8cd98f00b204e9800998ecf8427e",
        "groups": {},
        "checks": {
                "status is 200": {
                    "name": "status is 200",
                    "path": "::status is 200",
                    "id": "6210a8cd14cd70477eba5c5e4cb3fb5f",
                    "passes": 36504,
                    "fails": 0
                }
            }
    },
    "metrics": {
        "http_req_connecting": {
            "avg": 0.02752383733289502,
            "min": 0,
            "med": 0,
            "max": 32.094978,
            "p(90)": 0,
            "p(95)": 0
        },
        "iteration_duration": {
            "min": 197.089782,
            "med": 300.534121,
            "max": 1367.832269,
            "p(90)": 446.8826331000001,
            "p(95)": 508.74202349999996,
            "avg": 329.35583912710854
        },
        "iterations": {
            "count": 36504,
            "rate": 605.495297864731
        },
        "vus_max": {
            "value": 200,
            "min": 200,
            "max": 200
        },
        "http_req_blocked": {
            "p(90)": 0.00474,
            "p(95)": 0.005608,
            "avg": 0.03176034333223777,
            "min": 0.000447,
            "med": 0.003362,
            "max": 32.188068
        },
        "http_req_duration": {
            "med": 300.375496,
            "max": 1367.359798,
            "p(90)": 446.7158764000001,
            "p(95)": 508.59628039999996,
            "avg": 329.1609902351539,
            "min": 196.937727
        },
        "data_received": {
            "count": 10626464,
            "rate": 176262.16263776136
        },
        "vus": {
            "value": 200,
            "min": 200,
            "max": 200
        },
        "http_req_tls_handshaking": {
            "max": 0,
            "p(90)": 0,
            "p(95)": 0,
            "avg": 0,
            "min": 0,
            "med": 0
        },
        "http_req_duration{expected_response:true}": {
            "p(95)": 508.59628039999996,
            "avg": 329.1609902351539,
            "min": 196.937727,
            "med": 300.375496,
            "max": 1367.359798,
            "p(90)": 446.7158764000001
        },
        "data_sent": {
            "count": 10878192,
            "rate": 180437.59876368984
        },
        "http_req_sending": {
            "p(95)": 0.032766799999999985,
            "avg": 0.030462401079333623,
            "min": 0.003079,
            "med": 0.0208645,
            "max": 50.755628,
            "p(90)": 0.028616700000000005
        },
        "checks": {
            "passes": 36504,
            "fails": 0,
            "value": 1
        },
        "http_reqs": {
            "count": 36504,
            "rate": 605.495297864731
        },
        "http_req_failed": {
            "passes": 0,
            "fails": 36504,
            "value": 0
        },
        "http_req_waiting": {
            "max": 1366.693554,
            "p(90)": 446.6225996000001,
            "p(95)": 508.51868214999996,
            "avg": 329.0625543162092,
            "min": 196.849309,
            "med": 300.2951325
        },
        "http_req_receiving": {
            "avg": 0.06797351786105638,
            "min": 0.008606,
            "med": 0.0577515,
            "max": 5.542962,
            "p(90)": 0.0921947,
            "p(95)": 0.1202805499999999
        }
    }
}