{
    "root_group": {
        "name": "",
        "path": "",
        "id": "d41d8cd98f00b204e9800998ecf8427e",
        "groups": {},
        "checks": {
                "status is 200": {
                    "passes": 16103,
                    "fails": 0,
                    "name": "status is 200",
                    "path": "::status is 200",
                    "id": "6210a8cd14cd70477eba5c5e4cb3fb5f"
                }
            }
    },
    "metrics": {
        "iterations": {
            "count": 16103,
            "rate": 265.09186290618504
        },
        "vus_max": {
            "value": 200,
            "min": 200,
            "max": 200
        },
        "http_req_sending": {
            "min": 0.003106,
            "med": 0.014913,
            "max": 48.388138,
            "p(90)": 0.020705000000000005,
            "p(95)": 0.0242737,
            "avg": 0.023639589082779633
        },
        "vus": {
            "value": 200,
            "min": 200,
            "max": 200
        },
        "http_reqs": {
            "count": 16103,
            "rate": 265.09186290618504
        },
        "http_req_waiting": {
            "p(90)": 787.2431056,
            "p(95)": 842.0047296,
            "avg": 749.2151494894717,
            "min": 368.265538,
            "med": 730.837923,
            "max": 1522.490448
        },
        "iteration_duration": {
            "avg": 749.5374516691293,
            "min": 368.761175,
            "med": 731.055852,
            "max": 1524.487369,
            "p(90)": 787.4840472000001,
            "p(95)": 842.1805449
        },
        "data_received": {
            "count": 25748697,
            "rate": 423881.88878698985
        },
        "http_req_duration{expected_response:true}": {
            "p(90)": 787.3497896,
            "p(95)": 842.0524601999999,
            "avg": 749.3129264283672,
            "min": 368.587818,
            "med": 730.915296,
            "max": 1523.653299
        },
        "http_req_connecting": {
            "avg": 0.08874780668198477,
            "min": 0,
            "med": 0,
            "max": 72.391972,
            "p(90)": 0,
            "p(95)": 0
        },
        "data_sent": {
            "count": 1384858,
            "rate": 22797.90020993191
        },
        "http_req_blocked": {
            "med": 0.003345,
            "max": 72.434011,
            "p(90)": 0.004635,
            "p(95)": 0.005743799999999999,
            "avg": 0.0941411849344842,
            "min": 0.000442
        },
        "http_req_failed": {
            "passes": 0,
            "fails": 16103,
            "value": 0
        },
        "http_req_duration": {
            "p(90)": 787.3497896,
            "p(95)": 842.0524601999999,
            "avg": 749.3129264283672,
            "min": 368.587818,
            "med": 730.915296,
            "max": 1523.653299
        },
        "checks": {
            "passes": 16103,
            "fails": 0,
            "value": 1
        },
        "http_req_tls_handshaking": {
            "avg": 0,
            "min": 0,
            "med": 0,
            "max": 0,
            "p(90)": 0,
            "p(95)": 0
        },
        "http_req_receiving": {
            "p(90)": 0.08926339999999999,
            "p(95)": 0.12503189999999997,
            "avg": 0.07413734981059472,
            "min": 0.008913,
            "med": 0.059822,
            "max": 6.073672
        }
    }
}