{
    "metrics": {
        "vus": {
            "value": 200,
            "min": 200,
            "max": 200
        },
        "http_req_duration": {
            "p(90)": 215.3517112,
            "p(95)": 240.82406319999998,
            "avg": 153.6652419141933,
            "min": 96.282987,
            "med": 136.552685,
            "max": 852.182625
        },
        "iterations": {
            "count": 78047,
            "rate": 1297.0028589070062
        },
        "iteration_duration": {
            "avg": 153.85060267737586,
            "min": 96.42859,
            "med": 136.713508,
            "max": 858.145006,
            "p(90)": 215.52259840000008,
            "p(95)": 240.99816099999998
        },
        "data_sent": {
            "count": 23258006,
            "rate": 386506.85195428785
        },
        "http_req_failed": {
            "passes": 0,
            "fails": 78047,
            "value": 0
        },
        "http_req_receiving": {
            "min": 0.006097,
            "med": 0.058866,
            "max": 6.89881,
            "p(90)": 0.10136080000000001,
            "p(95)": 0.132606,
            "avg": 0.0686647888451833
        },
        "http_reqs": {
            "count": 78047,
            "rate": 1297.0028589070062
        },
        "vus_max": {
            "value": 200,
            "min": 200,
            "max": 200
        },
        "http_req_blocked": {
            "med": 0.00345,
            "max": 37.269068,
            "p(90)": 0.005102,
            "p(95)": 0.005941699999999998,
            "avg": 0.02155721560085619,
            "min": 0.000299
        },
        "http_req_sending": {
            "min": 0.002217,
            "med": 0.021306,
            "max": 47.109014,
            "p(90)": 0.0302,
            "p(95)": 0.034502799999999986,
            "avg": 0.02495018105756782
        },
        "http_req_connecting": {
            "avg": 0.017004752508104126,
            "min": 0,
            "med": 0,
            "max": 37.242745,
            "p(90)": 0,
            "p(95)": 0
        },
        "http_req_tls_handshaking": {
            "avg": 0,
            "min": 0,
            "med": 0,
            "max": 0,
            "p(90)": 0,
            "p(95)": 0
        },
        "data_received": {
            "count": 21084090,
            "rate": 350380.2197067488
        },
        "checks": {
            "passes": 78047,
            "fails": 0,
            "value": 1
        },
        "http_req_duration{expected_response:true}": {
            "med": 136.552685,
            "max": 852.182625,
            "p(90)": 215.3517112,
            "p(95)": 240.82406319999998,
            "avg": 153.6652419141933,
            "min": 96.282987
        },
        "http_req_waiting": {
            "max": 852.053822,
            "p(90)": 215.25313920000002,
            "p(95)": 240.7312235,
            "avg": 153.57162694429027,
            "min": 96.21445,
            "med": 136.46232
        }
    },
    "root_group": {
        "checks": {
            "status is 200": {
                "name": "status is 200",
                "path": "::status is 200",
                "id": "6210a8cd14cd70477eba5c5e4cb3fb5f",
                "passes": 78047,
                "fails": 0
            }
        },
        "name": "",
        "path": "",
        "id": "d41d8cd98f00b204e9800998ecf8427e",
        "groups": {}
    }
}