{
    "metrics": {
        "http_req_sending": {
            "avg": 0.021784586629296703,
            "min": 0.002211,
            "med": 0.0212265,
            "max": 3.323874,
            "p(90)": 0.030055,
            "p(95)": 0.034467649999999996
        },
        "http_req_blocked": {
            "max": 35.329879,
            "p(90)": 0.005112,
            "p(95)": 0.005924,
            "avg": 0.015506563069086996,
            "min": 0.0003,
            "med": 0.003484
        },
        "http_reqs": {
            "count": 70288,
            "rate": 1168.3294404327821
        },
        "http_req_duration{expected_response:true}": {
            "avg": 85.21675615073636,
            "min": 46.815367,
            "med": 75.0856665,
            "max": 703.910781,
            "p(90)": 124.86414430000002,
            "p(95)": 149.7945048999999
        },
        "http_req_receiving": {
            "avg": 0.06818692624630111,
            "min": 0.006046,
            "med": 0.058607,
            "max": 6.379669,
            "p(90)": 0.10028930000000001,
            "p(95)": 0.12938619999999962
        },
        "http_req_failed": {
            "passes": 0,
            "fails": 70288,
            "value": 0
        },
        "data_sent": {
            "count": 20945824,
            "rate": 348162.1732489691
        },
        "iteration_duration": {
            "max": 704.090517,
            "p(90)": 125.00936660000002,
            "p(95)": 149.9484946,
            "avg": 85.39445095639253,
            "min": 46.888481,
            "med": 75.250484
        },
        "http_req_tls_handshaking": {
            "avg": 0,
            "min": 0,
            "med": 0,
            "max": 0,
            "p(90)": 0,
            "p(95)": 0
        },
        "vus": {
            "value": 100,
            "min": 100,
            "max": 100
        },
        "vus_max": {
            "value": 100,
            "min": 100,
            "max": 100
        },
        "data_received": {
            "count": 18990718,
            "rate": 315664.3372176867
        },
        "http_req_waiting": {
            "p(95)": 149.70398389999997,
            "avg": 85.1267846378617,
            "min": 46.78617,
            "med": 74.9950545,
            "max": 703.627838,
            "p(90)": 124.77757470000005
        },
        "checks": {
            "passes": 70288,
            "fails": 0,
            "value": 1
        },
        "http_req_connecting": {
            "p(95)": 0,
            "avg": 0.011213738234122458,
            "min": 0,
            "med": 0,
            "max": 35.30733,
            "p(90)": 0
        },
        "iterations": {
            "count": 70288,
            "rate": 1168.3294404327821
        },
        "http_req_duration": {
            "med": 75.0856665,
            "max": 703.910781,
            "p(90)": 124.86414430000002,
            "p(95)": 149.7945048999999,
            "avg": 85.21675615073636,
            "min": 46.815367
        }
    },
    "root_group": {
        "name": "",
        "path": "",
        "id": "d41d8cd98f00b204e9800998ecf8427e",
        "groups": {},
        "checks": {
                "status is 200": {
                    "name": "status is 200",
                    "path": "::status is 200",
                    "id": "6210a8cd14cd70477eba5c5e4cb3fb5f",
                    "passes": 70288,
                    "fails": 0
                }
            }
    }
}