{
    "metrics": {
        "vus": {
            "min": 100,
            "max": 100,
            "value": 100
        },
        "http_req_duration{expected_response:true}": {
            "p(90)": 670.120502,
            "p(95)": 710.080455,
            "avg": 530.7969149804273,
            "min": 36.963545,
            "med": 492.99274,
            "max": 1422.018386
        },
        "http_reqs": {
            "rate": 187.34628411255036,
            "count": 11341
        },
        "data_received": {
            "count": 18136159,
            "rate": 299598.09511721955
        },
        "http_req_blocked": {
            "p(95)": 0.007328,
            "avg": 0.09290304100167533,
            "min": 0.000379,
            "med": 0.003893,
            "max": 44.828209,
            "p(90)": 0.00587
        },
        "http_req_failed": {
            "passes": 0,
            "fails": 11341,
            "value": 0
        },
        "iteration_duration": {
            "avg": 531.0438574252753,
            "min": 37.130531,
            "med": 493.146382,
            "max": 1425.758908,
            "p(90)": 670.254994,
            "p(95)": 710.266607
        },
        "vus_max": {
            "max": 100,
            "value": 100,
            "min": 100
        },
        "http_req_connecting": {
            "avg": 0.07965031434617757,
            "min": 0,
            "med": 0,
            "max": 44.512538,
            "p(90)": 0,
            "p(95)": 0
        },
        "http_req_sending": {
            "max": 44.071997,
            "p(90)": 0.026146,
            "p(95)": 0.031337,
            "avg": 0.02320236346001233,
            "min": 0.002442,
            "med": 0.017312
        },
        "http_req_waiting": {
            "avg": 530.673848644387,
            "min": 36.877902,
            "med": 492.899122,
            "max": 1421.594368,
            "p(90)": 669.968941,
            "p(95)": 709.836151
        },
        "iterations": {
            "count": 11341,
            "rate": 187.34628411255036
        },
        "data_sent": {
            "count": 975326,
            "rate": 16111.78043367933
        },
        "http_req_receiving": {
            "min": 0.010786,
            "med": 0.072987,
            "max": 4.929747,
            "p(90)": 0.170949,
            "p(95)": 0.275362,
            "avg": 0.09986397257737437
        },
        "checks": {
            "passes": 11341,
            "fails": 0,
            "value": 1
        },
        "http_req_duration": {
            "med": 492.99274,
            "max": 1422.018386,
            "p(90)": 670.120502,
            "p(95)": 710.080455,
            "avg": 530.7969149804273,
            "min": 36.963545
        },
        "http_req_tls_handshaking": {
            "min": 0,
            "med": 0,
            "max": 0,
            "p(90)": 0,
            "p(95)": 0,
            "avg": 0
        }
    },
    "root_group": {
        "checks": {
            "status is 200": {
                "id": "6210a8cd14cd70477eba5c5e4cb3fb5f",
                "passes": 11341,
                "fails": 0,
                "name": "status is 200",
                "path": "::status is 200"
            }
        },
        "name": "",
        "path": "",
        "id": "d41d8cd98f00b204e9800998ecf8427e",
        "groups": {}
    }
}