{
    "root_group": {
        "path": "",
        "id": "d41d8cd98f00b204e9800998ecf8427e",
        "groups": {},
        "checks": {
                "status is 200": {
                    "name": "status is 200",
                    "path": "::status is 200",
                    "id": "6210a8cd14cd70477eba5c5e4cb3fb5f",
                    "passes": 89184,
                    "fails": 0
                }
            },
        "name": ""
    },
    "metrics": {
        "data_received": {
            "count": 24094880,
            "rate": 398370.76706192497
        },
        "http_req_waiting": {
            "avg": 269.44392237898234,
            "min": 168.585249,
            "med": 255.8188935,
            "max": 1386.193803,
            "p(90)": 318.8204053,
            "p(95)": 351.29886564999987
        },
        "http_req_blocked": {
            "avg": 0.08016235980669073,
            "min": 0.000296,
            "med": 0.0035545,
            "max": 81.034577,
            "p(90)": 0.00532,
            "p(95)": 0.006219
        },
        "http_req_failed": {
            "passes": 0,
            "fails": 89184,
            "value": 0
        },
        "http_req_sending": {
            "med": 0.021516,
            "max": 77.447346,
            "p(90)": 0.030683399999999993,
            "p(95)": 0.035312849999999986,
            "avg": 0.02617729431288126,
            "min": 0.002125
        },
        "data_sent": {
            "count": 26576832,
            "rate": 439405.92150348594
        },
        "vus": {
            "value": 400,
            "min": 400,
            "max": 400
        },
        "http_req_receiving": {
            "med": 0.0597725,
            "max": 10.320717,
            "p(90)": 0.10358309999999998,
            "p(95)": 0.13566679999999995,
            "avg": 0.07026661888903847,
            "min": 0.006479
        },
        "http_reqs": {
            "count": 89184,
            "rate": 1474.516515112369
        },
        "iterations": {
            "count": 89184,
            "rate": 1474.516515112369
        },
        "iteration_duration": {
            "avg": 269.78619251372265,
            "min": 168.709907,
            "med": 256.07665599999996,
            "max": 1395.455532,
            "p(90)": 319.09460659999996,
            "p(95)": 351.58401139999995
        },
        "checks": {
            "passes": 89184,
            "fails": 0,
            "value": 1
        },
        "http_req_duration{expected_response:true}": {
            "avg": 269.5403662921821,
            "min": 168.625636,
            "med": 255.91128750000001,
            "max": 1386.899438,
            "p(90)": 318.92112929999996,
            "p(95)": 351.41331925
        },
        "http_req_duration": {
            "min": 168.625636,
            "med": 255.91128750000001,
            "max": 1386.899438,
            "p(90)": 318.92112929999996,
            "p(95)": 351.41331925,
            "avg": 269.5403662921821
        },
        "vus_max": {
            "min": 400,
            "max": 400,
            "value": 400
        },
        "http_req_connecting": {
            "min": 0,
            "med": 0,
            "max": 80.012199,
            "p(90)": 0,
            "p(95)": 0,
            "avg": 0.0739383098425727
        },
        "http_req_tls_handshaking": {
            "min": 0,
            "med": 0,
            "max": 0,
            "p(90)": 0,
            "p(95)": 0,
            "avg": 0
        }
    }
}