{
    "root_group": {
        "groups": {},
        "checks": {
                "status is 200": {
                    "name": "status is 200",
                    "path": "::status is 200",
                    "id": "6210a8cd14cd70477eba5c5e4cb3fb5f",
                    "passes": 41297,
                    "fails": 0
                }
            },
        "name": "",
        "path": "",
        "id": "d41d8cd98f00b204e9800998ecf8427e"
    },
    "metrics": {
        "vus": {
            "value": 100,
            "min": 100,
            "max": 100
        },
        "http_req_duration{expected_response:true}": {
            "p(90)": 198.5810552,
            "p(95)": 223.62068119999992,
            "avg": 145.23173843981408,
            "min": 88.077711,
            "med": 131.848178,
            "max": 771.624053
        },
        "data_sent": {
            "count": 12306506,
            "rate": 204741.91495257933
        },
        "iterations": {
            "count": 41297,
            "rate": 687.0534058811387
        },
        "http_req_sending": {
            "min": 0.002562,
            "med": 0.020908,
            "max": 33.885966,
            "p(90)": 0.0287584,
            "p(95)": 0.03296099999999999,
            "avg": 0.022476940237789785
        },
        "http_req_waiting": {
            "p(95)": 223.53428599999998,
            "avg": 145.14099115119797,
            "min": 87.969336,
            "med": 131.761559,
            "max": 771.408929,
            "p(90)": 198.4938624
        },
        "http_req_receiving": {
            "avg": 0.0682703483788169,
            "min": 0.006643,
            "med": 0.05775,
            "max": 6.783537,
            "p(90)": 0.09441540000000001,
            "p(95)": 0.12437499999999993
        },
        "checks": {
            "passes": 41297,
            "fails": 0,
            "value": 1
        },
        "http_req_tls_handshaking": {
            "med": 0,
            "max": 0,
            "p(90)": 0,
            "p(95)": 0,
            "avg": 0,
            "min": 0
        },
        "data_received": {
            "count": 12025027,
            "rate": 200058.9814311609
        },
        "http_req_duration": {
            "p(90)": 198.5810552,
            "p(95)": 223.62068119999992,
            "avg": 145.23173843981408,
            "min": 88.077711,
            "med": 131.848178,
            "max": 771.624053
        },
        "iteration_duration": {
            "avg": 145.41463021468573,
            "min": 88.236817,
            "med": 132.018574,
            "max": 772.22258,
            "p(90)": 198.7341702,
            "p(95)": 223.79841259999992
        },
        "http_req_failed": {
            "passes": 0,
            "fails": 41297,
            "value": 0
        },
        "http_req_blocked": {
            "avg": 0.023090615274717396,
            "min": 0.000292,
            "med": 0.003336,
            "max": 34.128895,
            "p(90)": 0.004748400000000001,
            "p(95)": 0.005596
        },
        "http_req_connecting": {
            "avg": 0.018855430176526165,
            "min": 0,
            "med": 0,
            "max": 34.105175,
            "p(90)": 0,
            "p(95)": 0
        },
        "vus_max": {
            "value": 100,
            "min": 100,
            "max": 100
        },
        "http_reqs": {
            "count": 41297,
            "rate": 687.0534058811387
        }
    }
}