{
    "metrics": {
        "http_req_waiting": {
            "p(90)": 145.8681138,
            "p(95)": 175.0396038,
            "avg": 124.19939960579131,
            "min": 94.92606,
            "med": 115.618531,
            "max": 804.432972
        },
        "data_received": {
            "count": 26071550,
            "rate": 432293.2017192536
        },
        "http_req_sending": {
            "avg": 0.026249111672970164,
            "min": 0.002375,
            "med": 0.02158,
            "max": 47.987364,
            "p(90)": 0.030726,
            "p(95)": 0.035179
        },
        "checks": {
            "passes": 96505,
            "fails": 0,
            "value": 1
        },
        "http_req_duration{expected_response:true}": {
            "avg": 124.29838675225105,
            "min": 94.965834,
            "med": 115.71571,
            "max": 804.601702,
            "p(90)": 145.96451520000005,
            "p(95)": 175.12573700000002
        },
        "http_req_duration": {
            "med": 115.71571,
            "max": 804.601702,
            "p(90)": 145.96451520000005,
            "p(95)": 175.12573700000002,
            "avg": 124.29838675225105,
            "min": 94.965834
        },
        "vus": {
            "value": 200,
            "min": 200,
            "max": 200
        },
        "vus_max": {
            "min": 200,
            "max": 200,
            "value": 200
        },
        "http_req_receiving": {
            "min": 0.00616,
            "med": 0.060267,
            "max": 11.804214,
            "p(90)": 0.10721160000000003,
            "p(95)": 0.14140580000000005,
            "avg": 0.07273803478576256
        },
        "http_req_connecting": {
            "min": 0,
            "med": 0,
            "max": 48.065765,
            "p(90)": 0,
            "p(95)": 0,
            "avg": 0.017204937661261056
        },
        "data_sent": {
            "count": 28758490,
            "rate": 476845.43951975
        },
        "iteration_duration": {
            "avg": 124.4883852083411,
            "min": 95.065114,
            "med": 115.889866,
            "max": 804.758459,
            "p(90)": 146.11871240000002,
            "p(95)": 175.2683354000001
        },
        "http_req_tls_handshaking": {
            "max": 0,
            "p(90)": 0,
            "p(95)": 0,
            "avg": 0,
            "min": 0,
            "med": 0
        },
        "http_reqs": {
            "rate": 1600.1524816098993,
            "count": 96505
        },
        "http_req_blocked": {
            "p(95)": 0.006146,
            "avg": 0.023113055934926283,
            "min": 0.000287,
            "med": 0.003538,
            "max": 48.130026,
            "p(90)": 0.005294
        },
        "iterations": {
            "count": 96505,
            "rate": 1600.1524816098993
        },
        "http_req_failed": {
            "passes": 0,
            "fails": 96505,
            "value": 0
        }
    },
    "root_group": {
        "name": "",
        "path": "",
        "id": "d41d8cd98f00b204e9800998ecf8427e",
        "groups": {},
        "checks": {
                "status is 200": {
                    "id": "6210a8cd14cd70477eba5c5e4cb3fb5f",
                    "passes": 96505,
                    "fails": 0,
                    "name": "status is 200",
                    "path": "::status is 200"
                }
            }
    }
}