{
    "root_group": {
        "name": "",
        "path": "",
        "id": "d41d8cd98f00b204e9800998ecf8427e",
        "groups": {},
        "checks": {
                "status is 200": {
                    "fails": 0,
                    "name": "status is 200",
                    "path": "::status is 200",
                    "id": "6210a8cd14cd70477eba5c5e4cb3fb5f",
                    "passes": 39605
                }
            }
    },
    "metrics": {
        "http_req_duration{expected_response:true}": {
            "p(95)": 236.8890256,
            "avg": 151.5586513185457,
            "min": 89.738261,
            "med": 137.532776,
            "max": 791.743446,
            "p(90)": 207.2304282
        },
        "data_sent": {
            "count": 11802290,
            "rate": 196068.0572935111
        },
        "http_req_failed": {
            "passes": 0,
            "fails": 39605,
            "value": 0
        },
        "http_reqs": {
            "count": 39605,
            "rate": 657.9465009849366
        },
        "http_req_connecting": {
            "max": 22.218521,
            "p(90)": 0,
            "p(95)": 0,
            "avg": 0.011951617295795977,
            "min": 0,
            "med": 0
        },
        "iteration_duration": {
            "p(90)": 207.40918619999997,
            "p(95)": 237.05892059999996,
            "avg": 151.73537015462713,
            "min": 89.852176,
            "med": 137.697309,
            "max": 792.056462
        },
        "vus": {
            "max": 100,
            "value": 100,
            "min": 100
        },
        "http_req_duration": {
            "avg": 151.5586513185457,
            "min": 89.738261,
            "med": 137.532776,
            "max": 791.743446,
            "p(90)": 207.2304282,
            "p(95)": 236.8890256
        },
        "http_req_tls_handshaking": {
            "min": 0,
            "med": 0,
            "max": 0,
            "p(90)": 0,
            "p(95)": 0,
            "avg": 0
        },
        "http_req_sending": {
            "p(90)": 0.028466399999999996,
            "p(95)": 0.03220319999999999,
            "avg": 0.022547798030551708,
            "min": 0.003143,
            "med": 0.020828,
            "max": 21.099843
        },
        "checks": {
            "passes": 39605,
            "fails": 0,
            "value": 1
        },
        "http_req_waiting": {
            "avg": 151.46755353538867,
            "min": 89.649556,
            "med": 137.448338,
            "max": 791.020349,
            "p(90)": 207.1562128,
            "p(95)": 236.79753739999998
        },
        "http_req_blocked": {
            "p(90)": 0.004707,
            "p(95)": 0.00551,
            "avg": 0.01625448514076504,
            "min": 0.00037,
            "med": 0.003329,
            "max": 22.251682
        },
        "data_received": {
            "rate": 191559.01810038317,
            "count": 11530869
        },
        "iterations": {
            "count": 39605,
            "rate": 657.9465009849366
        },
        "http_req_receiving": {
            "p(95)": 0.12330659999999984,
            "avg": 0.06854998512814055,
            "min": 0.009007,
            "med": 0.057227,
            "max": 6.576496,
            "p(90)": 0.0932476
        },
        "vus_max": {
            "value": 100,
            "min": 100,
            "max": 100
        }
    }
}