{
    "root_group": {
        "name": "",
        "path": "",
        "id": "d41d8cd98f00b204e9800998ecf8427e",
        "groups": {},
        "checks": {
                "status is 200": {
                    "name": "status is 200",
                    "path": "::status is 200",
                    "id": "6210a8cd14cd70477eba5c5e4cb3fb5f",
                    "passes": 37634,
                    "fails": 0
                }
            }
    },
    "metrics": {
        "data_received": {
            "count": 10955294,
            "rate": 181997.69472695483
        },
        "http_req_tls_handshaking": {
            "avg": 0,
            "min": 0,
            "med": 0,
            "max": 0,
            "p(90)": 0,
            "p(95)": 0
        },
        "http_req_duration{expected_response:true}": {
            "med": 295.737039,
            "max": 1488.263267,
            "p(90)": 435.56555760000003,
            "p(95)": 484.70066954999993,
            "avg": 319.03333452713105,
            "min": 194.346609
        },
        "http_req_duration": {
            "avg": 319.03333452713105,
            "min": 194.346609,
            "med": 295.737039,
            "max": 1488.263267,
            "p(90)": 435.56555760000003,
            "p(95)": 484.70066954999993
        },
        "http_req_sending": {
            "med": 0.0209545,
            "max": 39.722202,
            "p(90)": 0.028625700000000004,
            "p(95)": 0.0324987,
            "avg": 0.027286628235106743,
            "min": 0.002959
        },
        "data_sent": {
            "count": 11214932,
            "rate": 186310.99909500894
        },
        "iteration_duration": {
            "p(95)": 484.8609180999999,
            "avg": 319.23987451902525,
            "min": 194.465311,
            "med": 295.909467,
            "max": 1488.635975,
            "p(90)": 435.7602349
        },
        "vus": {
            "value": 200,
            "min": 200,
            "max": 200
        },
        "http_req_failed": {
            "passes": 0,
            "fails": 37634,
            "value": 0
        },
        "http_req_blocked": {
            "min": 0.000391,
            "med": 0.00333,
            "max": 40.245858,
            "p(90)": 0.004678,
            "p(95)": 0.005516,
            "avg": 0.043804430674390604
        },
        "http_req_waiting": {
            "avg": 318.9257046822825,
            "min": 194.299553,
            "med": 295.6511,
            "max": 1488.158496,
            "p(90)": 435.4590559,
            "p(95)": 484.6262679999999
        },
        "http_req_connecting": {
            "max": 40.122578,
            "p(90)": 0,
            "p(95)": 0,
            "avg": 0.037475458043258775,
            "min": 0,
            "med": 0
        },
        "http_reqs": {
            "rate": 625.2046949496944,
            "count": 37634
        },
        "checks": {
            "passes": 37634,
            "fails": 0,
            "value": 1
        },
        "iterations": {
            "count": 37634,
            "rate": 625.2046949496944
        },
        "http_req_receiving": {
            "avg": 0.08034321661263823,
            "min": 0.007688,
            "med": 0.0575375,
            "max": 14.582474,
            "p(90)": 0.09323780000000007,
            "p(95)": 0.12260799999999991
        },
        "vus_max": {
            "value": 200,
            "min": 200,
            "max": 200
        }
    }
}