{
    "metrics": {
        "http_req_sending": {
            "p(90)": 0.019815199999999998,
            "p(95)": 0.0228772,
            "avg": 0.01529335735948892,
            "min": 0.002257,
            "med": 0.014642,
            "max": 0.374544
        },
        "data_sent": {
            "rate": 22147.487750346587,
            "count": 1332742
        },
        "http_reqs": {
            "count": 15497,
            "rate": 257.52892732961146
        },
        "http_req_failed": {
            "passes": 0,
            "fails": 15497,
            "value": 0
        },
        "data_received": {
            "count": 24782553,
            "rate": 411836.11605983385
        },
        "http_req_duration{expected_response:true}": {
            "avg": 193.726872181971,
            "min": 97.57321,
            "med": 189.793498,
            "max": 594.485802,
            "p(90)": 207.7727118,
            "p(95)": 215.6961908
        },
        "checks": {
            "passes": 15497,
            "fails": 0,
            "value": 1
        },
        "vus_max": {
            "max": 50,
            "value": 50,
            "min": 50
        },
        "http_req_duration": {
            "avg": 193.726872181971,
            "min": 97.57321,
            "med": 189.793498,
            "max": 594.485802,
            "p(90)": 207.7727118,
            "p(95)": 215.6961908
        },
        "iteration_duration": {
            "med": 189.90206,
            "max": 595.011169,
            "p(90)": 207.91632859999999,
            "p(95)": 215.83010639999998,
            "avg": 193.8547925406218,
            "min": 97.681373
        },
        "http_req_tls_handshaking": {
            "min": 0,
            "med": 0,
            "max": 0,
            "p(90)": 0,
            "p(95)": 0,
            "avg": 0
        },
        "http_req_waiting": {
            "avg": 193.64248274324015,
            "min": 97.389063,
            "med": 189.720226,
            "max": 594.143078,
            "p(90)": 207.6791058,
            "p(95)": 215.6093056
        },
        "iterations": {
            "count": 15497,
            "rate": 257.52892732961146
        },
        "http_req_blocked": {
            "avg": 0.0062752846357359724,
            "min": 0.00036,
            "med": 0.003304,
            "max": 0.825447,
            "p(90)": 0.004526,
            "p(95)": 0.005335
        },
        "http_req_receiving": {
            "p(95)": 0.11322679999999999,
            "avg": 0.0690960813705878,
            "min": 0.007944,
            "med": 0.058376,
            "max": 3.816808,
            "p(90)": 0.08566839999999998
        },
        "vus": {
            "value": 50,
            "min": 50,
            "max": 50
        },
        "http_req_connecting": {
            "max": 0.350316,
            "p(90)": 0,
            "p(95)": 0,
            "avg": 0.0021082201071175068,
            "min": 0,
            "med": 0
        }
    },
    "root_group": {
        "name": "",
        "path": "",
        "id": "d41d8cd98f00b204e9800998ecf8427e",
        "groups": {},
        "checks": {
                "status is 200": {
                    "name": "status is 200",
                    "path": "::status is 200",
                    "id": "6210a8cd14cd70477eba5c5e4cb3fb5f",
                    "passes": 15497,
                    "fails": 0
                }
            }
    }
}