{
    "root_group": {
        "name": "",
        "path": "",
        "id": "d41d8cd98f00b204e9800998ecf8427e",
        "groups": {},
        "checks": {
                "status is 200": {
                    "fails": 0,
                    "name": "status is 200",
                    "path": "::status is 200",
                    "id": "6210a8cd14cd70477eba5c5e4cb3fb5f",
                    "passes": 89667
                }
            }
    },
    "metrics": {
        "iteration_duration": {
            "avg": 133.85905921798735,
            "min": 99.732259,
            "med": 121.865776,
            "max": 791.427474,
            "p(90)": 172.10221440000007,
            "p(95)": 198.8244786
        },
        "http_req_receiving": {
            "med": 0.059509,
            "max": 4.539384,
            "p(90)": 0.10353380000000002,
            "p(95)": 0.13600529999999997,
            "avg": 0.07008225184293083,
            "min": 0.00607
        },
        "http_req_tls_handshaking": {
            "avg": 0,
            "min": 0,
            "med": 0,
            "max": 0,
            "p(90)": 0,
            "p(95)": 0
        },
        "iterations": {
            "count": 89667,
            "rate": 1491.69538289771
        },
        "data_sent": {
            "count": 26720766,
            "rate": 444525.2241035176
        },
        "http_req_connecting": {
            "p(95)": 0,
            "avg": 0.017299289002643138,
            "min": 0,
            "med": 0,
            "max": 39.419108,
            "p(90)": 0
        },
        "vus_max": {
            "value": 200,
            "min": 200,
            "max": 200
        },
        "http_reqs": {
            "count": 89667,
            "rate": 1491.69538289771
        },
        "checks": {
            "passes": 89667,
            "fails": 0,
            "value": 1
        },
        "http_req_sending": {
            "max": 39.505874,
            "p(90)": 0.030322800000000018,
            "p(95)": 0.034704,
            "avg": 0.0229057554061137,
            "min": 0.002402,
            "med": 0.021396
        },
        "http_req_waiting": {
            "max": 790.936096,
            "p(90)": 171.84257900000017,
            "p(95)": 198.51044039999996,
            "avg": 133.57941412874146,
            "min": 99.621937,
            "med": 121.596952
        },
        "http_req_blocked": {
            "p(90)": 0.005164,
            "p(95)": 0.006040699999999998,
            "avg": 0.021987409359073035,
            "min": 0.000297,
            "med": 0.00347,
            "max": 73.902166
        },
        "http_req_failed": {
            "passes": 0,
            "fails": 89667,
            "value": 0
        },
        "http_req_duration": {
            "min": 99.650788,
            "med": 121.695558,
            "max": 791.104836,
            "p(90)": 171.94715940000023,
            "p(95)": 198.62368689999997,
            "avg": 133.67240213599314
        },
        "http_req_duration{expected_response:true}": {
            "min": 99.650788,
            "med": 121.695558,
            "max": 791.104836,
            "p(90)": 171.94715940000023,
            "p(95)": 198.62368689999997,
            "avg": 133.67240213599314
        },
        "data_received": {
            "count": 24225290,
            "rate": 403010.61976377113
        },
        "vus": {
            "value": 200,
            "min": 200,
            "max": 200
        }
    }
}