{
    "metrics": {
        "http_req_connecting": {
            "min": 0,
            "med": 0,
            "max": 25.502772,
            "p(90)": 0,
            "p(95)": 0,
            "avg": 0.018063707016644556
        },
        "http_req_tls_handshaking": {
            "p(90)": 0,
            "p(95)": 0,
            "avg": 0,
            "min": 0,
            "med": 0,
            "max": 0
        },
        "http_req_duration": {
            "avg": 90.35073057701062,
            "min": 46.617283,
            "med": 79.041144,
            "max": 667.295104,
            "p(90)": 134.96330820000003,
            "p(95)": 165.6238233499999
        },
        "vus_max": {
            "value": 100,
            "min": 100,
            "max": 100
        },
        "http_req_sending": {
            "avg": 0.021899538897600112,
            "min": 0.002158,
            "med": 0.021213,
            "max": 0.649035,
            "p(90)": 0.030034300000000003,
            "p(95)": 0.03454765
        },
        "data_received": {
            "count": 17919960,
            "rate": 297858.508160852
        },
        "iterations": {
            "count": 66328,
            "rate": 1102.4778587280882
        },
        "data_sent": {
            "count": 19765744,
            "rate": 328538.4019009703
        },
        "http_reqs": {
            "count": 66328,
            "rate": 1102.4778587280882
        },
        "http_req_waiting": {
            "p(95)": 165.51873034999997,
            "avg": 90.25836565266583,
            "min": 46.57604,
            "med": 78.9538165,
            "max": 667.16584,
            "p(90)": 134.8735637
        },
        "http_req_receiving": {
            "avg": 0.07046538544807698,
            "min": 0.005833,
            "med": 0.058993,
            "max": 11.106766,
            "p(90)": 0.10309,
            "p(95)": 0.13702384999999995
        },
        "http_req_failed": {
            "passes": 0,
            "fails": 66328,
            "value": 0
        },
        "iteration_duration": {
            "avg": 90.53565124276334,
            "min": 46.692977,
            "med": 79.2044555,
            "max": 677.842844,
            "p(90)": 135.14724080000002,
            "p(95)": 165.80371209999998
        },
        "checks": {
            "passes": 66328,
            "fails": 0,
            "value": 1
        },
        "vus": {
            "value": 100,
            "min": 100,
            "max": 100
        },
        "http_req_blocked": {
            "avg": 0.022371260523459804,
            "min": 0.000269,
            "med": 0.003484,
            "max": 25.546221,
            "p(90)": 0.005138,
            "p(95)": 0.005962
        },
        "http_req_duration{expected_response:true}": {
            "avg": 90.35073057701062,
            "min": 46.617283,
            "med": 79.041144,
            "max": 667.295104,
            "p(90)": 134.96330820000003,
            "p(95)": 165.6238233499999
        }
    },
    "root_group": {
        "path": "",
        "id": "d41d8cd98f00b204e9800998ecf8427e",
        "groups": {},
        "checks": {
                "status is 200": {
                    "name": "status is 200",
                    "path": "::status is 200",
                    "id": "6210a8cd14cd70477eba5c5e4cb3fb5f",
                    "passes": 66328,
                    "fails": 0
                }
            },
        "name": ""
    }
}