{
    "metrics": {
        "http_req_receiving": {
            "avg": 0.09730568272281527,
            "min": 0.010666,
            "med": 0.073784,
            "max": 3.214093,
            "p(90)": 0.156839,
            "p(95)": 0.260818
        },
        "data_received": {
            "count": 16633099,
            "rate": 274976.2889020944
        },
        "vus": {
            "min": 100,
            "max": 100,
            "value": 100
        },
        "vus_max": {
            "value": 100,
            "min": 100,
            "max": 100
        },
        "http_req_tls_handshaking": {
            "avg": 0,
            "min": 0,
            "med": 0,
            "max": 0,
            "p(90)": 0,
            "p(95)": 0
        },
        "http_req_duration": {
            "p(90)": 673.430826,
            "p(95)": 712.053413,
            "avg": 578.9106255165843,
            "min": 34.521363,
            "med": 566.913438,
            "max": 1239.468377
        },
        "http_req_duration{expected_response:true}": {
            "med": 566.913438,
            "max": 1239.468377,
            "p(90)": 673.430826,
            "p(95)": 712.053413,
            "avg": 578.9106255165843,
            "min": 34.521363
        },
        "http_req_sending": {
            "p(95)": 0.03119,
            "avg": 0.02167843111239303,
            "min": 0.002737,
            "med": 0.017271,
            "max": 25.681149,
            "p(90)": 0.025877
        },
        "http_req_blocked": {
            "med": 0.003842,
            "max": 25.665629,
            "p(90)": 0.005734,
            "p(95)": 0.007436,
            "avg": 0.05695525891741144,
            "min": 0.000425
        },
        "checks": {
            "passes": 10401,
            "fails": 0,
            "value": 1
        },
        "http_reqs": {
            "count": 10401,
            "rate": 171.94801647430126
        },
        "data_sent": {
            "rate": 14787.529416789908,
            "count": 894486
        },
        "iteration_duration": {
            "min": 34.667397,
            "med": 567.081186,
            "max": 1239.682988,
            "p(90)": 673.701309,
            "p(95)": 712.610801,
            "avg": 579.1153965858098
        },
        "http_req_connecting": {
            "max": 25.628593,
            "p(90)": 0,
            "p(95)": 0,
            "avg": 0.051270429670223994,
            "min": 0,
            "med": 0
        },
        "http_req_waiting": {
            "p(95)": 711.969713,
            "avg": 578.7916414027487,
            "min": 34.453507,
            "med": 566.809735,
            "max": 1239.252839,
            "p(90)": 673.289184
        },
        "http_req_failed": {
            "passes": 0,
            "fails": 10401,
            "value": 0
        },
        "iterations": {
            "count": 10401,
            "rate": 171.94801647430126
        }
    },
    "root_group": {
        "groups": {},
        "checks": {
                "status is 200": {
                    "name": "status is 200",
                    "path": "::status is 200",
                    "id": "6210a8cd14cd70477eba5c5e4cb3fb5f",
                    "passes": 10401,
                    "fails": 0
                }
            },
        "name": "",
        "path": "",
        "id": "d41d8cd98f00b204e9800998ecf8427e"
    }
}