{
    "root_group": {
        "name": "",
        "path": "",
        "id": "d41d8cd98f00b204e9800998ecf8427e",
        "groups": {},
        "checks": {
                "status is 200": {
                    "name": "status is 200",
                    "path": "::status is 200",
                    "id": "6210a8cd14cd70477eba5c5e4cb3fb5f",
                    "passes": 15921,
                    "fails": 0
                }
            }
    },
    "metrics": {
        "http_req_receiving": {
            "avg": 0.07407036291690233,
            "min": 0.008368,
            "med": 0.060634,
            "max": 8.540244,
            "p(90)": 0.091952,
            "p(95)": 0.129204
        },
        "vus_max": {
            "value": 100,
            "min": 100,
            "max": 100
        },
        "http_req_waiting": {
            "p(90)": 402.836877,
            "p(95)": 431.129969,
            "avg": 377.7080269707301,
            "min": 188.881409,
            "med": 370.034211,
            "max": 861.616251
        },
        "data_received": {
            "count": 25459579,
            "rate": 421036.99812809157
        },
        "http_req_duration{expected_response:true}": {
            "p(95)": 431.192652,
            "avg": 377.8015161183339,
            "min": 189.162602,
            "med": 370.118778,
            "max": 861.652372,
            "p(90)": 402.933589
        },
        "vus": {
            "value": 100,
            "min": 100,
            "max": 100
        },
        "http_req_connecting": {
            "p(90)": 0,
            "p(95)": 0,
            "avg": 0.06430386012185162,
            "min": 0,
            "med": 0,
            "max": 50.945204
        },
        "http_req_sending": {
            "avg": 0.01941878468689155,
            "min": 0.002305,
            "med": 0.015046,
            "max": 50.476652,
            "p(90)": 0.020973,
            "p(95)": 0.024317
        },
        "http_req_blocked": {
            "avg": 0.06851569336097027,
            "min": 0.000445,
            "med": 0.003366,
            "max": 50.976313,
            "p(90)": 0.004755,
            "p(95)": 0.005761
        },
        "http_reqs": {
            "count": 15921,
            "rate": 263.29304373797174
        },
        "http_req_failed": {
            "fails": 15921,
            "passes": 0,
            "value": 0
        },
        "checks": {
            "passes": 15921,
            "fails": 0,
            "value": 1
        },
        "iteration_duration": {
            "avg": 377.997930464668,
            "min": 189.331548,
            "med": 370.242452,
            "max": 861.720424,
            "p(90)": 403.0607,
            "p(95)": 431.385061
        },
        "http_req_duration": {
            "avg": 377.8015161183339,
            "min": 189.162602,
            "med": 370.118778,
            "max": 861.652372,
            "p(90)": 402.933589,
            "p(95)": 431.192652
        },
        "http_req_tls_handshaking": {
            "med": 0,
            "max": 0,
            "p(90)": 0,
            "p(95)": 0,
            "avg": 0,
            "min": 0
        },
        "data_sent": {
            "rate": 22643.201761465567,
            "count": 1369206
        },
        "iterations": {
            "count": 15921,
            "rate": 263.29304373797174
        }
    }
}