{
    "root_group": {
        "name": "",
        "path": "",
        "id": "d41d8cd98f00b204e9800998ecf8427e",
        "groups": {},
        "checks": {
                "status is 200": {
                    "name": "status is 200",
                    "path": "::status is 200",
                    "id": "6210a8cd14cd70477eba5c5e4cb3fb5f",
                    "passes": 38242,
                    "fails": 0
                }
            }
    },
    "metrics": {
        "http_req_connecting": {
            "max": 0.350741,
            "p(90)": 0,
            "p(95)": 0,
            "avg": 0.0016747243083520746,
            "min": 0,
            "med": 0
        },
        "vus": {
            "value": 50,
            "min": 50,
            "max": 50
        },
        "http_req_tls_handshaking": {
            "avg": 0,
            "min": 0,
            "med": 0,
            "max": 0,
            "p(90)": 0,
            "p(95)": 0
        },
        "http_req_failed": {
            "passes": 0,
            "fails": 38242,
            "value": 0
        },
        "http_reqs": {
            "count": 38242,
            "rate": 636.4330680641607
        },
        "vus_max": {
            "value": 50,
            "min": 50,
            "max": 50
        },
        "data_sent": {
            "count": 11396116,
            "rate": 189657.05428311988
        },
        "data_received": {
            "count": 11096830,
            "rate": 184676.26072607134
        },
        "http_req_duration{expected_response:true}": {
            "p(90)": 111.37193010000001,
            "p(95)": 160.24327619999997,
            "avg": 78.31525348697723,
            "min": 40.315904,
            "med": 68.1299915,
            "max": 551.151939
        },
        "http_req_receiving": {
            "avg": 0.06735872391611347,
            "min": 0.006679,
            "med": 0.0572015,
            "max": 7.476156,
            "p(90)": 0.0931757,
            "p(95)": 0.12405864999999998
        },
        "iterations": {
            "count": 38242,
            "rate": 636.4330680641607
        },
        "http_req_blocked": {
            "p(90)": 0.004639,
            "p(95)": 0.005416,
            "avg": 0.005819195622613877,
            "min": 0.000323,
            "med": 0.00331,
            "max": 0.63472
        },
        "checks": {
            "fails": 0,
            "passes": 38242,
            "value": 1
        },
        "http_req_duration": {
            "med": 68.1299915,
            "max": 551.151939,
            "p(90)": 111.37193010000001,
            "p(95)": 160.24327619999997,
            "avg": 78.31525348697723,
            "min": 40.315904
        },
        "iteration_duration": {
            "max": 551.421534,
            "p(90)": 111.52392390000001,
            "p(95)": 160.41104849999996,
            "avg": 78.47893874018165,
            "min": 40.446564,
            "med": 68.2986355
        },
        "http_req_waiting": {
            "avg": 78.22660651825251,
            "min": 40.259678,
            "med": 68.0453995,
            "max": 550.409686,
            "p(90)": 111.29738710000002,
            "p(95)": 160.14331895
        },
        "http_req_sending": {
            "min": 0.00286,
            "med": 0.02073,
            "max": 0.581776,
            "p(90)": 0.028007900000000002,
            "p(95)": 0.031908699999999984,
            "avg": 0.021288244809372053
        }
    }
}