{
    "root_group": {
        "name": "",
        "path": "",
        "id": "d41d8cd98f00b204e9800998ecf8427e",
        "groups": {},
        "checks": {
                "status is 200": {
                    "passes": 29306,
                    "fails": 0,
                    "name": "status is 200",
                    "path": "::status is 200",
                    "id": "6210a8cd14cd70477eba5c5e4cb3fb5f"
                }
            }
    },
    "metrics": {
        "http_req_receiving": {
            "avg": 0.07781669019995915,
            "min": 0.006452,
            "med": 0.062907,
            "max": 9.498204,
            "p(90)": 0.1218445,
            "p(95)": 0.1784625
        },
        "http_req_duration{expected_response:true}": {
            "max": 814.205929,
            "p(90)": 310.051339,
            "p(95)": 346.224725,
            "avg": 204.9002675927103,
            "min": 11.106529,
            "med": 173.25462149999998
        },
        "http_req_failed": {
            "passes": 0,
            "fails": 29306,
            "value": 0
        },
        "http_req_sending": {
            "avg": 0.023937974373848474,
            "min": 0.002383,
            "med": 0.022106,
            "max": 31.672041,
            "p(90)": 0.031252,
            "p(95)": 0.03538725
        },
        "http_req_waiting": {
            "p(95)": 346.10383475,
            "avg": 204.7985129281383,
            "min": 11.088104,
            "med": 173.1562605,
            "max": 814.125694,
            "p(90)": 309.942145
        },
        "http_reqs": {
            "count": 29306,
            "rate": 486.06951932138674
        },
        "http_req_connecting": {
            "med": 0,
            "max": 33.432171,
            "p(90)": 0,
            "p(95)": 0,
            "avg": 0.021826780010919283,
            "min": 0
        },
        "data_sent": {
            "count": 8733188,
            "rate": 144848.71675777325
        },
        "http_req_duration": {
            "avg": 204.9002675927103,
            "min": 11.106529,
            "med": 173.25462149999998,
            "max": 814.205929,
            "p(90)": 310.051339,
            "p(95)": 346.224725
        },
        "iterations": {
            "count": 29306,
            "rate": 486.06951932138674
        },
        "http_req_blocked": {
            "max": 33.479026,
            "p(90)": 0.004991,
            "p(95)": 0.00579725,
            "avg": 0.026289483484610698,
            "min": 0.000298,
            "med": 0.003494
        },
        "data_received": {
            "count": 7887133,
            "rate": 130816.04265794878
        },
        "http_req_tls_handshaking": {
            "p(95)": 0,
            "avg": 0,
            "min": 0,
            "med": 0,
            "max": 0,
            "p(90)": 0
        },
        "checks": {
            "passes": 29306,
            "fails": 0,
            "value": 1
        },
        "vus": {
            "max": 100,
            "value": 100,
            "min": 100
        },
        "vus_max": {
            "min": 100,
            "max": 100,
            "value": 100
        },
        "iteration_duration": {
            "avg": 205.09770005080927,
            "min": 11.156521,
            "med": 173.433022,
            "max": 814.378348,
            "p(90)": 310.4333405,
            "p(95)": 346.73560799999996
        }
    }
}