{
    "root_group": {
        "path": "",
        "id": "d41d8cd98f00b204e9800998ecf8427e",
        "groups": {},
        "checks": {
                "status is 200": {
                    "passes": 25428,
                    "fails": 0,
                    "name": "status is 200",
                    "path": "::status is 200",
                    "id": "6210a8cd14cd70477eba5c5e4cb3fb5f"
                }
            },
        "name": ""
    },
    "metrics": {
        "http_req_receiving": {
            "p(90)": 0.11975919999999998,
            "p(95)": 0.17997004999999966,
            "avg": 0.07647062627811847,
            "min": 0.007212,
            "med": 0.0623445,
            "max": 6.323895
        },
        "http_req_duration": {
            "p(95)": 359.4431515499999,
            "avg": 236.18604217272278,
            "min": 12.108881,
            "med": 227.62311,
            "max": 667.866366,
            "p(90)": 324.7404083
        },
        "http_req_tls_handshaking": {
            "avg": 0,
            "min": 0,
            "med": 0,
            "max": 0,
            "p(90)": 0,
            "p(95)": 0
        },
        "http_req_sending": {
            "max": 1.042164,
            "p(90)": 0.0314531,
            "p(95)": 0.035667649999999995,
            "avg": 0.02288989307063081,
            "min": 0.002304,
            "med": 0.022145
        },
        "http_reqs": {
            "count": 25428,
            "rate": 421.1805506361623
        },
        "http_req_duration{expected_response:true}": {
            "p(95)": 359.4431515499999,
            "avg": 236.18604217272278,
            "min": 12.108881,
            "med": 227.62311,
            "max": 667.866366,
            "p(90)": 324.7404083
        },
        "http_req_blocked": {
            "avg": 0.02379561282837793,
            "min": 0.000286,
            "med": 0.003496,
            "max": 24.088881,
            "p(90)": 0.005041,
            "p(95)": 0.0058596499999999975
        },
        "data_sent": {
            "count": 7577544,
            "rate": 125511.80408957637
        },
        "vus": {
            "value": 100,
            "min": 100,
            "max": 100
        },
        "http_req_waiting": {
            "avg": 236.08668165337343,
            "min": 12.060021,
            "med": 227.5447855,
            "max": 667.792284,
            "p(90)": 324.656384,
            "p(95)": 359.3210987
        },
        "http_req_connecting": {
            "med": 0,
            "max": 22.36906,
            "p(90)": 0,
            "p(95)": 0,
            "avg": 0.018758136699701115,
            "min": 0
        },
        "vus_max": {
            "max": 100,
            "value": 100,
            "min": 100
        },
        "http_req_failed": {
            "passes": 0,
            "fails": 25428,
            "value": 0
        },
        "checks": {
            "passes": 25428,
            "fails": 0,
            "value": 1
        },
        "data_received": {
            "count": 6869360,
            "rate": 113781.69055049661
        },
        "iteration_duration": {
            "max": 680.893266,
            "p(90)": 324.9644717,
            "p(95)": 359.71585085,
            "avg": 236.37606886011469,
            "min": 12.235246,
            "med": 227.781992
        },
        "iterations": {
            "count": 25428,
            "rate": 421.1805506361623
        }
    }
}