{
    "root_group": {
        "name": "",
        "path": "",
        "id": "d41d8cd98f00b204e9800998ecf8427e",
        "groups": {},
        "checks": {
                "status is 200": {
                    "name": "status is 200",
                    "path": "::status is 200",
                    "id": "6210a8cd14cd70477eba5c5e4cb3fb5f",
                    "passes": 16377,
                    "fails": 0
                }
            }
    },
    "metrics": {
        "checks": {
            "passes": 16377,
            "fails": 0,
            "value": 1
        },
        "http_req_connecting": {
            "p(90)": 0,
            "p(95)": 0,
            "avg": 0.05496716614764607,
            "min": 0,
            "med": 0,
            "max": 44.633339
        },
        "http_reqs": {
            "count": 16377,
            "rate": 271.37773478853535
        },
        "iterations": {
            "count": 16377,
            "rate": 271.37773478853535
        },
        "http_req_sending": {
            "p(95)": 0.023433399999999997,
            "avg": 0.021462028515601212,
            "min": 0.002609,
            "med": 0.014857,
            "max": 44.383791,
            "p(90)": 0.020261
        },
        "http_req_receiving": {
            "avg": 0.07581347029370482,
            "min": 0.008438,
            "med": 0.059405,
            "max": 10.797143,
            "p(90)": 0.08947799999999999,
            "p(95)": 0.12714119999999976
        },
        "data_received": {
            "count": 26188723,
            "rate": 433964.482185041
        },
        "iteration_duration": {
            "med": 358.966282,
            "max": 900.717829,
            "p(90)": 384.9015422,
            "p(95)": 399.45106119999997,
            "avg": 367.3619096267296,
            "min": 132.930619
        },
        "http_req_duration{expected_response:true}": {
            "avg": 367.17374596281223,
            "min": 132.795994,
            "med": 358.829451,
            "max": 900.279811,
            "p(90)": 384.7735908,
            "p(95)": 399.30660479999995
        },
        "http_req_blocked": {
            "avg": 0.061879791231605516,
            "min": 0.000435,
            "med": 0.003317,
            "max": 44.673648,
            "p(90)": 0.004594,
            "p(95)": 0.005479199999999999
        },
        "vus": {
            "value": 100,
            "min": 100,
            "max": 100
        },
        "http_req_tls_handshaking": {
            "avg": 0,
            "min": 0,
            "med": 0,
            "max": 0,
            "p(90)": 0,
            "p(95)": 0
        },
        "http_req_waiting": {
            "min": 132.49922,
            "med": 358.745576,
            "max": 900.001641,
            "p(90)": 384.6899754,
            "p(95)": 399.21711239999996,
            "avg": 367.0764704640049
        },
        "http_req_failed": {
            "passes": 0,
            "fails": 16377,
            "value": 0
        },
        "http_req_duration": {
            "med": 358.829451,
            "max": 900.279811,
            "p(90)": 384.7735908,
            "p(95)": 399.30660479999995,
            "avg": 367.17374596281223,
            "min": 132.795994
        },
        "data_sent": {
            "count": 1408422,
            "rate": 23338.48519181404
        },
        "vus_max": {
            "max": 100,
            "value": 100,
            "min": 100
        }
    }
}