{
    "root_group": {
        "id": "d41d8cd98f00b204e9800998ecf8427e",
        "groups": {},
        "checks": {
                "status is 200": {
                    "fails": 0,
                    "name": "status is 200",
                    "path": "::status is 200",
                    "id": "6210a8cd14cd70477eba5c5e4cb3fb5f",
                    "passes": 12714
                }
            },
        "name": "",
        "path": ""
    },
    "metrics": {
        "http_req_tls_handshaking": {
            "med": 0,
            "max": 0,
            "p(90)": 0,
            "p(95)": 0,
            "avg": 0,
            "min": 0
        },
        "data_sent": {
            "count": 1093404,
            "rate": 17953.92612147153
        },
        "http_req_waiting": {
            "avg": 950.1063856583276,
            "min": 35.77049,
            "med": 940.448727,
            "max": 2107.008897,
            "p(90)": 1010.6075835,
            "p(95)": 1035.15497265
        },
        "http_req_sending": {
            "max": 39.982686,
            "p(90)": 0.025099800000000002,
            "p(95)": 0.029702749999999965,
            "avg": 0.03556397254994486,
            "min": 0.003612,
            "med": 0.01719
        },
        "checks": {
            "passes": 12714,
            "fails": 0,
            "value": 1
        },
        "http_req_duration": {
            "p(95)": 1035.292031,
            "avg": 950.2385493802115,
            "min": 35.881943,
            "med": 940.539478,
            "max": 2107.094048,
            "p(90)": 1010.7341787
        },
        "http_req_receiving": {
            "max": 7.488684,
            "p(90)": 0.15696080000000015,
            "p(95)": 0.2652823999999998,
            "avg": 0.09659974933144527,
            "min": 0.011277,
            "med": 0.072651
        },
        "http_req_duration{expected_response:true}": {
            "avg": 950.2385493802115,
            "min": 35.881943,
            "med": 940.539478,
            "max": 2107.094048,
            "p(90)": 1010.7341787,
            "p(95)": 1035.292031
        },
        "http_req_blocked": {
            "avg": 0.12417424516281249,
            "min": 0.000494,
            "med": 0.003812,
            "max": 39.581565,
            "p(90)": 0.005534800000000003,
            "p(95)": 0.007145699999999997
        },
        "data_received": {
            "count": 20329686,
            "rate": 333817.7659096858
        },
        "iteration_duration": {
            "p(95)": 1035.51211885,
            "avg": 950.5115477468164,
            "min": 36.033509,
            "med": 940.7134195,
            "max": 2107.42368,
            "p(90)": 1010.9550563
        },
        "iterations": {
            "count": 12714,
            "rate": 208.7665828078085
        },
        "http_req_connecting": {
            "avg": 0.11855520355513609,
            "min": 0,
            "med": 0,
            "max": 39.488881,
            "p(90)": 0,
            "p(95)": 0
        },
        "vus": {
            "value": 200,
            "min": 200,
            "max": 200
        },
        "vus_max": {
            "value": 200,
            "min": 200,
            "max": 200
        },
        "http_req_failed": {
            "passes": 0,
            "fails": 12714,
            "value": 0
        },
        "http_reqs": {
            "count": 12714,
            "rate": 208.7665828078085
        }
    }
}