{
    "root_group": {
        "name": "",
        "path": "",
        "id": "d41d8cd98f00b204e9800998ecf8427e",
        "groups": {},
        "checks": {
                "status is 200": {
                    "name": "status is 200",
                    "path": "::status is 200",
                    "id": "6210a8cd14cd70477eba5c5e4cb3fb5f",
                    "passes": 33946,
                    "fails": 0
                }
            }
    },
    "metrics": {
        "http_req_receiving": {
            "max": 5.443055,
            "p(90)": 0.121562,
            "p(95)": 0.1756145,
            "avg": 0.07653647625640796,
            "min": 0.006541,
            "med": 0.063114
        },
        "vus": {
            "value": 200,
            "min": 200,
            "max": 200
        },
        "data_received": {
            "count": 9169220,
            "rate": 152019.62003724702
        },
        "http_req_duration": {
            "avg": 353.93898736328066,
            "min": 11.844196,
            "med": 339.1587855,
            "max": 1099.076139,
            "p(90)": 420.49278449999997,
            "p(95)": 476.488167
        },
        "data_sent": {
            "count": 10115908,
            "rate": 167715.0826887944
        },
        "iterations": {
            "count": 33946,
            "rate": 562.8022909019946
        },
        "http_reqs": {
            "count": 33946,
            "rate": 562.8022909019946
        },
        "http_req_blocked": {
            "med": 0.003482,
            "max": 48.168878,
            "p(90)": 0.00499,
            "p(95)": 0.005819,
            "avg": 0.059523976138573256,
            "min": 0.000268
        },
        "vus_max": {
            "value": 200,
            "min": 200,
            "max": 200
        },
        "http_req_failed": {
            "passes": 0,
            "fails": 33946,
            "value": 0
        },
        "http_req_duration{expected_response:true}": {
            "avg": 353.93898736328066,
            "min": 11.844196,
            "med": 339.1587855,
            "max": 1099.076139,
            "p(90)": 420.49278449999997,
            "p(95)": 476.488167
        },
        "checks": {
            "passes": 33946,
            "fails": 0,
            "value": 1
        },
        "http_req_sending": {
            "max": 91.432232,
            "p(90)": 0.0312355,
            "p(95)": 0.035294,
            "avg": 0.03266358725623033,
            "min": 0.0024,
            "med": 0.0221335
        },
        "http_req_waiting": {
            "p(90)": 420.37826900000005,
            "p(95)": 476.390576,
            "avg": 353.82978729977117,
            "min": 11.774361,
            "med": 339.04167900000004,
            "max": 1098.992767
        },
        "http_req_connecting": {
            "avg": 0.05398351629057914,
            "min": 0,
            "med": 0,
            "max": 48.140005,
            "p(90)": 0,
            "p(95)": 0
        },
        "iteration_duration": {
            "min": 11.949744,
            "med": 339.336376,
            "max": 1099.279655,
            "p(90)": 420.955791,
            "p(95)": 477.41991375,
            "avg": 354.163556546424
        },
        "http_req_tls_handshaking": {
            "med": 0,
            "max": 0,
            "p(90)": 0,
            "p(95)": 0,
            "avg": 0,
            "min": 0
        }
    }
}