{
    "root_group": {
        "path": "",
        "id": "d41d8cd98f00b204e9800998ecf8427e",
        "groups": {},
        "checks": {
                "status is 200": {
                    "name": "status is 200",
                    "path": "::status is 200",
                    "id": "6210a8cd14cd70477eba5c5e4cb3fb5f",
                    "passes": 11348,
                    "fails": 0
                }
            },
        "name": ""
    },
    "metrics": {
        "http_req_duration": {
            "min": 22.501523,
            "med": 1081.725078,
            "max": 3028.513362,
            "p(90)": 1303.1517269,
            "p(95)": 1376.4083604,
            "avg": 1065.4972015243222
        },
        "http_req_waiting": {
            "p(90)": 1303.0894444,
            "p(95)": 1376.3347007999998,
            "avg": 1065.336259020886,
            "min": 22.447297,
            "med": 1081.60592,
            "max": 3028.450892
        },
        "vus_max": {
            "value": 200,
            "min": 200,
            "max": 200
        },
        "http_req_connecting": {
            "avg": 0.1482910687345789,
            "min": 0,
            "med": 0,
            "max": 82.745828,
            "p(90)": 0,
            "p(95)": 0
        },
        "iteration_duration": {
            "p(90)": 1303.404802,
            "p(95)": 1376.5704623499998,
            "avg": 1065.8597205425667,
            "min": 22.637307,
            "med": 1081.9371775,
            "max": 3028.703754
        },
        "http_reqs": {
            "rate": 185.8613478813143,
            "count": 11348
        },
        "http_req_receiving": {
            "p(95)": 0.2394998999999998,
            "avg": 0.08813921246034542,
            "min": 0.010921,
            "med": 0.067707,
            "max": 2.426997,
            "p(90)": 0.13690990000000003
        },
        "data_sent": {
            "count": 3381704,
            "rate": 55386.68166863165
        },
        "data_received": {
            "rate": 54167.478396135615,
            "count": 3307264
        },
        "http_req_blocked": {
            "avg": 0.17401756723651723,
            "min": 0.000565,
            "med": 0.003648,
            "max": 82.7871,
            "p(90)": 0.005483300000000001,
            "p(95)": 0.006954099999999995
        },
        "http_req_failed": {
            "fails": 11348,
            "passes": 0,
            "value": 0
        },
        "iterations": {
            "rate": 185.8613478813143,
            "count": 11348
        },
        "http_req_duration{expected_response:true}": {
            "min": 22.501523,
            "med": 1081.725078,
            "max": 3028.513362,
            "p(90)": 1303.1517269,
            "p(95)": 1376.4083604,
            "avg": 1065.4972015243222
        },
        "http_req_tls_handshaking": {
            "avg": 0,
            "min": 0,
            "med": 0,
            "max": 0,
            "p(90)": 0,
            "p(95)": 0
        },
        "vus": {
            "value": 3,
            "min": 3,
            "max": 200
        },
        "http_req_sending": {
            "max": 84.233021,
            "p(90)": 0.0341476,
            "p(95)": 0.03932054999999999,
            "avg": 0.07280329097638316,
            "min": 0.004069,
            "med": 0.0232915
        },
        "checks": {
            "passes": 11348,
            "fails": 0,
            "value": 1
        }
    }
}