{
    "root_group": {
        "checks": {
            "status is 200": {
                "name": "status is 200",
                "path": "::status is 200",
                "id": "6210a8cd14cd70477eba5c5e4cb3fb5f",
                "passes": 33878,
                "fails": 0
            }
        },
        "name": "",
        "path": "",
        "id": "d41d8cd98f00b204e9800998ecf8427e",
        "groups": {}
    },
    "metrics": {
        "checks": {
            "passes": 33878,
            "fails": 0,
            "value": 1
        },
        "http_reqs": {
            "count": 33878,
            "rate": 556.1457641944384
        },
        "iteration_duration": {
            "avg": 713.9607829272065,
            "min": 542.308504,
            "med": 673.215611,
            "max": 2035.945791,
            "p(90)": 868.7096468999999,
            "p(95)": 913.2487228999998
        },
        "http_req_tls_handshaking": {
            "avg": 0,
            "min": 0,
            "med": 0,
            "max": 0,
            "p(90)": 0,
            "p(95)": 0
        },
        "http_req_failed": {
            "passes": 0,
            "fails": 33878,
            "value": 0
        },
        "data_sent": {
            "count": 10095644,
            "rate": 165731.43772994264
        },
        "http_req_sending": {
            "p(95)": 0.03824315,
            "avg": 0.044405060393175065,
            "min": 0.003445,
            "med": 0.02192,
            "max": 108.826296,
            "p(90)": 0.032713
        },
        "http_req_waiting": {
            "p(95)": 912.9611097499997,
            "avg": 713.5726491100718,
            "min": 542.036861,
            "med": 672.8766714999999,
            "max": 2033.854246,
            "p(90)": 868.3212996999999
        },
        "iterations": {
            "count": 33878,
            "rate": 556.1457641944384
        },
        "http_req_duration{expected_response:true}": {
            "p(90)": 868.522187,
            "p(95)": 913.0913078999998,
            "avg": 713.6948808338491,
            "min": 542.124563,
            "med": 672.9794575,
            "max": 2034.38236
        },
        "http_req_duration": {
            "avg": 713.6948808338491,
            "min": 542.124563,
            "med": 672.9794575,
            "max": 2034.38236,
            "p(90)": 868.522187,
            "p(95)": 913.0913078999998
        },
        "http_req_receiving": {
            "p(95)": 0.16026204999999977,
            "avg": 0.07782666338036505,
            "min": 0.008394,
            "med": 0.0620635,
            "max": 11.05056,
            "p(90)": 0.11365449999999999
        },
        "vus": {
            "value": 400,
            "min": 400,
            "max": 400
        },
        "http_req_connecting": {
            "avg": 0.07984482413365605,
            "min": 0,
            "med": 0,
            "max": 56.667153,
            "p(90)": 0,
            "p(95)": 0
        },
        "vus_max": {
            "value": 400,
            "min": 400,
            "max": 400
        },
        "http_req_blocked": {
            "med": 0.003517,
            "max": 57.328113,
            "p(90)": 0.005534,
            "p(95)": 0.006716449999999994,
            "avg": 0.08635037266072398,
            "min": 0.000448
        },
        "data_received": {
            "count": 9892376,
            "rate": 162394.563144776
        }
    }
}