{
    "metrics": {
        "iteration_duration": {
            "avg": 152.50473292500632,
            "min": 96.732172,
            "med": 127.39862049999999,
            "max": 1298.339204,
            "p(90)": 225.49312410000002,
            "p(95)": 254.2558459
        },
        "http_req_receiving": {
            "max": 6.371557,
            "p(90)": 0.10236160000000002,
            "p(95)": 0.13466015,
            "avg": 0.06899295923623507,
            "min": 0.005627,
            "med": 0.0587685
        },
        "iterations": {
            "count": 78820,
            "rate": 1306.218763219539
        },
        "http_req_sending": {
            "min": 0.002202,
            "med": 0.0212765,
            "max": 34.941114,
            "p(90)": 0.030073,
            "p(95)": 0.034434,
            "avg": 0.022367275742197677
        },
        "http_req_duration": {
            "avg": 152.32156277084374,
            "min": 96.667858,
            "med": 127.22336250000001,
            "max": 1297.849194,
            "p(90)": 225.30651480000006,
            "p(95)": 254.09081030000004
        },
        "http_req_tls_handshaking": {
            "med": 0,
            "max": 0,
            "p(90)": 0,
            "p(95)": 0,
            "avg": 0,
            "min": 0
        },
        "http_req_duration{expected_response:true}": {
            "p(90)": 225.30651480000006,
            "p(95)": 254.09081030000004,
            "avg": 152.32156277084374,
            "min": 96.667858,
            "med": 127.22336250000001,
            "max": 1297.849194
        },
        "http_req_failed": {
            "fails": 78820,
            "passes": 0,
            "value": 0
        },
        "http_req_waiting": {
            "p(95)": 254.0141594,
            "avg": 152.23020253586512,
            "min": 96.619305,
            "med": 127.135976,
            "max": 1297.753919,
            "p(90)": 225.2242972
        },
        "data_sent": {
            "count": 23488360,
            "rate": 389253.19143942255
        },
        "vus": {
            "value": 200,
            "min": 200,
            "max": 200
        },
        "http_reqs": {
            "count": 78820,
            "rate": 1306.218763219539
        },
        "data_received": {
            "count": 21292800,
            "rate": 352867.9888541106
        },
        "vus_max": {
            "value": 200,
            "min": 200,
            "max": 200
        },
        "checks": {
            "passes": 78820,
            "fails": 0,
            "value": 1
        },
        "http_req_blocked": {
            "avg": 0.02067395314640963,
            "min": 0.000286,
            "med": 0.00342,
            "max": 35.695742,
            "p(90)": 0.00502,
            "p(95)": 0.005821050000000003
        },
        "http_req_connecting": {
            "p(95)": 0,
            "avg": 0.016051751027657973,
            "min": 0,
            "med": 0,
            "max": 35.239437,
            "p(90)": 0
        }
    },
    "root_group": {
        "id": "d41d8cd98f00b204e9800998ecf8427e",
        "groups": {},
        "checks": {
                "status is 200": {
                    "passes": 78820,
                    "fails": 0,
                    "name": "status is 200",
                    "path": "::status is 200",
                    "id": "6210a8cd14cd70477eba5c5e4cb3fb5f"
                }
            },
        "name": "",
        "path": ""
    }
}