{
    "metrics": {
        "data_received": {
            "count": 17988750,
            "rate": 288419.89713762293
        },
        "http_req_tls_handshaking": {
            "p(95)": 0,
            "avg": 0,
            "min": 0,
            "med": 0,
            "max": 0,
            "p(90)": 0
        },
        "vus": {
            "min": 60,
            "max": 400,
            "value": 60
        },
        "http_req_duration": {
            "min": 47.104701,
            "med": 2155.2725689999997,
            "max": 6530.491539,
            "p(90)": 2816.8520259,
            "p(95)": 3264.539672,
            "avg": 2171.1573192464903
        },
        "http_req_duration{expected_response:true}": {
            "med": 2155.2725689999997,
            "max": 6530.491539,
            "p(90)": 2816.8520259,
            "p(95)": 3264.539672,
            "avg": 2171.1573192464903,
            "min": 47.104701
        },
        "http_req_failed": {
            "fails": 11250,
            "passes": 0,
            "value": 0
        },
        "http_req_connecting": {
            "avg": 0.20842989599999992,
            "min": 0,
            "med": 0,
            "max": 116.334439,
            "p(90)": 0,
            "p(95)": 0
        },
        "data_sent": {
            "count": 967500,
            "rate": 15512.264636545073
        },
        "http_req_waiting": {
            "avg": 2171.008128587738,
            "min": 46.911382,
            "med": 2155.184962,
            "max": 6530.414226,
            "p(90)": 2816.6776339000003,
            "p(95)": 3264.4211792499996
        },
        "vus_max": {
            "value": 400,
            "min": 400,
            "max": 400
        },
        "http_req_sending": {
            "p(95)": 0.03715355,
            "avg": 0.043583196177777714,
            "min": 0.002668,
            "med": 0.019427,
            "max": 48.807542,
            "p(90)": 0.0292445
        },
        "http_req_receiving": {
            "med": 0.0827435,
            "max": 6.12488,
            "p(90)": 0.18317720000000012,
            "p(95)": 0.27372884999999986,
            "avg": 0.10560746257777791,
            "min": 0.009144
        },
        "checks": {
            "passes": 11250,
            "fails": 0,
            "value": 1
        },
        "iteration_duration": {
            "p(95)": 3264.74902145,
            "avg": 2171.540018426931,
            "min": 47.274397,
            "med": 2155.4521885,
            "max": 6530.638312,
            "p(90)": 2817.490142
        },
        "iterations": {
            "count": 11250,
            "rate": 180.37517019238456
        },
        "http_reqs": {
            "count": 11250,
            "rate": 180.37517019238456
        },
        "http_req_blocked": {
            "p(95)": 0.011924649999999983,
            "avg": 0.21894040106666482,
            "min": 0.00038,
            "med": 0.004352,
            "max": 116.358637,
            "p(90)": 0.006806100000000001
        }
    },
    "root_group": {
        "path": "",
        "id": "d41d8cd98f00b204e9800998ecf8427e",
        "groups": {},
        "checks": {
                "status is 200": {
                    "name": "status is 200",
                    "path": "::status is 200",
                    "id": "6210a8cd14cd70477eba5c5e4cb3fb5f",
                    "passes": 11250,
                    "fails": 0
                }
            },
        "name": ""
    }
}