{
    "root_group": {
        "name": "",
        "path": "",
        "id": "d41d8cd98f00b204e9800998ecf8427e",
        "groups": {},
        "checks": {
                "status is 200": {
                    "fails": 0,
                    "name": "status is 200",
                    "path": "::status is 200",
                    "id": "6210a8cd14cd70477eba5c5e4cb3fb5f",
                    "passes": 10855
                }
            }
    },
    "metrics": {
        "checks": {
            "passes": 10855,
            "fails": 0,
            "value": 1
        },
        "vus": {
            "min": 50,
            "max": 50,
            "value": 50
        },
        "data_sent": {
            "count": 933530,
            "rate": 15484.890849066143
        },
        "iterations": {
            "count": 10855,
            "rate": 180.0568703379784
        },
        "http_req_waiting": {
            "min": 34.457263,
            "med": 265.790968,
            "max": 771.70893,
            "p(90)": 340.866426,
            "p(95)": 376.1901795,
            "avg": 276.72131703749403
        },
        "http_req_duration{expected_response:true}": {
            "avg": 276.8311413153402,
            "min": 34.528041,
            "med": 265.888199,
            "max": 772.431488,
            "p(90)": 340.9708638,
            "p(95)": 376.2675319
        },
        "http_req_connecting": {
            "avg": 0.002710046061722708,
            "min": 0,
            "med": 0,
            "max": 0.765929,
            "p(90)": 0,
            "p(95)": 0
        },
        "http_req_receiving": {
            "avg": 0.091815272961769,
            "min": 0.010047,
            "med": 0.070845,
            "max": 5.729508,
            "p(90)": 0.14063700000000007,
            "p(95)": 0.24254
        },
        "http_req_sending": {
            "max": 0.527866,
            "p(90)": 0.02429540000000001,
            "p(95)": 0.02862389999999999,
            "avg": 0.018009004882542583,
            "min": 0.002866,
            "med": 0.016872
        },
        "http_reqs": {
            "count": 10855,
            "rate": 180.0568703379784
        },
        "http_req_failed": {
            "passes": 0,
            "fails": 10855,
            "value": 0
        },
        "data_received": {
            "count": 17359045,
            "rate": 287942.45184303384
        },
        "iteration_duration": {
            "avg": 276.9805495728251,
            "min": 34.643961,
            "med": 266.032173,
            "max": 772.897525,
            "p(90)": 341.14033720000003,
            "p(95)": 376.4006783
        },
        "http_req_tls_handshaking": {
            "med": 0,
            "max": 0,
            "p(90)": 0,
            "p(95)": 0,
            "avg": 0,
            "min": 0
        },
        "http_req_blocked": {
            "avg": 0.007605228374021224,
            "min": 0.000433,
            "med": 0.003754,
            "max": 0.807617,
            "p(90)": 0.005382,
            "p(95)": 0.006594699999999993
        },
        "http_req_duration": {
            "avg": 276.8311413153402,
            "min": 34.528041,
            "med": 265.888199,
            "max": 772.431488,
            "p(90)": 340.9708638,
            "p(95)": 376.2675319
        },
        "vus_max": {
            "value": 50,
            "min": 50,
            "max": 50
        }
    }
}