{
    "metrics": {
        "http_req_sending": {
            "p(95)": 0.025334599999999992,
            "avg": 0.1466964330139208,
            "min": 0.002371,
            "med": 0.015086,
            "max": 102.485231,
            "p(90)": 0.02141460000000001
        },
        "iteration_duration": {
            "p(90)": 1532.9420826,
            "p(95)": 1598.1454287999998,
            "avg": 1463.1722061786904,
            "min": 566.486904,
            "med": 1456.068313,
            "max": 3096.773593
        },
        "data_sent": {
            "count": 1426998,
            "rate": 23220.267772760995
        },
        "data_received": {
            "count": 26532207,
            "rate": 431734.9787051725
        },
        "http_req_receiving": {
            "p(95)": 0.12132779999999994,
            "avg": 0.0766850961248719,
            "min": 0.008956,
            "med": 0.061647,
            "max": 7.540533,
            "p(90)": 0.09185760000000001
        },
        "http_req_blocked": {
            "min": 0.000374,
            "med": 0.003397,
            "max": 102.653167,
            "p(90)": 0.004921,
            "p(95)": 0.006827599999999997,
            "avg": 0.35981425926595484
        },
        "http_req_connecting": {
            "max": 59.431497,
            "p(90)": 0,
            "p(95)": 0,
            "avg": 0.11306739034532634,
            "min": 0,
            "med": 0
        },
        "http_reqs": {
            "count": 16593,
            "rate": 270.00311363675576
        },
        "checks": {
            "passes": 16593,
            "fails": 0,
            "value": 1
        },
        "http_req_failed": {
            "passes": 0,
            "fails": 16593,
            "value": 0
        },
        "vus_max": {
            "value": 400,
            "min": 400,
            "max": 400
        },
        "vus": {
            "value": 140,
            "min": 140,
            "max": 400
        },
        "http_req_duration{expected_response:true}": {
            "avg": 1462.68107586928,
            "min": 565.815317,
            "med": 1455.938869,
            "max": 3032.081144,
            "p(90)": 1532.8134096,
            "p(95)": 1598.0279165999998
        },
        "http_req_waiting": {
            "max": 3032.033558,
            "p(90)": 1532.7420574,
            "p(95)": 1597.955037,
            "avg": 1462.4576943401453,
            "min": 493.073893,
            "med": 1455.877707
        },
        "iterations": {
            "count": 16593,
            "rate": 270.00311363675576
        },
        "http_req_tls_handshaking": {
            "p(90)": 0,
            "p(95)": 0,
            "avg": 0,
            "min": 0,
            "med": 0,
            "max": 0
        },
        "http_req_duration": {
            "p(90)": 1532.8134096,
            "p(95)": 1598.0279165999998,
            "avg": 1462.68107586928,
            "min": 565.815317,
            "med": 1455.938869,
            "max": 3032.081144
        }
    },
    "root_group": {
        "name": "",
        "path": "",
        "id": "d41d8cd98f00b204e9800998ecf8427e",
        "groups": {},
        "checks": {
                "status is 200": {
                    "fails": 0,
                    "name": "status is 200",
                    "path": "::status is 200",
                    "id": "6210a8cd14cd70477eba5c5e4cb3fb5f",
                    "passes": 16593
                }
            }
    }
}