{
    "root_group": {
        "path": "",
        "id": "d41d8cd98f00b204e9800998ecf8427e",
        "groups": {},
        "checks": {
                "status is 200": {
                    "name": "status is 200",
                    "path": "::status is 200",
                    "id": "6210a8cd14cd70477eba5c5e4cb3fb5f",
                    "passes": 35591,
                    "fails": 0
                }
            },
        "name": ""
    },
    "metrics": {
        "http_req_duration{expected_response:true}": {
            "avg": 84.14546005206395,
            "min": 40.689612,
            "med": 72.858967,
            "max": 502.800131,
            "p(90)": 129.961002,
            "p(95)": 167.6982825
        },
        "http_reqs": {
            "count": 35591,
            "rate": 591.7553920472745
        },
        "http_req_duration": {
            "p(95)": 167.6982825,
            "avg": 84.14546005206395,
            "min": 40.689612,
            "med": 72.858967,
            "max": 502.800131,
            "p(90)": 129.961002
        },
        "iteration_duration": {
            "avg": 84.31120510983128,
            "min": 40.849945,
            "med": 73.015804,
            "max": 503.281894,
            "p(90)": 130.12073,
            "p(95)": 167.8624375
        },
        "vus": {
            "value": 50,
            "min": 50,
            "max": 50
        },
        "iterations": {
            "count": 35591,
            "rate": 591.7553920472745
        },
        "checks": {
            "passes": 35591,
            "fails": 0,
            "value": 1
        },
        "http_req_connecting": {
            "min": 0,
            "med": 0,
            "max": 0.529008,
            "p(90)": 0,
            "p(95)": 0,
            "avg": 0.002024439605518249
        },
        "http_req_tls_handshaking": {
            "max": 0,
            "p(90)": 0,
            "p(95)": 0,
            "avg": 0,
            "min": 0,
            "med": 0
        },
        "http_req_sending": {
            "med": 0.020863,
            "max": 0.504453,
            "p(90)": 0.028478,
            "p(95)": 0.032467499999999996,
            "avg": 0.021606610322834622,
            "min": 0.00277
        },
        "http_req_receiving": {
            "avg": 0.06762273071843962,
            "min": 0.006772,
            "med": 0.056855,
            "max": 11.520166,
            "p(90)": 0.092027,
            "p(95)": 0.12079999999999999
        },
        "http_req_waiting": {
            "avg": 84.05623071102252,
            "min": 40.617229,
            "med": 72.764129,
            "max": 502.452184,
            "p(90)": 129.854139,
            "p(95)": 167.59479950000002
        },
        "http_req_blocked": {
            "p(90)": 0.004687,
            "p(95)": 0.005486,
            "avg": 0.006270407097299873,
            "min": 0.000353,
            "med": 0.00332,
            "max": 0.941654
        },
        "data_sent": {
            "count": 10606118,
            "rate": 176343.10683008784
        },
        "http_req_failed": {
            "passes": 0,
            "fails": 35591,
            "value": 0
        },
        "data_received": {
            "count": 10328002,
            "rate": 171718.9984146283
        },
        "vus_max": {
            "value": 50,
            "min": 50,
            "max": 50
        }
    }
}