{
    "root_group": {
        "path": "",
        "id": "d41d8cd98f00b204e9800998ecf8427e",
        "groups": {},
        "checks": {
                "status is 200": {
                    "id": "6210a8cd14cd70477eba5c5e4cb3fb5f",
                    "passes": 16302,
                    "fails": 0,
                    "name": "status is 200",
                    "path": "::status is 200"
                }
            },
        "name": ""
    },
    "metrics": {
        "http_req_connecting": {
            "avg": 0.06660363820390133,
            "min": 0,
            "med": 0,
            "max": 55.648667,
            "p(90)": 0,
            "p(95)": 0
        },
        "data_received": {
            "count": 26066898,
            "rate": 429273.3012111626
        },
        "http_req_waiting": {
            "med": 727.5986155,
            "max": 1603.026695,
            "p(90)": 771.1266624,
            "p(95)": 818.3501572999999,
            "avg": 739.9918366188189,
            "min": 439.44283
        },
        "http_reqs": {
            "count": 16302,
            "rate": 268.46360300885715
        },
        "http_req_blocked": {
            "med": 0.003351,
            "max": 55.944973,
            "p(90)": 0.00464,
            "p(95)": 0.005691949999999999,
            "avg": 0.07125325524475455,
            "min": 0.000421
        },
        "http_req_duration{expected_response:true}": {
            "med": 727.6809035,
            "max": 1603.356327,
            "p(90)": 771.2139309,
            "p(95)": 818.440662,
            "avg": 740.0890080959934,
            "min": 439.505607
        },
        "iterations": {
            "count": 16302,
            "rate": 268.46360300885715
        },
        "vus": {
            "value": 200,
            "min": 200,
            "max": 200
        },
        "vus_max": {
            "min": 200,
            "max": 200,
            "value": 200
        },
        "checks": {
            "passes": 16302,
            "fails": 0,
            "value": 1
        },
        "data_sent": {
            "count": 1401972,
            "rate": 23087.869858761715
        },
        "http_req_duration": {
            "avg": 740.0890080959934,
            "min": 439.505607,
            "med": 727.6809035,
            "max": 1603.356327,
            "p(90)": 771.2139309,
            "p(95)": 818.440662
        },
        "http_req_receiving": {
            "max": 11.092386,
            "p(90)": 0.09038439999999999,
            "p(95)": 0.13003185,
            "avg": 0.07755930296896081,
            "min": 0.008176,
            "med": 0.060160000000000005
        },
        "http_req_failed": {
            "passes": 0,
            "fails": 16302,
            "value": 0
        },
        "http_req_tls_handshaking": {
            "p(90)": 0,
            "p(95)": 0,
            "avg": 0,
            "min": 0,
            "med": 0,
            "max": 0
        },
        "http_req_sending": {
            "p(90)": 0.020892,
            "p(95)": 0.024308749999999973,
            "avg": 0.01961217421175318,
            "min": 0.002648,
            "med": 0.0149365,
            "max": 32.220644
        },
        "iteration_duration": {
            "avg": 740.2893652238968,
            "min": 439.612867,
            "med": 727.812399,
            "max": 1609.524029,
            "p(90)": 771.3455462,
            "p(95)": 818.5656442499999
        }
    }
}