{
    "root_group": {
        "checks": {
            "status is 200": {
                "fails": 0,
                "name": "status is 200",
                "path": "::status is 200",
                "id": "6210a8cd14cd70477eba5c5e4cb3fb5f",
                "passes": 42348
            }
        },
        "name": "",
        "path": "",
        "id": "d41d8cd98f00b204e9800998ecf8427e",
        "groups": {}
    },
    "metrics": {
        "http_req_sending": {
            "med": 0.020663,
            "max": 2.212931,
            "p(90)": 0.028183,
            "p(95)": 0.03191165000000001,
            "avg": 0.021780392911117386,
            "min": 0.00262
        },
        "http_req_failed": {
            "passes": 0,
            "fails": 42348,
            "value": 0
        },
        "vus": {
            "max": 100,
            "value": 100,
            "min": 100
        },
        "http_req_duration": {
            "avg": 141.67805671632627,
            "min": 87.463287,
            "med": 129.8751035,
            "max": 878.107293,
            "p(90)": 184.4618311,
            "p(95)": 219.35171355
        },
        "http_req_tls_handshaking": {
            "avg": 0,
            "min": 0,
            "med": 0,
            "max": 0,
            "p(90)": 0,
            "p(95)": 0
        },
        "data_sent": {
            "count": 12619704,
            "rate": 209567.81349469032
        },
        "iterations": {
            "count": 42348,
            "rate": 703.2476962909071
        },
        "http_req_connecting": {
            "p(95)": 0,
            "avg": 0.03202703020213472,
            "min": 0,
            "med": 0,
            "max": 35.295649,
            "p(90)": 0
        },
        "http_reqs": {
            "count": 42348,
            "rate": 703.2476962909071
        },
        "http_req_waiting": {
            "med": 129.7875985,
            "max": 877.938292,
            "p(90)": 184.38737450000002,
            "p(95)": 219.28547045000002,
            "avg": 141.59161925850125,
            "min": 87.382299
        },
        "checks": {
            "passes": 42348,
            "fails": 0,
            "value": 1
        },
        "data_received": {
            "count": 12330868,
            "rate": 204771.28823716033
        },
        "http_req_receiving": {
            "min": 0.007106,
            "med": 0.0568045,
            "max": 7.711359,
            "p(90)": 0.09045190000000002,
            "p(95)": 0.11556160000000013,
            "avg": 0.06465706491451755
        },
        "iteration_duration": {
            "min": 87.638032,
            "med": 130.0364665,
            "max": 889.833432,
            "p(90)": 184.6290672,
            "p(95)": 219.4995211,
            "avg": 141.8713293065807
        },
        "vus_max": {
            "value": 100,
            "min": 100,
            "max": 100
        },
        "http_req_blocked": {
            "avg": 0.03639206892887541,
            "min": 0.000303,
            "med": 0.003318,
            "max": 35.336489,
            "p(90)": 0.004678,
            "p(95)": 0.005481650000000001
        },
        "http_req_duration{expected_response:true}": {
            "avg": 141.67805671632627,
            "min": 87.463287,
            "med": 129.8751035,
            "max": 878.107293,
            "p(90)": 184.4618311,
            "p(95)": 219.35171355
        }
    }
}