{
    "root_group": {
        "name": "",
        "path": "",
        "id": "d41d8cd98f00b204e9800998ecf8427e",
        "groups": {},
        "checks": {
                "status is 200": {
                    "name": "status is 200",
                    "path": "::status is 200",
                    "id": "6210a8cd14cd70477eba5c5e4cb3fb5f",
                    "passes": 16363,
                    "fails": 0
                }
            }
    },
    "metrics": {
        "iterations": {
            "rate": 269.59101443111274,
            "count": 16363
        },
        "http_req_sending": {
            "avg": 0.037064220741917786,
            "min": 0.003166,
            "med": 0.014859,
            "max": 50.323218,
            "p(90)": 0.020600000000000007,
            "p(95)": 0.0240556
        },
        "data_received": {
            "count": 26164437,
            "rate": 431076.0320753493
        },
        "checks": {
            "passes": 16363,
            "fails": 0,
            "value": 1
        },
        "data_sent": {
            "count": 1407218,
            "rate": 23184.827241075698
        },
        "http_req_blocked": {
            "med": 0.003301,
            "max": 92.950775,
            "p(90)": 0.00458,
            "p(95)": 0.005595599999999999,
            "avg": 0.1171073617307343,
            "min": 0.000401
        },
        "iteration_duration": {
            "min": 662.666289,
            "med": 723.948198,
            "max": 2107.612588,
            "p(90)": 773.0485172000001,
            "p(95)": 805.8565226000001,
            "avg": 737.1647578738007
        },
        "http_req_waiting": {
            "p(95)": 805.6492374999999,
            "avg": 736.8031756016032,
            "min": 662.259782,
            "med": 723.723651,
            "max": 2104.898336,
            "p(90)": 772.8287680000001
        },
        "http_req_duration{expected_response:true}": {
            "p(90)": 772.9193140000001,
            "p(95)": 805.7083524999999,
            "avg": 736.9161714721023,
            "min": 662.553608,
            "med": 723.823849,
            "max": 2105.198963
        },
        "http_req_failed": {
            "passes": 0,
            "fails": 16363,
            "value": 0
        },
        "vus_max": {
            "value": 200,
            "min": 200,
            "max": 200
        },
        "http_req_connecting": {
            "p(90)": 0,
            "p(95)": 0,
            "avg": 0.1125123772535599,
            "min": 0,
            "med": 0,
            "max": 92.902006
        },
        "http_req_tls_handshaking": {
            "min": 0,
            "med": 0,
            "max": 0,
            "p(90)": 0,
            "p(95)": 0,
            "avg": 0
        },
        "http_reqs": {
            "count": 16363,
            "rate": 269.59101443111274
        },
        "vus": {
            "value": 200,
            "min": 200,
            "max": 200
        },
        "http_req_duration": {
            "min": 662.553608,
            "med": 723.823849,
            "max": 2105.198963,
            "p(90)": 772.9193140000001,
            "p(95)": 805.7083524999999,
            "avg": 736.9161714721023
        },
        "http_req_receiving": {
            "max": 8.496137,
            "p(90)": 0.08857620000000002,
            "p(95)": 0.12656699999999993,
            "avg": 0.07593164975860188,
            "min": 0.008051,
            "med": 0.060183
        }
    }
}