{
    "root_group": {
        "name": "",
        "path": "",
        "id": "d41d8cd98f00b204e9800998ecf8427e",
        "groups": {},
        "checks": {
                "status is 200": {
                    "id": "6210a8cd14cd70477eba5c5e4cb3fb5f",
                    "passes": 11661,
                    "fails": 0,
                    "name": "status is 200",
                    "path": "::status is 200"
                }
            }
    },
    "metrics": {
        "iterations": {
            "rate": 191.9766183569726,
            "count": 11661
        },
        "http_req_blocked": {
            "avg": 0.10716437501072058,
            "min": 0.000454,
            "med": 0.003622,
            "max": 59.240383,
            "p(90)": 0.005284,
            "p(95)": 0.006512
        },
        "data_sent": {
            "count": 3474978,
            "rate": 57209.03227037784
        },
        "vus_max": {
            "value": 100,
            "min": 100,
            "max": 100
        },
        "vus": {
            "value": 100,
            "min": 100,
            "max": 100
        },
        "data_received": {
            "rate": 55896.47589856184,
            "count": 3395251
        },
        "http_req_waiting": {
            "avg": 516.6667542998887,
            "min": 23.603518,
            "med": 516.407562,
            "max": 1379.384657,
            "p(90)": 696.155342,
            "p(95)": 782.656951
        },
        "http_req_receiving": {
            "p(90)": 0.136274,
            "p(95)": 0.226962,
            "avg": 0.08565866718120208,
            "min": 0.009367,
            "med": 0.06568,
            "max": 5.067635
        },
        "http_reqs": {
            "count": 11661,
            "rate": 191.9766183569726
        },
        "checks": {
            "passes": 11661,
            "fails": 0,
            "value": 1
        },
        "iteration_duration": {
            "min": 23.812722,
            "med": 516.822876,
            "max": 1379.723462,
            "p(90)": 696.757999,
            "p(95)": 784.23656,
            "avg": 517.0707934685705
        },
        "http_req_tls_handshaking": {
            "med": 0,
            "max": 0,
            "p(90)": 0,
            "p(95)": 0,
            "avg": 0,
            "min": 0
        },
        "http_req_failed": {
            "passes": 0,
            "fails": 11661,
            "value": 0
        },
        "http_req_duration": {
            "p(95)": 782.786414,
            "avg": 516.7828978361215,
            "min": 23.724363,
            "med": 516.481231,
            "max": 1379.531258,
            "p(90)": 696.232811
        },
        "http_req_connecting": {
            "avg": 0.10142755123917334,
            "min": 0,
            "med": 0,
            "max": 59.205125,
            "p(90)": 0,
            "p(95)": 0
        },
        "http_req_sending": {
            "p(95)": 0.03792,
            "avg": 0.030484869050681925,
            "min": 0.00298,
            "med": 0.022696,
            "max": 58.503886,
            "p(90)": 0.033013
        },
        "http_req_duration{expected_response:true}": {
            "med": 516.481231,
            "max": 1379.531258,
            "p(90)": 696.232811,
            "p(95)": 782.786414,
            "avg": 516.7828978361215,
            "min": 23.724363
        }
    }
}