{
    "root_group": {
        "name": "",
        "path": "",
        "id": "d41d8cd98f00b204e9800998ecf8427e",
        "groups": {},
        "checks": {
                "status is 200": {
                    "name": "status is 200",
                    "path": "::status is 200",
                    "id": "6210a8cd14cd70477eba5c5e4cb3fb5f",
                    "passes": 16078,
                    "fails": 0
                }
            }
    },
    "metrics": {
        "http_req_receiving": {
            "p(95)": 0.12732784999999996,
            "avg": 0.07133976327901508,
            "min": 0.008539,
            "med": 0.060761499999999996,
            "max": 2.970052,
            "p(90)": 0.09148360000000001
        },
        "http_req_blocked": {
            "max": 27.881983,
            "p(90)": 0.004762,
            "p(95)": 0.005808,
            "avg": 0.0651867175021769,
            "min": 0.000347,
            "med": 0.003353
        },
        "vus": {
            "value": 200,
            "min": 200,
            "max": 200
        },
        "http_req_waiting": {
            "avg": 750.7843753579428,
            "min": 449.899148,
            "med": 734.7709915,
            "max": 1891.018871,
            "p(90)": 817.8789708,
            "p(95)": 847.43008895
        },
        "iteration_duration": {
            "avg": 751.0680707834318,
            "min": 450.229011,
            "med": 735.0075750000001,
            "max": 1914.403799,
            "p(90)": 818.1329563,
            "p(95)": 848.177325
        },
        "http_req_duration": {
            "p(95)": 847.5275548999999,
            "avg": 750.8725632293207,
            "min": 450.079456,
            "med": 734.8499955,
            "max": 1891.241037,
            "p(90)": 817.954639
        },
        "vus_max": {
            "value": 200,
            "min": 200,
            "max": 200
        },
        "iterations": {
            "count": 16078,
            "rate": 264.5787362793332
        },
        "http_req_connecting": {
            "min": 0,
            "med": 0,
            "max": 27.841931,
            "p(90)": 0,
            "p(95)": 0,
            "avg": 0.060566818634158484
        },
        "http_req_sending": {
            "avg": 0.016848108098022167,
            "min": 0.002197,
            "med": 0.015043,
            "max": 1.041159,
            "p(90)": 0.02115,
            "p(95)": 0.024496749999999998
        },
        "data_received": {
            "count": 25708722,
            "rate": 423061.3993106538
        },
        "http_req_duration{expected_response:true}": {
            "max": 1891.241037,
            "p(90)": 817.954639,
            "p(95)": 847.5275548999999,
            "avg": 750.8725632293207,
            "min": 450.079456,
            "med": 734.8499955
        },
        "checks": {
            "passes": 16078,
            "fails": 0,
            "value": 1
        },
        "http_reqs": {
            "count": 16078,
            "rate": 264.5787362793332
        },
        "http_req_failed": {
            "passes": 0,
            "fails": 16078,
            "value": 0
        },
        "http_req_tls_handshaking": {
            "avg": 0,
            "min": 0,
            "med": 0,
            "max": 0,
            "p(90)": 0,
            "p(95)": 0
        },
        "data_sent": {
            "count": 1382708,
            "rate": 22753.771320022657
        }
    }
}