{
    "metrics": {
        "http_req_sending": {
            "min": 0.002275,
            "med": 0.015151000000000001,
            "max": 142.24044,
            "p(90)": 0.022068900000000006,
            "p(95)": 0.02655709999999999,
            "avg": 0.12029718231573851
        },
        "http_req_waiting": {
            "p(95)": 1843.4586418499998,
            "avg": 1481.305973200565,
            "min": 765.499751,
            "med": 1442.958201,
            "max": 2547.271944,
            "p(90)": 1611.3920498000004
        },
        "data_sent": {
            "count": 1414184,
            "rate": 22833.283498479756
        },
        "http_req_connecting": {
            "max": 48.676074,
            "p(90)": 0,
            "p(95)": 0,
            "avg": 0.171527788311846,
            "min": 0,
            "med": 0
        },
        "http_req_tls_handshaking": {
            "max": 0,
            "p(90)": 0,
            "p(95)": 0,
            "avg": 0,
            "min": 0,
            "med": 0
        },
        "http_req_duration": {
            "avg": 1481.4984567431297,
            "min": 772.512394,
            "med": 1443.034091,
            "max": 2548.017474,
            "p(90)": 1611.4949155000004,
            "p(95)": 1843.5550807499997
        },
        "http_req_duration{expected_response:true}": {
            "avg": 1481.4984567431297,
            "min": 772.512394,
            "med": 1443.034091,
            "max": 2548.017474,
            "p(90)": 1611.4949155000004,
            "p(95)": 1843.5550807499997
        },
        "http_req_failed": {
            "passes": 0,
            "fails": 16444,
            "value": 0
        },
        "iteration_duration": {
            "avg": 1481.8787233921726,
            "min": 772.866169,
            "med": 1443.1568955,
            "max": 2570.725865,
            "p(90)": 1611.9257040000002,
            "p(95)": 1843.7848857
        },
        "checks": {
            "fails": 0,
            "passes": 16444,
            "value": 1
        },
        "vus": {
            "value": 209,
            "min": 209,
            "max": 400
        },
        "data_received": {
            "count": 26293956,
            "rate": 424539.7710938271
        },
        "vus_max": {
            "max": 400,
            "value": 400,
            "min": 400
        },
        "http_req_blocked": {
            "avg": 0.23814084231330584,
            "min": 0.000332,
            "med": 0.003407,
            "max": 142.325721,
            "p(90)": 0.005060400000000001,
            "p(95)": 0.007132249999999993
        },
        "http_req_receiving": {
            "avg": 0.07218636025297999,
            "min": 0.007673,
            "med": 0.061952,
            "max": 2.363396,
            "p(90)": 0.09594160000000002,
            "p(95)": 0.1369872999999999
        },
        "http_reqs": {
            "count": 16444,
            "rate": 265.50329649395064
        },
        "iterations": {
            "count": 16444,
            "rate": 265.50329649395064
        }
    },
    "root_group": {
        "id": "d41d8cd98f00b204e9800998ecf8427e",
        "groups": {},
        "checks": {
                "status is 200": {
                    "name": "status is 200",
                    "path": "::status is 200",
                    "id": "6210a8cd14cd70477eba5c5e4cb3fb5f",
                    "passes": 16444,
                    "fails": 0
                }
            },
        "name": "",
        "path": ""
    }
}