{
    "metrics": {
        "http_req_tls_handshaking": {
            "avg": 0,
            "min": 0,
            "med": 0,
            "max": 0,
            "p(90)": 0,
            "p(95)": 0
        },
        "http_req_duration": {
            "avg": 1510.2831091972214,
            "min": 22.425847,
            "med": 1509.600567,
            "max": 5183.607714,
            "p(90)": 1911.9292078,
            "p(95)": 2446.366904699999
        },
        "http_req_receiving": {
            "p(90)": 0.16105320000000004,
            "p(95)": 0.2593676,
            "avg": 0.09569259749597125,
            "min": 0.012203,
            "med": 0.070073,
            "max": 7.599749
        },
        "data_sent": {
            "count": 2403966,
            "rate": 38777.160359661095
        },
        "vus": {
            "value": 5,
            "min": 5,
            "max": 200
        },
        "data_received": {
            "count": 2347497,
            "rate": 37866.28746530664
        },
        "iteration_duration": {
            "max": 5183.772476,
            "p(90)": 1912.1789252,
            "p(95)": 2446.6612660999986,
            "avg": 1510.7798192508924,
            "min": 22.601059,
            "med": 1509.939713
        },
        "http_req_connecting": {
            "min": 0,
            "med": 0,
            "max": 114.26957,
            "p(90)": 0,
            "p(95)": 0,
            "avg": 0.28954686934424184
        },
        "http_req_sending": {
            "p(90)": 0.0357072,
            "p(95)": 0.0427259,
            "avg": 0.07723833358125648,
            "min": 0.004371,
            "med": 0.023663,
            "max": 112.8101
        },
        "http_req_duration{expected_response:true}": {
            "avg": 1510.2831091972214,
            "min": 22.425847,
            "med": 1509.600567,
            "max": 5183.607714,
            "p(90)": 1911.9292078,
            "p(95)": 2446.366904699999
        },
        "http_req_failed": {
            "passes": 0,
            "fails": 8067,
            "value": 0
        },
        "http_req_waiting": {
            "avg": 1510.1101782661417,
            "min": 22.347668,
            "med": 1509.553773,
            "max": 5183.509345,
            "p(90)": 1911.7786996,
            "p(95)": 2446.2654657999988
        },
        "http_reqs": {
            "count": 8067,
            "rate": 130.12469919349363
        },
        "vus_max": {
            "max": 200,
            "value": 200,
            "min": 200
        },
        "iterations": {
            "count": 8067,
            "rate": 130.12469919349363
        },
        "checks": {
            "passes": 8067,
            "fails": 0,
            "value": 1
        },
        "http_req_blocked": {
            "p(95)": 0.0080447,
            "avg": 0.30315898710797046,
            "min": 0.000559,
            "med": 0.003666,
            "max": 114.360857,
            "p(90)": 0.005808000000000003
        }
    },
    "root_group": {
        "name": "",
        "path": "",
        "id": "d41d8cd98f00b204e9800998ecf8427e",
        "groups": {},
        "checks": {
                "status is 200": {
                    "passes": 8067,
                    "fails": 0,
                    "name": "status is 200",
                    "path": "::status is 200",
                    "id": "6210a8cd14cd70477eba5c5e4cb3fb5f"
                }
            }
    }
}