{
    "metrics": {
        "http_req_tls_handshaking": {
            "avg": 0,
            "min": 0,
            "med": 0,
            "max": 0,
            "p(90)": 0,
            "p(95)": 0
        },
        "vus": {
            "value": 50,
            "min": 50,
            "max": 50
        },
        "http_req_waiting": {
            "max": 446.638992,
            "p(90)": 41.123957,
            "p(95)": 48.226182,
            "avg": 33.44566475146936,
            "min": 20.368785,
            "med": 30.517044
        },
        "data_received": {
            "rate": 398955.14850482147,
            "count": 23954729
        },
        "vus_max": {
            "value": 50,
            "min": 50,
            "max": 50
        },
        "http_req_duration": {
            "p(95)": 48.327418,
            "avg": 33.539811047566616,
            "min": 20.465107,
            "med": 30.613653,
            "max": 446.760816,
            "p(90)": 41.220274
        },
        "iterations": {
            "count": 88991,
            "rate": 1482.1047493625401
        },
        "http_req_failed": {
            "passes": 0,
            "fails": 88991,
            "value": 0
        },
        "http_reqs": {
            "count": 88991,
            "rate": 1482.1047493625401
        },
        "http_req_sending": {
            "p(90)": 0.030237,
            "p(95)": 0.0346305,
            "avg": 0.022159654908923555,
            "min": 0.002284,
            "med": 0.021479,
            "max": 0.796101
        },
        "checks": {
            "passes": 88991,
            "fails": 0,
            "value": 1
        },
        "http_req_receiving": {
            "avg": 0.07198664118843538,
            "min": 0.005902,
            "med": 0.059878,
            "max": 4.439574,
            "p(90)": 0.10746,
            "p(95)": 0.1444455
        },
        "http_req_duration{expected_response:true}": {
            "med": 30.613653,
            "max": 446.760816,
            "p(90)": 41.220274,
            "p(95)": 48.327418,
            "avg": 33.539811047566616,
            "min": 20.465107
        },
        "http_req_blocked": {
            "p(90)": 0.005162,
            "p(95)": 0.005956,
            "avg": 0.005947109763908757,
            "min": 0.000283,
            "med": 0.003512,
            "max": 0.758759
        },
        "iteration_duration": {
            "max": 447.001099,
            "p(90)": 41.37906,
            "p(95)": 48.4821115,
            "avg": 33.71147012554101,
            "min": 20.685531,
            "med": 30.78829
        },
        "http_req_connecting": {
            "p(95)": 0,
            "avg": 0.0015773945792271116,
            "min": 0,
            "med": 0,
            "max": 0.556677,
            "p(90)": 0
        },
        "data_sent": {
            "count": 26519318,
            "rate": 441667.2153100369
        }
    },
    "root_group": {
        "checks": {
            "status is 200": {
                "passes": 88991,
                "fails": 0,
                "name": "status is 200",
                "path": "::status is 200",
                "id": "6210a8cd14cd70477eba5c5e4cb3fb5f"
            }
        },
        "name": "",
        "path": "",
        "id": "d41d8cd98f00b204e9800998ecf8427e",
        "groups": {}
    }
}