{
    "root_group": {
        "name": "",
        "path": "",
        "id": "d41d8cd98f00b204e9800998ecf8427e",
        "groups": {},
        "checks": {
                "status is 200": {
                    "id": "6210a8cd14cd70477eba5c5e4cb3fb5f",
                    "passes": 92936,
                    "fails": 0,
                    "name": "status is 200",
                    "path": "::status is 200"
                }
            }
    },
    "metrics": {
        "http_req_failed": {
            "passes": 0,
            "fails": 92936,
            "value": 0
        },
        "data_received": {
            "count": 25107920,
            "rate": 417153.3667640901
        },
        "iterations": {
            "count": 92936,
            "rate": 1544.0771395475003
        },
        "http_req_waiting": {
            "avg": 128.9031445747481,
            "min": 100.680757,
            "med": 121.4933675,
            "max": 922.905535,
            "p(90)": 151.15673850000002,
            "p(95)": 164.99310725
        },
        "http_req_receiving": {
            "min": 0.006331,
            "med": 0.059331,
            "max": 4.179684,
            "p(90)": 0.1042325,
            "p(95)": 0.13945325,
            "avg": 0.06990527409184777
        },
        "vus": {
            "max": 200,
            "value": 200,
            "min": 200
        },
        "http_req_duration{expected_response:true}": {
            "avg": 128.99828028036362,
            "min": 100.731089,
            "med": 121.5829345,
            "max": 923.258406,
            "p(90)": 151.256831,
            "p(95)": 165.10157225
        },
        "http_req_sending": {
            "med": 0.021321,
            "max": 35.586731,
            "p(90)": 0.030075,
            "p(95)": 0.03443625,
            "avg": 0.02523043152276878,
            "min": 0.002293
        },
        "iteration_duration": {
            "p(95)": 165.252129,
            "avg": 129.18379087826142,
            "min": 100.813954,
            "med": 121.757071,
            "max": 950.607951,
            "p(90)": 151.423925
        },
        "data_sent": {
            "count": 27694928,
            "rate": 460134.9875851551
        },
        "http_reqs": {
            "count": 92936,
            "rate": 1544.0771395475003
        },
        "http_req_connecting": {
            "med": 0,
            "max": 35.197591,
            "p(90)": 0,
            "p(95)": 0,
            "avg": 0.015942528933889977,
            "min": 0
        },
        "vus_max": {
            "value": 200,
            "min": 200,
            "max": 200
        },
        "http_req_duration": {
            "med": 121.5829345,
            "max": 923.258406,
            "p(90)": 151.256831,
            "p(95)": 165.10157225,
            "avg": 128.99828028036362,
            "min": 100.731089
        },
        "http_req_blocked": {
            "avg": 0.021823587124472993,
            "min": 0.000265,
            "med": 0.003513,
            "max": 71.208384,
            "p(90)": 0.005164,
            "p(95)": 0.005972
        },
        "http_req_tls_handshaking": {
            "p(90)": 0,
            "p(95)": 0,
            "avg": 0,
            "min": 0,
            "med": 0,
            "max": 0
        },
        "checks": {
            "passes": 92936,
            "fails": 0,
            "value": 1
        }
    }
}