{
    "metrics": {
        "http_req_receiving": {
            "avg": 0.08627042003490265,
            "min": 0.009651,
            "med": 0.057917,
            "max": 19.089354,
            "p(90)": 0.0972166,
            "p(95)": 0.13413360000000005
        },
        "checks": {
            "passes": 35528,
            "fails": 0,
            "value": 1
        },
        "http_req_blocked": {
            "p(95)": 0.005735300000000003,
            "avg": 0.20503161315019486,
            "min": 0.000404,
            "med": 0.003331,
            "max": 91.452855,
            "p(90)": 0.004767
        },
        "http_req_waiting": {
            "med": 652.6711290000001,
            "max": 2016.431732,
            "p(90)": 831.8645346999999,
            "p(95)": 935.7007483500001,
            "avg": 677.2421586951675,
            "min": 425.996054
        },
        "http_req_duration{expected_response:true}": {
            "avg": 677.4268072305804,
            "min": 426.072256,
            "med": 652.7516915,
            "max": 2016.662904,
            "p(90)": 831.9560902,
            "p(95)": 935.8550434
        },
        "http_req_sending": {
            "med": 0.0208765,
            "max": 40.280651,
            "p(90)": 0.028789299999999997,
            "p(95)": 0.03295285000000001,
            "avg": 0.09837811537378914,
            "min": 0.003176
        },
        "data_received": {
            "count": 10374176,
            "rate": 171512.3150191701
        },
        "http_reqs": {
            "count": 35528,
            "rate": 587.370941846473
        },
        "http_req_failed": {
            "passes": 0,
            "fails": 35528,
            "value": 0
        },
        "http_req_duration": {
            "avg": 677.4268072305804,
            "min": 426.072256,
            "med": 652.7516915,
            "max": 2016.662904,
            "p(90)": 831.9560902,
            "p(95)": 935.8550434
        },
        "data_sent": {
            "count": 10587344,
            "rate": 175036.54067024897
        },
        "iteration_duration": {
            "avg": 677.810482316659,
            "min": 426.254565,
            "med": 652.9205205000001,
            "max": 2073.38875,
            "p(90)": 832.1203204999999,
            "p(95)": 936.0407105
        },
        "vus_max": {
            "value": 400,
            "min": 400,
            "max": 400
        },
        "iterations": {
            "count": 35528,
            "rate": 587.370941846473
        },
        "http_req_connecting": {
            "p(95)": 0,
            "avg": 0.14702436830105814,
            "min": 0,
            "med": 0,
            "max": 56.717994,
            "p(90)": 0
        },
        "http_req_tls_handshaking": {
            "avg": 0,
            "min": 0,
            "med": 0,
            "max": 0,
            "p(90)": 0,
            "p(95)": 0
        },
        "vus": {
            "value": 400,
            "min": 400,
            "max": 400
        }
    },
    "root_group": {
        "name": "",
        "path": "",
        "id": "d41d8cd98f00b204e9800998ecf8427e",
        "groups": {},
        "checks": {
                "status is 200": {
                    "passes": 35528,
                    "fails": 0,
                    "name": "status is 200",
                    "path": "::status is 200",
                    "id": "6210a8cd14cd70477eba5c5e4cb3fb5f"
                }
            }
    }
}