{
    "metrics": {
        "vus": {
            "value": 29,
            "min": 29,
            "max": 400
        },
        "http_req_blocked": {
            "avg": 0.7456770984492695,
            "min": 0.00047,
            "med": 0.004282,
            "max": 88.201963,
            "p(90)": 0.006782600000000001,
            "p(95)": 0.011646599999999984
        },
        "iteration_duration": {
            "avg": 2161.4775635355622,
            "min": 326.539569,
            "med": 2149.913332,
            "max": 6440.215227,
            "p(90)": 2628.4242432000005,
            "p(95)": 3141.5789717999996
        },
        "http_req_duration": {
            "p(95)": 3141.071735999999,
            "avg": 2160.5653699614436,
            "min": 326.417573,
            "med": 2149.759339,
            "max": 6440.076095,
            "p(90)": 2628.2803274000003
        },
        "http_req_duration{expected_response:true}": {
            "avg": 2160.5653699614436,
            "min": 326.417573,
            "med": 2149.759339,
            "max": 6440.076095,
            "p(90)": 2628.2803274000003,
            "p(95)": 3141.071735999999
        },
        "http_req_connecting": {
            "avg": 0.734447716437749,
            "min": 0,
            "med": 0,
            "max": 88.162549,
            "p(90)": 0,
            "p(95)": 0
        },
        "iterations": {
            "count": 11285,
            "rate": 181.51939114114637
        },
        "data_sent": {
            "count": 970510,
            "rate": 15610.667638138588
        },
        "data_received": {
            "count": 18044715,
            "rate": 290249.50643469306
        },
        "http_reqs": {
            "count": 11285,
            "rate": 181.51939114114637
        },
        "http_req_receiving": {
            "p(95)": 0.2681697999999997,
            "avg": 0.10460285591493122,
            "min": 0.012209,
            "med": 0.08189,
            "max": 6.778439,
            "p(90)": 0.17349480000000023
        },
        "checks": {
            "passes": 11285,
            "fails": 0,
            "value": 1
        },
        "vus_max": {
            "value": 400,
            "min": 400,
            "max": 400
        },
        "http_req_tls_handshaking": {
            "med": 0,
            "max": 0,
            "p(90)": 0,
            "p(95)": 0,
            "avg": 0,
            "min": 0
        },
        "http_req_waiting": {
            "p(95)": 3140.995010799999,
            "avg": 2160.417410918746,
            "min": 326.325155,
            "med": 2149.639974,
            "max": 6439.907316,
            "p(90)": 2628.1892694000003
        },
        "http_req_failed": {
            "passes": 0,
            "fails": 11285,
            "value": 0
        },
        "http_req_sending": {
            "med": 0.019353,
            "max": 87.680848,
            "p(90)": 0.029691400000000003,
            "p(95)": 0.03794739999999999,
            "avg": 0.04335618679663291,
            "min": 0.002584
        }
    },
    "root_group": {
        "path": "",
        "id": "d41d8cd98f00b204e9800998ecf8427e",
        "groups": {},
        "checks": {
                "status is 200": {
                    "id": "6210a8cd14cd70477eba5c5e4cb3fb5f",
                    "passes": 11285,
                    "fails": 0,
                    "name": "status is 200",
                    "path": "::status is 200"
                }
            },
        "name": ""
    }
}