{
    "root_group": {
        "path": "",
        "id": "d41d8cd98f00b204e9800998ecf8427e",
        "groups": {},
        "checks": {
                "status is 200": {
                    "name": "status is 200",
                    "path": "::status is 200",
                    "id": "6210a8cd14cd70477eba5c5e4cb3fb5f",
                    "passes": 40182,
                    "fails": 0
                }
            },
        "name": ""
    },
    "metrics": {
        "http_req_blocked": {
            "p(95)": 0.005726,
            "avg": 0.04470854016723901,
            "min": 0.000493,
            "med": 0.003338,
            "max": 44.803641,
            "p(90)": 0.004784
        },
        "iteration_duration": {
            "min": 183.043901,
            "med": 259.397092,
            "max": 1192.551337,
            "p(90)": 434.918623,
            "p(95)": 510.07450094999973,
            "avg": 299.142193923846
        },
        "data_received": {
            "count": 11700448,
            "rate": 194233.36002121022
        },
        "http_req_tls_handshaking": {
            "avg": 0,
            "min": 0,
            "med": 0,
            "max": 0,
            "p(90)": 0,
            "p(95)": 0
        },
        "http_req_receiving": {
            "max": 7.143557,
            "p(90)": 0.09833810000000001,
            "p(95)": 0.13507414999999984,
            "avg": 0.07096379413667822,
            "min": 0.008593,
            "med": 0.057924500000000004
        },
        "checks": {
            "passes": 40182,
            "fails": 0,
            "value": 1
        },
        "vus_max": {
            "max": 200,
            "value": 200,
            "min": 200
        },
        "http_req_duration{expected_response:true}": {
            "min": 182.854374,
            "med": 259.2341415,
            "max": 1192.151115,
            "p(90)": 434.75029070000005,
            "p(95)": 509.8942029999999,
            "avg": 298.93547666081855
        },
        "vus": {
            "value": 200,
            "min": 200,
            "max": 200
        },
        "http_req_failed": {
            "passes": 0,
            "fails": 40182,
            "value": 0
        },
        "http_req_duration": {
            "p(90)": 434.75029070000005,
            "p(95)": 509.8942029999999,
            "avg": 298.93547666081855,
            "min": 182.854374,
            "med": 259.2341415,
            "max": 1192.151115
        },
        "http_req_connecting": {
            "avg": 0.04031932176098749,
            "min": 0,
            "med": 0,
            "max": 44.75793,
            "p(90)": 0,
            "p(95)": 0
        },
        "http_req_waiting": {
            "p(95)": 509.8146138,
            "avg": 298.8361867100942,
            "min": 182.777749,
            "med": 259.141278,
            "max": 1191.654859,
            "p(90)": 434.6316302
        },
        "http_req_sending": {
            "avg": 0.028326156587526914,
            "min": 0.003388,
            "med": 0.020915,
            "max": 44.093024,
            "p(90)": 0.0289189,
            "p(95)": 0.032934899999999996
        },
        "data_sent": {
            "count": 11974236,
            "rate": 198778.37942332946
        },
        "iterations": {
            "count": 40182,
            "rate": 667.041541689025
        },
        "http_reqs": {
            "count": 40182,
            "rate": 667.041541689025
        }
    }
}