{
    "metrics": {
        "http_req_blocked": {
            "min": 0.000597,
            "med": 0.003485,
            "max": 119.224124,
            "p(90)": 0.005410599999999999,
            "p(95)": 0.006620999999999989,
            "avg": 0.10948807470483689
        },
        "http_req_waiting": {
            "min": 538.147414,
            "med": 789.370873,
            "max": 2475.266888,
            "p(90)": 1069.4919896,
            "p(95)": 1145.8117269999998,
            "avg": 840.9919105614907
        },
        "checks": {
            "passes": 28713,
            "fails": 0,
            "value": 1
        },
        "http_req_failed": {
            "passes": 0,
            "fails": 28713,
            "value": 0
        },
        "iterations": {
            "count": 28713,
            "rate": 472.03743635006555
        },
        "http_req_duration": {
            "med": 789.439434,
            "max": 2475.459339,
            "p(90)": 1069.5925908,
            "p(95)": 1145.9217171999999,
            "avg": 841.1168939851334,
            "min": 538.237403
        },
        "data_sent": {
            "count": 8556474,
            "rate": 140667.15603231953
        },
        "http_req_connecting": {
            "avg": 0.10330714139936625,
            "min": 0,
            "med": 0,
            "max": 119.176947,
            "p(90)": 0,
            "p(95)": 0
        },
        "http_req_sending": {
            "p(90)": 0.0324698,
            "p(95)": 0.03795259999999999,
            "avg": 0.044728851600320446,
            "min": 0.005182,
            "med": 0.022082,
            "max": 70.056823
        },
        "vus": {
            "value": 400,
            "min": 400,
            "max": 400
        },
        "http_reqs": {
            "count": 28713,
            "rate": 472.03743635006555
        },
        "vus_max": {
            "value": 400,
            "min": 400,
            "max": 400
        },
        "http_req_receiving": {
            "max": 5.881707,
            "p(90)": 0.11162959999999998,
            "p(95)": 0.16780899999999982,
            "avg": 0.08025457204053908,
            "min": 0.013103,
            "med": 0.061331
        },
        "http_req_duration{expected_response:true}": {
            "avg": 841.1168939851334,
            "min": 538.237403,
            "med": 789.439434,
            "max": 2475.459339,
            "p(90)": 1069.5925908,
            "p(95)": 1145.9217171999999
        },
        "data_received": {
            "count": 8384196,
            "rate": 137834.93141421914
        },
        "iteration_duration": {
            "p(90)": 1069.7634326,
            "p(95)": 1146.0863711999998,
            "avg": 841.4084323076669,
            "min": 538.469298,
            "med": 789.601956,
            "max": 2482.084679
        },
        "http_req_tls_handshaking": {
            "avg": 0,
            "min": 0,
            "med": 0,
            "max": 0,
            "p(90)": 0,
            "p(95)": 0
        }
    },
    "root_group": {
        "checks": {
            "status is 200": {
                "name": "status is 200",
                "path": "::status is 200",
                "id": "6210a8cd14cd70477eba5c5e4cb3fb5f",
                "passes": 28713,
                "fails": 0
            }
        },
        "name": "",
        "path": "",
        "id": "d41d8cd98f00b204e9800998ecf8427e",
        "groups": {}
    }
}