{
    "root_group": {
        "groups": {},
        "checks": {
                "status is 200": {
                    "id": "6210a8cd14cd70477eba5c5e4cb3fb5f",
                    "passes": 16772,
                    "fails": 0,
                    "name": "status is 200",
                    "path": "::status is 200"
                }
            },
        "name": "",
        "path": "",
        "id": "d41d8cd98f00b204e9800998ecf8427e"
    },
    "metrics": {
        "data_sent": {
            "count": 1442392,
            "rate": 23482.958262717108
        },
        "http_req_tls_handshaking": {
            "p(95)": 0,
            "avg": 0,
            "min": 0,
            "med": 0,
            "max": 0,
            "p(90)": 0
        },
        "http_req_connecting": {
            "max": 40.679316,
            "p(90)": 0,
            "p(95)": 0,
            "avg": 0.12592933019317906,
            "min": 0,
            "med": 0
        },
        "http_req_waiting": {
            "max": 2609.118749,
            "p(90)": 1525.5163936,
            "p(95)": 1557.9510618499999,
            "avg": 1446.0940279050308,
            "min": 526.63712,
            "med": 1433.2680995
        },
        "vus_max": {
            "min": 400,
            "max": 400,
            "value": 400
        },
        "iteration_duration": {
            "max": 2627.365197,
            "p(90)": 1525.715492,
            "p(95)": 1558.1908557999998,
            "avg": 1446.4603658236972,
            "min": 553.16414,
            "med": 1433.476484
        },
        "http_req_duration{expected_response:true}": {
            "avg": 1446.1953696377916,
            "min": 552.806802,
            "med": 1433.347202,
            "max": 2609.218876,
            "p(90)": 1525.5897178999999,
            "p(95)": 1558.02771025
        },
        "vus": {
            "max": 400,
            "value": 125,
            "min": 125
        },
        "http_req_sending": {
            "avg": 0.030869531123300584,
            "min": 0.002206,
            "med": 0.01497,
            "max": 40.596494,
            "p(90)": 0.021538399999999996,
            "p(95)": 0.026463
        },
        "http_req_receiving": {
            "avg": 0.0704722016455994,
            "min": 0.008538,
            "med": 0.060866500000000004,
            "max": 2.416527,
            "p(90)": 0.0909358,
            "p(95)": 0.11938035
        },
        "checks": {
            "passes": 16772,
            "fails": 0,
            "value": 1
        },
        "http_reqs": {
            "count": 16772,
            "rate": 273.0576542176408
        },
        "http_req_duration": {
            "avg": 1446.1953696377916,
            "min": 552.806802,
            "med": 1433.347202,
            "max": 2609.218876,
            "p(90)": 1525.5897178999999,
            "p(95)": 1558.02771025
        },
        "http_req_blocked": {
            "max": 40.811768,
            "p(90)": 0.0049279,
            "p(95)": 0.007001,
            "avg": 0.13645289232053393,
            "min": 0.000376,
            "med": 0.003344
        },
        "http_req_failed": {
            "passes": 0,
            "fails": 16772,
            "value": 0
        },
        "data_received": {
            "count": 26818428,
            "rate": 436619.1890940076
        },
        "iterations": {
            "count": 16772,
            "rate": 273.0576542176408
        }
    }
}