{
    "root_group": {
        "name": "",
        "path": "",
        "id": "d41d8cd98f00b204e9800998ecf8427e",
        "groups": {},
        "checks": {
                "status is 200": {
                    "passes": 64412,
                    "fails": 0,
                    "name": "status is 200",
                    "path": "::status is 200",
                    "id": "6210a8cd14cd70477eba5c5e4cb3fb5f"
                }
            }
    },
    "metrics": {
        "data_received": {
            "count": 17402640,
            "rate": 289280.18774543103
        },
        "http_req_waiting": {
            "avg": 92.93140757001896,
            "min": 46.104464,
            "med": 85.1840165,
            "max": 696.487784,
            "p(90)": 132.3762039,
            "p(95)": 152.14086995
        },
        "http_req_tls_handshaking": {
            "p(90)": 0,
            "p(95)": 0,
            "avg": 0,
            "min": 0,
            "med": 0,
            "max": 0
        },
        "http_req_receiving": {
            "med": 0.0579615,
            "max": 4.903654,
            "p(90)": 0.09780250000000001,
            "p(95)": 0.12566734999999998,
            "avg": 0.06657130393404997,
            "min": 0.006069
        },
        "http_req_failed": {
            "passes": 0,
            "fails": 64412,
            "value": 0
        },
        "vus": {
            "value": 100,
            "min": 100,
            "max": 100
        },
        "iteration_duration": {
            "avg": 93.2021983410845,
            "min": 46.226667,
            "med": 85.4344445,
            "max": 697.539803,
            "p(90)": 132.64011870000002,
            "p(95)": 152.42036875
        },
        "iterations": {
            "count": 64412,
            "rate": 1070.7062522156812
        },
        "http_req_duration": {
            "max": 697.232554,
            "p(90)": 132.4598924,
            "p(95)": 152.2428046,
            "avg": 93.02238623292138,
            "min": 46.142741,
            "med": 85.271737
        },
        "data_sent": {
            "count": 19194776,
            "rate": 319070.463160273
        },
        "http_req_duration{expected_response:true}": {
            "min": 46.142741,
            "med": 85.271737,
            "max": 697.232554,
            "p(90)": 132.4598924,
            "p(95)": 152.2428046,
            "avg": 93.02238623292138
        },
        "http_req_blocked": {
            "p(95)": 0.005749,
            "avg": 0.020474290768801355,
            "min": 0.000277,
            "med": 0.003373,
            "max": 42.629957,
            "p(90)": 0.004957
        },
        "http_req_sending": {
            "avg": 0.02440735897037858,
            "min": 0.0023,
            "med": 0.021074,
            "max": 41.29661,
            "p(90)": 0.029651,
            "p(95)": 0.03392745
        },
        "checks": {
            "passes": 64412,
            "fails": 0,
            "value": 1
        },
        "vus_max": {
            "max": 100,
            "value": 100,
            "min": 100
        },
        "http_reqs": {
            "count": 64412,
            "rate": 1070.7062522156812
        },
        "http_req_connecting": {
            "max": 42.264362,
            "p(90)": 0,
            "p(95)": 0,
            "avg": 0.014240494861205976,
            "min": 0,
            "med": 0
        }
    }
}