{
    "root_group": {
        "id": "d41d8cd98f00b204e9800998ecf8427e",
        "groups": {},
        "checks": {
                "status is 200": {
                    "name": "status is 200",
                    "path": "::status is 200",
                    "id": "6210a8cd14cd70477eba5c5e4cb3fb5f",
                    "passes": 11209,
                    "fails": 0
                }
            },
        "name": "",
        "path": ""
    },
    "metrics": {
        "http_reqs": {
            "count": 11209,
            "rate": 185.7529710298268
        },
        "http_req_connecting": {
            "avg": 0.002340775448300472,
            "min": 0,
            "med": 0,
            "max": 0.392701,
            "p(90)": 0,
            "p(95)": 0
        },
        "http_req_tls_handshaking": {
            "avg": 0,
            "min": 0,
            "med": 0,
            "max": 0,
            "p(90)": 0,
            "p(95)": 0
        },
        "data_received": {
            "count": 3263719,
            "rate": 54085.60093286602
        },
        "http_req_failed": {
            "passes": 0,
            "fails": 11209,
            "value": 0
        },
        "iterations": {
            "count": 11209,
            "rate": 185.7529710298268
        },
        "http_req_sending": {
            "med": 0.022796,
            "max": 0.578767,
            "p(90)": 0.0337536,
            "p(95)": 0.03854820000000001,
            "avg": 0.023736055758765313,
            "min": 0.002856
        },
        "data_sent": {
            "count": 3340282,
            "rate": 55354.38536688838
        },
        "vus": {
            "value": 50,
            "min": 50,
            "max": 50
        },
        "http_req_duration": {
            "med": 246.942546,
            "max": 1016.789848,
            "p(90)": 406.62917520000013,
            "p(95)": 465.0967822,
            "avg": 268.1285652711215,
            "min": 21.719451
        },
        "http_req_receiving": {
            "avg": 0.08659680810063324,
            "min": 0.007916,
            "med": 0.066491,
            "max": 3.756103,
            "p(90)": 0.13873680000000008,
            "p(95)": 0.23139060000000003
        },
        "vus_max": {
            "value": 50,
            "min": 50,
            "max": 50
        },
        "http_req_blocked": {
            "avg": 0.007013557766080809,
            "min": 0.000348,
            "med": 0.003588,
            "max": 0.512235,
            "p(90)": 0.0053822,
            "p(95)": 0.006408000000000001
        },
        "iteration_duration": {
            "avg": 268.3126033398151,
            "min": 21.835268,
            "med": 247.118995,
            "max": 1017.006915,
            "p(90)": 406.80502120000017,
            "p(95)": 465.268599
        },
        "checks": {
            "passes": 11209,
            "fails": 0,
            "value": 1
        },
        "http_req_duration{expected_response:true}": {
            "avg": 268.1285652711215,
            "min": 21.719451,
            "med": 246.942546,
            "max": 1016.789848,
            "p(90)": 406.62917520000013,
            "p(95)": 465.0967822
        },
        "http_req_waiting": {
            "avg": 268.01823240726264,
            "min": 21.674804,
            "med": 246.813837,
            "max": 1016.50024,
            "p(90)": 406.55028040000013,
            "p(95)": 465.0226938
        }
    }
}