{
    "root_group": {
        "name": "",
        "path": "",
        "id": "d41d8cd98f00b204e9800998ecf8427e",
        "groups": {},
        "checks": {
                "status is 200": {
                    "name": "status is 200",
                    "path": "::status is 200",
                    "id": "6210a8cd14cd70477eba5c5e4cb3fb5f",
                    "passes": 30133,
                    "fails": 0
                }
            }
    },
    "metrics": {
        "iterations": {
            "count": 30133,
            "rate": 494.27529853858306
        },
        "data_sent": {
            "count": 8979634,
            "rate": 147294.03896449774
        },
        "vus_max": {
            "value": 400,
            "min": 400,
            "max": 400
        },
        "http_req_connecting": {
            "p(95)": 0,
            "avg": 0.05530926987024193,
            "min": 0,
            "med": 0,
            "max": 30.164123,
            "p(90)": 0
        },
        "data_received": {
            "count": 8135910,
            "rate": 133454.33060541743
        },
        "http_reqs": {
            "rate": 494.27529853858306,
            "count": 30133
        },
        "http_req_tls_handshaking": {
            "p(90)": 0,
            "p(95)": 0,
            "avg": 0,
            "min": 0,
            "med": 0,
            "max": 0
        },
        "http_req_receiving": {
            "med": 0.073042,
            "max": 4.842078,
            "p(90)": 0.14597259999999995,
            "p(95)": 0.20909159999999996,
            "avg": 0.08942294925828834,
            "min": 0.007311
        },
        "checks": {
            "passes": 30133,
            "fails": 0,
            "value": 1
        },
        "vus": {
            "value": 400,
            "min": 400,
            "max": 400
        },
        "http_req_waiting": {
            "avg": 801.9791327003619,
            "min": 180.125898,
            "med": 726.680199,
            "max": 2827.389328,
            "p(90)": 1154.9640734,
            "p(95)": 1355.164431
        },
        "http_req_failed": {
            "passes": 0,
            "fails": 30133,
            "value": 0
        },
        "iteration_duration": {
            "avg": 802.4005637223612,
            "min": 180.378223,
            "med": 726.973365,
            "max": 2827.684958,
            "p(90)": 1155.2507144,
            "p(95)": 1355.3715745999998
        },
        "http_req_duration": {
            "avg": 802.1073744890643,
            "min": 180.294251,
            "med": 726.794035,
            "max": 2827.475768,
            "p(90)": 1155.0488137999998,
            "p(95)": 1355.2308391999998
        },
        "http_req_sending": {
            "min": 0.002727,
            "med": 0.025179,
            "max": 58.687608,
            "p(90)": 0.035654599999999995,
            "p(95)": 0.040328,
            "avg": 0.03881883944512665
        },
        "http_req_duration{expected_response:true}": {
            "avg": 802.1073744890643,
            "min": 180.294251,
            "med": 726.794035,
            "max": 2827.475768,
            "p(90)": 1155.0488137999998,
            "p(95)": 1355.2308391999998
        },
        "http_req_blocked": {
            "med": 0.003939,
            "max": 58.728693,
            "p(90)": 0.005880799999999999,
            "p(95)": 0.007132399999999976,
            "avg": 0.10326674712109582,
            "min": 0.000373
        }
    }
}