{
    "root_group": {
        "checks": {
            "status is 200": {
                "path": "::status is 200",
                "id": "6210a8cd14cd70477eba5c5e4cb3fb5f",
                "passes": 16223,
                "fails": 0,
                "name": "status is 200"
            }
        },
        "name": "",
        "path": "",
        "id": "d41d8cd98f00b204e9800998ecf8427e",
        "groups": {}
    },
    "metrics": {
        "http_req_tls_handshaking": {
            "med": 0,
            "max": 0,
            "p(90)": 0,
            "p(95)": 0,
            "avg": 0,
            "min": 0
        },
        "data_received": {
            "count": 25940577,
            "rate": 422536.9960104673
        },
        "checks": {
            "passes": 16223,
            "fails": 0,
            "value": 1
        },
        "iterations": {
            "count": 16223,
            "rate": 264.2507792435693
        },
        "http_req_blocked": {
            "p(90)": 0.005235,
            "p(95)": 0.007531299999999993,
            "avg": 0.7219927863527029,
            "min": 0.000287,
            "med": 0.003391,
            "max": 133.413455
        },
        "http_req_sending": {
            "min": 0.00202,
            "med": 0.015178,
            "max": 135.303704,
            "p(90)": 0.022768400000000005,
            "p(95)": 0.027918699999999998,
            "avg": 0.3840781818405961
        },
        "http_req_waiting": {
            "min": 716.735574,
            "med": 1466.037402,
            "max": 2810.743697,
            "p(90)": 1664.2189630000005,
            "p(95)": 1720.9024424,
            "avg": 1493.8096209819423
        },
        "http_req_duration": {
            "med": 1466.112573,
            "max": 2810.87992,
            "p(90)": 1664.2687826000003,
            "p(95)": 1721.0357723,
            "avg": 1494.26851988732,
            "min": 717.000873
        },
        "http_req_duration{expected_response:true}": {
            "p(95)": 1721.0357723,
            "avg": 1494.26851988732,
            "min": 717.000873,
            "med": 1466.112573,
            "max": 2810.87992,
            "p(90)": 1664.2687826000003
        },
        "vus_max": {
            "value": 400,
            "min": 400,
            "max": 400
        },
        "http_reqs": {
            "count": 16223,
            "rate": 264.2507792435693
        },
        "http_req_failed": {
            "passes": 0,
            "fails": 16223,
            "value": 0
        },
        "http_req_connecting": {
            "min": 0,
            "med": 0,
            "max": 49.482079,
            "p(90)": 0,
            "p(95)": 0,
            "avg": 0.20909101091043578
        },
        "iteration_duration": {
            "med": 1466.339485,
            "max": 2811.32138,
            "p(90)": 1664.3515552000003,
            "p(95)": 1721.1436371,
            "avg": 1495.1172712838643,
            "min": 717.110988
        },
        "vus": {
            "max": 400,
            "value": 122,
            "min": 122
        },
        "http_req_receiving": {
            "avg": 0.07482072354065226,
            "min": 0.007994,
            "med": 0.061935,
            "max": 5.240932,
            "p(90)": 0.09709140000000006,
            "p(95)": 0.13469969999999998
        },
        "data_sent": {
            "count": 1395178,
            "rate": 22725.56701494696
        }
    }
}