{
    "root_group": {
        "id": "d41d8cd98f00b204e9800998ecf8427e",
        "groups": {},
        "checks": {
                "status is 200": {
                    "passes": 20220,
                    "fails": 0,
                    "name": "status is 200",
                    "path": "::status is 200",
                    "id": "6210a8cd14cd70477eba5c5e4cb3fb5f"
                }
            },
        "name": "",
        "path": ""
    },
    "metrics": {
        "http_req_duration": {
            "avg": 594.9548614011339,
            "min": 11.84968,
            "med": 575.5996685,
            "max": 2132.004341,
            "p(90)": 771.7315325000001,
            "p(95)": 858.4340156499998
        },
        "http_req_receiving": {
            "p(95)": 0.17774420000000002,
            "avg": 0.07661968501483643,
            "min": 0.007132,
            "med": 0.0631945,
            "max": 1.516849,
            "p(90)": 0.11744330000000001
        },
        "vus_max": {
            "value": 200,
            "min": 200,
            "max": 200
        },
        "http_req_blocked": {
            "avg": 0.043200978239366694,
            "min": 0.000313,
            "med": 0.0035355,
            "max": 35.714727,
            "p(90)": 0.005146100000000002,
            "p(95)": 0.006255099999999999
        },
        "http_req_tls_handshaking": {
            "med": 0,
            "max": 0,
            "p(90)": 0,
            "p(95)": 0,
            "avg": 0,
            "min": 0
        },
        "data_sent": {
            "count": 6025560,
            "rate": 99819.43627522724
        },
        "http_req_waiting": {
            "max": 2131.919423,
            "p(90)": 771.6625277,
            "p(95)": 858.3541819499998,
            "avg": 594.8435341261111,
            "min": 11.704613,
            "med": 575.4859409999999
        },
        "checks": {
            "passes": 20220,
            "fails": 0,
            "value": 1
        },
        "iteration_duration": {
            "avg": 595.1697296158304,
            "min": 12.02467,
            "med": 575.7690024999999,
            "max": 2132.210403,
            "p(90)": 771.8501427000003,
            "p(95)": 858.5926109999997
        },
        "http_req_failed": {
            "passes": 0,
            "fails": 20220,
            "value": 0
        },
        "data_received": {
            "count": 5462535,
            "rate": 90492.36325481755
        },
        "iterations": {
            "count": 20220,
            "rate": 334.96455125915185
        },
        "http_req_duration{expected_response:true}": {
            "p(95)": 858.4340156499998,
            "avg": 594.9548614011339,
            "min": 11.84968,
            "med": 575.5996685,
            "max": 2132.004341,
            "p(90)": 771.7315325000001
        },
        "http_reqs": {
            "rate": 334.96455125915185,
            "count": 20220
        },
        "vus": {
            "value": 200,
            "min": 200,
            "max": 200
        },
        "http_req_connecting": {
            "p(90)": 0,
            "p(95)": 0,
            "avg": 0.036270549901088044,
            "min": 0,
            "med": 0,
            "max": 35.684284
        },
        "http_req_sending": {
            "avg": 0.034707590009891334,
            "min": 0.002489,
            "med": 0.022329,
            "max": 36.767797,
            "p(90)": 0.031988100000000005,
            "p(95)": 0.036987099999999995
        }
    }
}