{
    "root_group": {
        "name": "",
        "path": "",
        "id": "d41d8cd98f00b204e9800998ecf8427e",
        "groups": {},
        "checks": {
                "status is 200": {
                    "name": "status is 200",
                    "path": "::status is 200",
                    "id": "6210a8cd14cd70477eba5c5e4cb3fb5f",
                    "passes": 10747,
                    "fails": 0
                }
            }
    },
    "metrics": {
        "iteration_duration": {
            "max": 664.961579,
            "p(90)": 346.61113620000003,
            "p(95)": 383.45643509999996,
            "avg": 279.72821773527556,
            "min": 38.511414,
            "med": 268.168236
        },
        "http_req_failed": {
            "passes": 0,
            "fails": 10747,
            "value": 0
        },
        "vus_max": {
            "value": 50,
            "min": 50,
            "max": 50
        },
        "http_req_duration": {
            "p(90)": 346.4593746,
            "p(95)": 383.3020601,
            "avg": 279.57948513017527,
            "min": 38.332387,
            "med": 267.973891,
            "max": 664.697983
        },
        "http_req_duration{expected_response:true}": {
            "avg": 279.57948513017527,
            "min": 38.332387,
            "med": 267.973891,
            "max": 664.697983,
            "p(90)": 346.4593746,
            "p(95)": 383.3020601
        },
        "http_req_blocked": {
            "avg": 0.007351215408951317,
            "min": 0.000362,
            "med": 0.00374,
            "max": 0.495085,
            "p(90)": 0.005387,
            "p(95)": 0.006526799999999996
        },
        "http_req_tls_handshaking": {
            "avg": 0,
            "min": 0,
            "med": 0,
            "max": 0,
            "p(90)": 0,
            "p(95)": 0
        },
        "data_received": {
            "count": 17186353,
            "rate": 284445.6724159547
        },
        "checks": {
            "passes": 10747,
            "fails": 0,
            "value": 1
        },
        "http_req_sending": {
            "p(90)": 0.024294599999999996,
            "p(95)": 0.028522399999999986,
            "avg": 0.017768852703080002,
            "min": 0.002242,
            "med": 0.016825,
            "max": 0.184411
        },
        "http_reqs": {
            "count": 10747,
            "rate": 177.87006012586065
        },
        "data_sent": {
            "count": 924242,
            "rate": 15296.825170824015
        },
        "vus": {
            "value": 50,
            "min": 50,
            "max": 50
        },
        "http_req_waiting": {
            "avg": 279.47073111928853,
            "min": 38.252702,
            "med": 267.884345,
            "max": 664.430057,
            "p(90)": 346.2403981999999,
            "p(95)": 383.1207024
        },
        "iterations": {
            "count": 10747,
            "rate": 177.87006012586065
        },
        "http_req_connecting": {
            "min": 0,
            "med": 0,
            "max": 0.382851,
            "p(90)": 0,
            "p(95)": 0,
            "avg": 0.0025107576998232065
        },
        "http_req_receiving": {
            "p(90)": 0.1430234,
            "p(95)": 0.23392519999999986,
            "avg": 0.09098515818367886,
            "min": 0.008681,
            "med": 0.070575,
            "max": 6.717937
        }
    }
}