{
    "root_group": {
        "path": "",
        "id": "d41d8cd98f00b204e9800998ecf8427e",
        "groups": {},
        "checks": {
                "status is 200": {
                    "fails": 0,
                    "name": "status is 200",
                    "path": "::status is 200",
                    "id": "6210a8cd14cd70477eba5c5e4cb3fb5f",
                    "passes": 40991
                }
            },
        "name": ""
    },
    "metrics": {
        "http_req_duration": {
            "p(90)": 696.403417,
            "p(95)": 755.957364,
            "avg": 586.8722966963498,
            "min": 356.090044,
            "med": 569.077282,
            "max": 1921.780212
        },
        "checks": {
            "fails": 0,
            "passes": 40991,
            "value": 1
        },
        "http_req_sending": {
            "p(95)": 0.0340125,
            "avg": 0.031720411114634854,
            "min": 0.003421,
            "med": 0.020926,
            "max": 23.282342,
            "p(90)": 0.029031
        },
        "http_req_failed": {
            "passes": 0,
            "fails": 40991,
            "value": 0
        },
        "http_req_waiting": {
            "min": 355.518883,
            "med": 568.979133,
            "max": 1921.450651,
            "p(90)": 696.292066,
            "p(95)": 755.883923,
            "avg": 586.7687091068043
        },
        "data_received": {
            "count": 11976972,
            "rate": 197988.36736192173
        },
        "http_req_duration{expected_response:true}": {
            "avg": 586.8722966963498,
            "min": 356.090044,
            "med": 569.077282,
            "max": 1921.780212,
            "p(90)": 696.403417,
            "p(95)": 755.957364
        },
        "vus_max": {
            "min": 400,
            "max": 400,
            "value": 400
        },
        "http_req_connecting": {
            "p(90)": 0,
            "p(95)": 0,
            "avg": 0.1774898407699253,
            "min": 0,
            "med": 0,
            "max": 70.404413
        },
        "iterations": {
            "count": 40991,
            "rate": 677.6121015004906
        },
        "http_req_receiving": {
            "avg": 0.07186717842941168,
            "min": 0.008444,
            "med": 0.057919,
            "max": 13.150849,
            "p(90)": 0.095609,
            "p(95)": 0.127482
        },
        "iteration_duration": {
            "min": 356.241014,
            "med": 569.241378,
            "max": 1981.957337,
            "p(90)": 696.565548,
            "p(95)": 756.1300125,
            "avg": 587.2217356692682
        },
        "vus": {
            "value": 400,
            "min": 400,
            "max": 400
        },
        "http_req_blocked": {
            "avg": 0.18586662923568606,
            "min": 0.000455,
            "med": 0.003328,
            "max": 103.484965,
            "p(90)": 0.004777,
            "p(95)": 0.005905
        },
        "http_req_tls_handshaking": {
            "p(95)": 0,
            "avg": 0,
            "min": 0,
            "med": 0,
            "max": 0,
            "p(90)": 0
        },
        "data_sent": {
            "count": 12215318,
            "rate": 201928.40624714617
        },
        "http_reqs": {
            "count": 40991,
            "rate": 677.6121015004906
        }
    }
}