{
    "root_group": {
        "name": "",
        "path": "",
        "id": "d41d8cd98f00b204e9800998ecf8427e",
        "groups": {},
        "checks": {
                "status is 200": {
                    "path": "::status is 200",
                    "id": "6210a8cd14cd70477eba5c5e4cb3fb5f",
                    "passes": 17118,
                    "fails": 0,
                    "name": "status is 200"
                }
            }
    },
    "metrics": {
        "http_req_blocked": {
            "med": 0.003373,
            "max": 136.939228,
            "p(90)": 0.004816300000000001,
            "p(95)": 0.006678049999999997,
            "avg": 0.3586086049772177,
            "min": 0.000375
        },
        "iterations": {
            "count": 17118,
            "rate": 278.73423963825627
        },
        "data_received": {
            "count": 27371682,
            "rate": 445696.0491815718
        },
        "http_req_duration": {
            "max": 2540.887678,
            "p(90)": 1456.4745649000001,
            "p(95)": 1483.27282275,
            "avg": 1416.0841061135618,
            "min": 444.410335,
            "med": 1422.347239
        },
        "iteration_duration": {
            "max": 2654.896907,
            "p(90)": 1456.5808154000001,
            "p(95)": 1483.3946844499999,
            "avg": 1416.570656659369,
            "min": 444.698423,
            "med": 1422.4751595
        },
        "checks": {
            "passes": 17118,
            "fails": 0,
            "value": 1
        },
        "http_req_failed": {
            "fails": 17118,
            "passes": 0,
            "value": 0
        },
        "http_reqs": {
            "count": 17118,
            "rate": 278.73423963825627
        },
        "http_req_tls_handshaking": {
            "max": 0,
            "p(90)": 0,
            "p(95)": 0,
            "avg": 0,
            "min": 0,
            "med": 0
        },
        "http_req_receiving": {
            "avg": 0.07131532830938199,
            "min": 0.008444,
            "med": 0.0612435,
            "max": 8.15175,
            "p(90)": 0.09028210000000002,
            "p(95)": 0.11625529999999999
        },
        "vus": {
            "min": 117,
            "max": 400,
            "value": 117
        },
        "http_req_duration{expected_response:true}": {
            "avg": 1416.0841061135618,
            "min": 444.410335,
            "med": 1422.347239,
            "max": 2540.887678,
            "p(90)": 1456.4745649000001,
            "p(95)": 1483.27282275
        },
        "http_req_connecting": {
            "min": 0,
            "med": 0,
            "max": 42.937047,
            "p(90)": 0,
            "p(95)": 0,
            "avg": 0.1181106711064376
        },
        "http_req_waiting": {
            "avg": 1415.6733077492688,
            "min": 378.083817,
            "med": 1422.271968,
            "max": 2540.795911,
            "p(90)": 1456.3842406,
            "p(95)": 1483.1968384499999
        },
        "http_req_sending": {
            "p(95)": 0.024246949999999993,
            "avg": 0.3394830359855162,
            "min": 0.002314,
            "med": 0.0148345,
            "max": 135.926379,
            "p(90)": 0.020733300000000003
        },
        "data_sent": {
            "count": 1472148,
            "rate": 23971.14460889004
        },
        "vus_max": {
            "max": 400,
            "value": 400,
            "min": 400
        }
    }
}