{
    "metrics": {
        "http_req_waiting": {
            "avg": 1107.7973353754098,
            "min": 34.585104,
            "med": 1068.6094785,
            "max": 2961.580248,
            "p(90)": 1346.9654939999998,
            "p(95)": 1472.95386715
        },
        "data_sent": {
            "count": 940152,
            "rate": 15379.237418060198
        },
        "iterations": {
            "count": 10932,
            "rate": 178.82834207046741
        },
        "vus_max": {
            "value": 200,
            "min": 200,
            "max": 200
        },
        "http_reqs": {
            "count": 10932,
            "rate": 178.82834207046741
        },
        "http_req_tls_handshaking": {
            "p(95)": 0,
            "avg": 0,
            "min": 0,
            "med": 0,
            "max": 0,
            "p(90)": 0
        },
        "http_req_failed": {
            "passes": 0,
            "fails": 10932,
            "value": 0
        },
        "http_req_duration{expected_response:true}": {
            "max": 2961.681433,
            "p(90)": 1347.0361183,
            "p(95)": 1473.1137744999999,
            "avg": 1107.9428530651269,
            "min": 34.663633,
            "med": 1068.745772
        },
        "http_req_receiving": {
            "med": 0.073507,
            "max": 3.930005,
            "p(90)": 0.16291689999999995,
            "p(95)": 0.25934984999999977,
            "avg": 0.09761034293816358,
            "min": 0.009296
        },
        "http_req_duration": {
            "max": 2961.681433,
            "p(90)": 1347.0361183,
            "p(95)": 1473.1137744999999,
            "avg": 1107.9428530651269,
            "min": 34.663633,
            "med": 1068.745772
        },
        "http_req_sending": {
            "avg": 0.04790734678009535,
            "min": 0.002744,
            "med": 0.0173965,
            "max": 87.561137,
            "p(90)": 0.0256488,
            "p(95)": 0.030712899999999953
        },
        "iteration_duration": {
            "p(95)": 1473.2925716999998,
            "avg": 1108.2666610537856,
            "min": 34.791208,
            "med": 1069.171594,
            "max": 2961.850716,
            "p(90)": 1347.1584579
        },
        "checks": {
            "passes": 10932,
            "fails": 0,
            "value": 1
        },
        "data_received": {
            "count": 17480268,
            "rate": 285946.5189706774
        },
        "http_req_blocked": {
            "p(90)": 0.005729199999999997,
            "p(95)": 0.007262249999999994,
            "avg": 0.174752317782657,
            "min": 0.00039,
            "med": 0.003844,
            "max": 68.892187
        },
        "http_req_connecting": {
            "min": 0,
            "med": 0,
            "max": 68.751283,
            "p(90)": 0,
            "p(95)": 0,
            "avg": 0.15946542133186972
        },
        "vus": {
            "value": 32,
            "min": 32,
            "max": 200
        }
    },
    "root_group": {
        "name": "",
        "path": "",
        "id": "d41d8cd98f00b204e9800998ecf8427e",
        "groups": {},
        "checks": {
                "status is 200": {
                    "name": "status is 200",
                    "path": "::status is 200",
                    "id": "6210a8cd14cd70477eba5c5e4cb3fb5f",
                    "passes": 10932,
                    "fails": 0
                }
            }
    }
}