{
    "metrics": {
        "vus": {
            "min": 200,
            "max": 200,
            "value": 200
        },
        "http_req_connecting": {
            "max": 36.256149,
            "p(90)": 0,
            "p(95)": 0,
            "avg": 0.07957744181929188,
            "min": 0,
            "med": 0
        },
        "http_req_failed": {
            "passes": 0,
            "fails": 16380,
            "value": 0
        },
        "http_reqs": {
            "count": 16380,
            "rate": 269.77969830155416
        },
        "http_req_sending": {
            "avg": 0.03397371910866884,
            "min": 0.002838,
            "med": 0.0148405,
            "max": 35.836398,
            "p(90)": 0.020543099999999998,
            "p(95)": 0.024106249999999996
        },
        "http_req_duration{expected_response:true}": {
            "avg": 736.439146840599,
            "min": 450.035701,
            "med": 721.711131,
            "max": 1614.508416,
            "p(90)": 784.6766425999999,
            "p(95)": 810.1945276
        },
        "http_req_tls_handshaking": {
            "avg": 0,
            "min": 0,
            "med": 0,
            "max": 0,
            "p(90)": 0,
            "p(95)": 0
        },
        "data_sent": {
            "count": 1408680,
            "rate": 23201.054053933658
        },
        "http_req_duration": {
            "max": 1614.508416,
            "p(90)": 784.6766425999999,
            "p(95)": 810.1945276,
            "avg": 736.439146840599,
            "min": 450.035701,
            "med": 721.711131
        },
        "http_req_waiting": {
            "p(95)": 810.0799139,
            "avg": 736.3318813095251,
            "min": 449.951955,
            "med": 721.624409,
            "max": 1614.254982,
            "p(90)": 784.6005269
        },
        "iterations": {
            "count": 16380,
            "rate": 269.77969830155416
        },
        "checks": {
            "passes": 16380,
            "fails": 0,
            "value": 1
        },
        "http_req_blocked": {
            "p(90)": 0.004628300000000001,
            "p(95)": 0.0057521499999999975,
            "avg": 0.08979121306471309,
            "min": 0.000488,
            "med": 0.003346,
            "max": 36.299222
        },
        "http_req_receiving": {
            "min": 0.010758,
            "med": 0.0598315,
            "max": 7.120255,
            "p(90)": 0.08887140000000002,
            "p(95)": 0.12632759999999976,
            "avg": 0.0732918119658116
        },
        "iteration_duration": {
            "p(95)": 810.3446497499999,
            "avg": 736.6581990829678,
            "min": 450.174597,
            "med": 721.8261435,
            "max": 1615.47254,
            "p(90)": 784.8127691
        },
        "vus_max": {
            "value": 200,
            "min": 200,
            "max": 200
        },
        "data_received": {
            "count": 26191620,
            "rate": 431377.73758418515
        }
    },
    "root_group": {
        "name": "",
        "path": "",
        "id": "d41d8cd98f00b204e9800998ecf8427e",
        "groups": {},
        "checks": {
                "status is 200": {
                    "fails": 0,
                    "name": "status is 200",
                    "path": "::status is 200",
                    "id": "6210a8cd14cd70477eba5c5e4cb3fb5f",
                    "passes": 16380
                }
            }
    }
}