{
    "metrics": {
        "http_req_duration{expected_response:true}": {
            "p(95)": 408.666257,
            "avg": 367.24223192800906,
            "min": 95.171681,
            "med": 358.380583,
            "max": 829.48497,
            "p(90)": 387.3345292
        },
        "iteration_duration": {
            "avg": 367.4127275538849,
            "min": 95.288332,
            "med": 358.513215,
            "max": 829.823376,
            "p(90)": 387.4478106,
            "p(95)": 408.819367
        },
        "http_reqs": {
            "count": 16377,
            "rate": 271.316173987728
        },
        "vus": {
            "max": 100,
            "value": 100,
            "min": 100
        },
        "vus_max": {
            "value": 100,
            "min": 100,
            "max": 100
        },
        "http_req_tls_handshaking": {
            "p(90)": 0,
            "p(95)": 0,
            "avg": 0,
            "min": 0,
            "med": 0,
            "max": 0
        },
        "checks": {
            "fails": 0,
            "passes": 16377,
            "value": 1
        },
        "data_received": {
            "count": 26188723,
            "rate": 433866.0393224897
        },
        "data_sent": {
            "rate": 23333.19096294461,
            "count": 1408422
        },
        "http_req_failed": {
            "passes": 0,
            "fails": 16377,
            "value": 0
        },
        "iterations": {
            "count": 16377,
            "rate": 271.316173987728
        },
        "http_req_receiving": {
            "p(90)": 0.09333359999999999,
            "p(95)": 0.13203139999999985,
            "avg": 0.07955751370825007,
            "min": 0.009379,
            "med": 0.060938,
            "max": 9.849688
        },
        "http_req_waiting": {
            "med": 358.299609,
            "max": 829.132084,
            "p(90)": 387.2515894,
            "p(95)": 408.5641978,
            "avg": 367.14085012621433,
            "min": 94.942103
        },
        "http_req_duration": {
            "avg": 367.24223192800906,
            "min": 95.171681,
            "med": 358.380583,
            "max": 829.48497,
            "p(90)": 387.3345292,
            "p(95)": 408.666257
        },
        "http_req_blocked": {
            "min": 0.000466,
            "med": 0.003399,
            "max": 30.270667,
            "p(90)": 0.004797399999999999,
            "p(95)": 0.005791999999999995,
            "avg": 0.0412027601514323
        },
        "http_req_sending": {
            "avg": 0.021824288086951263,
            "min": 0.002588,
            "med": 0.015085,
            "max": 30.754282,
            "p(90)": 0.0213222,
            "p(95)": 0.0246552
        },
        "http_req_connecting": {
            "max": 30.225697,
            "p(90)": 0,
            "p(95)": 0,
            "avg": 0.0369462080356598,
            "min": 0,
            "med": 0
        }
    },
    "root_group": {
        "path": "",
        "id": "d41d8cd98f00b204e9800998ecf8427e",
        "groups": {},
        "checks": {
                "status is 200": {
                    "name": "status is 200",
                    "path": "::status is 200",
                    "id": "6210a8cd14cd70477eba5c5e4cb3fb5f",
                    "passes": 16377,
                    "fails": 0
                }
            },
        "name": ""
    }
}