{
    "metrics": {
        "checks": {
            "passes": 39528,
            "fails": 0,
            "value": 1
        },
        "data_received": {
            "count": 11509317,
            "rate": 191681.08784622475
        },
        "http_req_duration": {
            "p(95)": 136.1895629500001,
            "avg": 75.74733957463066,
            "min": 37.348262,
            "med": 67.412518,
            "max": 499.428685,
            "p(90)": 104.5417446
        },
        "iteration_duration": {
            "p(90)": 104.7213428,
            "p(95)": 136.36054075000007,
            "avg": 75.91088705773073,
            "min": 37.429732,
            "med": 67.57847050000001,
            "max": 499.665649
        },
        "http_req_receiving": {
            "avg": 0.06933496895871304,
            "min": 0.006339,
            "med": 0.0569145,
            "max": 10.546513,
            "p(90)": 0.0935526,
            "p(95)": 0.12282385000000001
        },
        "http_req_tls_handshaking": {
            "p(95)": 0,
            "avg": 0,
            "min": 0,
            "med": 0,
            "max": 0,
            "p(90)": 0
        },
        "vus_max": {
            "value": 50,
            "min": 50,
            "max": 50
        },
        "http_req_duration{expected_response:true}": {
            "avg": 75.74733957463066,
            "min": 37.348262,
            "med": 67.412518,
            "max": 499.428685,
            "p(90)": 104.5417446,
            "p(95)": 136.1895629500001
        },
        "iterations": {
            "count": 39528,
            "rate": 658.3162181027399
        },
        "data_sent": {
            "count": 11779344,
            "rate": 196178.2329946165
        },
        "http_reqs": {
            "count": 39528,
            "rate": 658.3162181027399
        },
        "http_req_waiting": {
            "p(90)": 104.43331530000002,
            "p(95)": 136.1164261500001,
            "avg": 75.65676132969111,
            "min": 37.303692,
            "med": 67.3246655,
            "max": 498.821137
        },
        "vus": {
            "value": 50,
            "min": 50,
            "max": 50
        },
        "http_req_sending": {
            "avg": 0.02124327598158244,
            "min": 0.002373,
            "med": 0.020738,
            "max": 0.548029,
            "p(90)": 0.028303600000000005,
            "p(95)": 0.031939300000000004
        },
        "http_req_blocked": {
            "avg": 0.005702531699048718,
            "min": 0.000365,
            "med": 0.0033,
            "max": 0.656448,
            "p(90)": 0.004635300000000003,
            "p(95)": 0.005403
        },
        "http_req_failed": {
            "passes": 0,
            "fails": 39528,
            "value": 0
        },
        "http_req_connecting": {
            "p(95)": 0,
            "avg": 0.0016128371787087641,
            "min": 0,
            "med": 0,
            "max": 0.544141,
            "p(90)": 0
        }
    },
    "root_group": {
        "name": "",
        "path": "",
        "id": "d41d8cd98f00b204e9800998ecf8427e",
        "groups": {},
        "checks": {
                "status is 200": {
                    "name": "status is 200",
                    "path": "::status is 200",
                    "id": "6210a8cd14cd70477eba5c5e4cb3fb5f",
                    "passes": 39528,
                    "fails": 0
                }
            }
    }
}