{
    "root_group": {
        "name": "",
        "path": "",
        "id": "d41d8cd98f00b204e9800998ecf8427e",
        "groups": {},
        "checks": {
                "status is 200": {
                    "id": "6210a8cd14cd70477eba5c5e4cb3fb5f",
                    "passes": 12507,
                    "fails": 0,
                    "name": "status is 200",
                    "path": "::status is 200"
                }
            }
    },
    "metrics": {
        "data_sent": {
            "count": 3727086,
            "rate": 61897.56524319859
        },
        "http_req_sending": {
            "avg": 0.02344032557767647,
            "min": 0.002487,
            "med": 0.022695,
            "max": 0.564314,
            "p(90)": 0.0330502,
            "p(95)": 0.03709699999999999
        },
        "http_req_connecting": {
            "med": 0,
            "max": 0.387155,
            "p(90)": 0,
            "p(95)": 0,
            "avg": 0.0021403059886463583,
            "min": 0
        },
        "http_req_waiting": {
            "avg": 240.0410602444229,
            "min": 23.32335,
            "med": 220.030728,
            "max": 759.960201,
            "p(90)": 356.4672528,
            "p(95)": 409.1597976999999
        },
        "checks": {
            "passes": 12507,
            "fails": 0,
            "value": 1
        },
        "iteration_duration": {
            "p(90)": 356.7952684,
            "p(95)": 409.4330169999999,
            "avg": 240.33008817574122,
            "min": 23.476726,
            "med": 220.312587,
            "max": 760.447651
        },
        "http_req_receiving": {
            "min": 0.008217,
            "med": 0.065985,
            "max": 1.482204,
            "p(90)": 0.13360519999999987,
            "p(95)": 0.21526909999999996,
            "avg": 0.08307947501399252
        },
        "http_req_failed": {
            "passes": 0,
            "fails": 12507,
            "value": 0
        },
        "vus": {
            "min": 50,
            "max": 50,
            "value": 50
        },
        "http_req_duration": {
            "med": 220.138268,
            "max": 760.123299,
            "p(90)": 356.58719379999997,
            "p(95)": 409.2438780999999,
            "avg": 240.14758004501547,
            "min": 23.376145
        },
        "http_req_tls_handshaking": {
            "med": 0,
            "max": 0,
            "p(90)": 0,
            "p(95)": 0,
            "avg": 0,
            "min": 0
        },
        "data_received": {
            "count": 3628930,
            "rate": 60267.4398814518
        },
        "iterations": {
            "rate": 207.70995048053217,
            "count": 12507
        },
        "vus_max": {
            "value": 50,
            "min": 50,
            "max": 50
        },
        "http_req_blocked": {
            "avg": 0.006787533701127415,
            "min": 0.000325,
            "med": 0.003586,
            "max": 0.730788,
            "p(90)": 0.005239,
            "p(95)": 0.006214699999999999
        },
        "http_reqs": {
            "count": 12507,
            "rate": 207.70995048053217
        },
        "http_req_duration{expected_response:true}": {
            "min": 23.376145,
            "med": 220.138268,
            "max": 760.123299,
            "p(90)": 356.58719379999997,
            "p(95)": 409.2438780999999,
            "avg": 240.14758004501547
        }
    }
}