{
    "metrics": {
        "vus": {
            "value": 200,
            "min": 200,
            "max": 200
        },
        "http_req_duration": {
            "min": 180.849238,
            "med": 256.889952,
            "max": 1200.679952,
            "p(90)": 351.9555584,
            "p(95)": 391.8670270999999,
            "avg": 277.3998655599079
        },
        "vus_max": {
            "value": 200,
            "min": 200,
            "max": 200
        },
        "http_req_duration{expected_response:true}": {
            "p(95)": 391.8670270999999,
            "avg": 277.3998655599079,
            "min": 180.849238,
            "med": 256.889952,
            "max": 1200.679952,
            "p(90)": 351.9555584
        },
        "iterations": {
            "count": 43275,
            "rate": 719.0724082659882
        },
        "http_req_tls_handshaking": {
            "avg": 0,
            "min": 0,
            "med": 0,
            "max": 0,
            "p(90)": 0,
            "p(95)": 0
        },
        "http_req_receiving": {
            "min": 0.008579,
            "med": 0.058081,
            "max": 6.378158,
            "p(90)": 0.09813979999999999,
            "p(95)": 0.13376609999999983,
            "avg": 0.07162963071057127
        },
        "http_req_failed": {
            "passes": 0,
            "fails": 43275,
            "value": 0
        },
        "checks": {
            "passes": 43275,
            "fails": 0,
            "value": 1
        },
        "http_req_sending": {
            "max": 70.379916,
            "p(90)": 0.028813599999999998,
            "p(95)": 0.03305859999999999,
            "avg": 0.026832938625072137,
            "min": 0.003448,
            "med": 0.020984
        },
        "iteration_duration": {
            "max": 1201.056429,
            "p(90)": 352.1548456,
            "p(95)": 392.06392719999997,
            "avg": 277.6008477057169,
            "min": 181.02923,
            "med": 257.051715
        },
        "http_req_blocked": {
            "avg": 0.03796130084344325,
            "min": 0.000397,
            "med": 0.003351,
            "max": 40.169946,
            "p(90)": 0.004756,
            "p(95)": 0.00572
        },
        "data_sent": {
            "count": 12895950,
            "rate": 214283.5776632645
        },
        "data_received": {
            "count": 12600625,
            "rate": 209376.35504116968
        },
        "http_req_connecting": {
            "avg": 0.03351084002310798,
            "min": 0,
            "med": 0,
            "max": 40.124704,
            "p(90)": 0,
            "p(95)": 0
        },
        "http_req_waiting": {
            "max": 1199.970949,
            "p(90)": 351.85013299999997,
            "p(95)": 391.7998321999999,
            "avg": 277.3014029905716,
            "min": 180.769917,
            "med": 256.807714
        },
        "http_reqs": {
            "count": 43275,
            "rate": 719.0724082659882
        }
    },
    "root_group": {
        "name": "",
        "path": "",
        "id": "d41d8cd98f00b204e9800998ecf8427e",
        "groups": {},
        "checks": {
                "status is 200": {
                    "name": "status is 200",
                    "path": "::status is 200",
                    "id": "6210a8cd14cd70477eba5c5e4cb3fb5f",
                    "passes": 43275,
                    "fails": 0
                }
            }
    }
}