{
    "metrics": {
        "http_req_connecting": {
            "med": 0,
            "max": 64.594451,
            "p(90)": 0,
            "p(95)": 0,
            "avg": 0.1564774127960723,
            "min": 0
        },
        "http_req_sending": {
            "avg": 0.06041102607670003,
            "min": 0.002605,
            "med": 0.025558,
            "max": 64.559472,
            "p(90)": 0.036199800000000004,
            "p(95)": 0.0411314
        },
        "http_reqs": {
            "count": 31369,
            "rate": 515.2645275770939
        },
        "http_req_receiving": {
            "max": 3.152132,
            "p(90)": 0.14056,
            "p(95)": 0.20186699999999996,
            "avg": 0.08813170352896202,
            "min": 0.007481,
            "med": 0.073281
        },
        "http_req_failed": {
            "passes": 0,
            "fails": 31369,
            "value": 0
        },
        "http_req_waiting": {
            "min": 196.532092,
            "med": 739.251561,
            "max": 2355.306595,
            "p(90)": 1012.2093806,
            "p(95)": 1130.8452584,
            "avg": 768.7888107873409
        },
        "data_received": {
            "rate": 139121.42244581535,
            "count": 8469630
        },
        "iteration_duration": {
            "med": 739.6082,
            "max": 2355.814613,
            "p(90)": 1012.508099,
            "p(95)": 1131.0549106,
            "avg": 769.3458655243412,
            "min": 262.584943
        },
        "http_req_blocked": {
            "min": 0.000327,
            "med": 0.003929,
            "max": 106.797351,
            "p(90)": 0.005853,
            "p(95)": 0.007089799999999996,
            "avg": 0.18800190650004828
        },
        "http_req_duration{expected_response:true}": {
            "p(95)": 1130.9183229999999,
            "avg": 768.9373535169448,
            "min": 198.117358,
            "med": 739.370722,
            "max": 2355.403737,
            "p(90)": 1012.3073044
        },
        "checks": {
            "passes": 31369,
            "fails": 0,
            "value": 1
        },
        "data_sent": {
            "count": 9347962,
            "rate": 153548.82921797395
        },
        "iterations": {
            "count": 31369,
            "rate": 515.2645275770939
        },
        "vus_max": {
            "max": 400,
            "value": 400,
            "min": 400
        },
        "vus": {
            "max": 400,
            "value": 400,
            "min": 400
        },
        "http_req_tls_handshaking": {
            "avg": 0,
            "min": 0,
            "med": 0,
            "max": 0,
            "p(90)": 0,
            "p(95)": 0
        },
        "http_req_duration": {
            "p(95)": 1130.9183229999999,
            "avg": 768.9373535169448,
            "min": 198.117358,
            "med": 739.370722,
            "max": 2355.403737,
            "p(90)": 1012.3073044
        }
    },
    "root_group": {
        "checks": {
            "status is 200": {
                "name": "status is 200",
                "path": "::status is 200",
                "id": "6210a8cd14cd70477eba5c5e4cb3fb5f",
                "passes": 31369,
                "fails": 0
            }
        },
        "name": "",
        "path": "",
        "id": "d41d8cd98f00b204e9800998ecf8427e",
        "groups": {}
    }
}