{
    "metrics": {
        "iteration_duration": {
            "avg": 727.0765332947487,
            "min": 257.207823,
            "med": 703.286246,
            "max": 2104.823806,
            "p(90)": 931.5758263,
            "p(95)": 1045.2097402499999
        },
        "http_req_blocked": {
            "min": 0.000379,
            "med": 0.003984,
            "max": 85.579292,
            "p(90)": 0.005869,
            "p(95)": 0.007024849999999998,
            "avg": 0.08434126962971848
        },
        "http_req_waiting": {
            "max": 2104.43339,
            "p(90)": 931.3068086,
            "p(95)": 1044.8454328999997,
            "avg": 726.6738729895674,
            "min": 256.924616,
            "med": 702.991021
        },
        "http_req_duration{expected_response:true}": {
            "p(90)": 931.3922281,
            "p(95)": 1044.9547407499997,
            "avg": 726.8024289654757,
            "min": 257.084567,
            "med": 703.09802,
            "max": 2104.571965
        },
        "http_req_failed": {
            "passes": 0,
            "fails": 33164,
            "value": 0
        },
        "http_req_duration": {
            "med": 703.09802,
            "max": 2104.571965,
            "p(90)": 931.3922281,
            "p(95)": 1044.9547407499997,
            "avg": 726.8024289654757,
            "min": 257.084567
        },
        "http_req_tls_handshaking": {
            "max": 0,
            "p(90)": 0,
            "p(95)": 0,
            "avg": 0,
            "min": 0,
            "med": 0
        },
        "iterations": {
            "count": 33164,
            "rate": 545.9485673218173
        },
        "data_received": {
            "count": 8954280,
            "rate": 147406.11317689068
        },
        "vus": {
            "value": 400,
            "min": 400,
            "max": 400
        },
        "http_req_connecting": {
            "p(95)": 0,
            "avg": 0.07193296957544322,
            "min": 0,
            "med": 0,
            "max": 85.542223,
            "p(90)": 0
        },
        "http_req_sending": {
            "avg": 0.04081781184416827,
            "min": 0.002769,
            "med": 0.025341000000000002,
            "max": 43.873181,
            "p(90)": 0.035846800000000005,
            "p(95)": 0.040228549999999995
        },
        "http_reqs": {
            "count": 33164,
            "rate": 545.9485673218173
        },
        "vus_max": {
            "max": 400,
            "value": 400,
            "min": 400
        },
        "checks": {
            "passes": 33164,
            "fails": 0,
            "value": 1
        },
        "data_sent": {
            "count": 9882872,
            "rate": 162692.6730619016
        },
        "http_req_receiving": {
            "p(90)": 0.1389821,
            "p(95)": 0.20075369999999998,
            "avg": 0.087738164063442,
            "min": 0.007783,
            "med": 0.072988,
            "max": 7.000354
        }
    },
    "root_group": {
        "path": "",
        "id": "d41d8cd98f00b204e9800998ecf8427e",
        "groups": {},
        "checks": {
                "status is 200": {
                    "name": "status is 200",
                    "path": "::status is 200",
                    "id": "6210a8cd14cd70477eba5c5e4cb3fb5f",
                    "passes": 33164,
                    "fails": 0
                }
            },
        "name": ""
    }
}