{
    "root_group": {
        "name": "",
        "path": "",
        "id": "d41d8cd98f00b204e9800998ecf8427e",
        "groups": {},
        "checks": {
                "status is 200": {
                    "passes": 10200,
                    "fails": 0,
                    "name": "status is 200",
                    "path": "::status is 200",
                    "id": "6210a8cd14cd70477eba5c5e4cb3fb5f"
                }
            }
    },
    "metrics": {
        "http_req_blocked": {
            "avg": 0.06784141970588231,
            "min": 0.000443,
            "med": 0.00376,
            "max": 29.691044,
            "p(90)": 0.005588200000000001,
            "p(95)": 0.007109
        },
        "http_req_connecting": {
            "p(90)": 0,
            "p(95)": 0,
            "avg": 0.058943526568627475,
            "min": 0,
            "med": 0,
            "max": 28.893538
        },
        "http_req_tls_handshaking": {
            "p(90)": 0,
            "p(95)": 0,
            "avg": 0,
            "min": 0,
            "med": 0,
            "max": 0
        },
        "http_req_duration": {
            "min": 34.254462,
            "med": 572.57115,
            "max": 2105.297716,
            "p(90)": 692.1916988,
            "p(95)": 737.2596314499995,
            "avg": 591.1355338174524
        },
        "http_req_failed": {
            "passes": 0,
            "fails": 10200,
            "value": 0
        },
        "http_req_sending": {
            "avg": 0.01879387774509806,
            "min": 0.002604,
            "med": 0.017044499999999997,
            "max": 0.378461,
            "p(90)": 0.0251345,
            "p(95)": 0.030442149999999998
        },
        "http_req_receiving": {
            "avg": 0.09754470098039228,
            "min": 0.010288,
            "med": 0.07301450000000001,
            "max": 2.56602,
            "p(90)": 0.16425240000000005,
            "p(95)": 0.2686179999999998
        },
        "iterations": {
            "count": 10200,
            "rate": 168.24022017297554
        },
        "http_reqs": {
            "count": 10200,
            "rate": 168.24022017297554
        },
        "checks": {
            "passes": 10200,
            "fails": 0,
            "value": 1
        },
        "data_received": {
            "count": 16311681,
            "rate": 269047.1375324845
        },
        "iteration_duration": {
            "avg": 591.3497319287262,
            "min": 34.363925,
            "med": 572.816887,
            "max": 2105.397635,
            "p(90)": 692.4942469,
            "p(95)": 738.1839447499996
        },
        "http_req_duration{expected_response:true}": {
            "p(90)": 692.1916988,
            "p(95)": 737.2596314499995,
            "avg": 591.1355338174524,
            "min": 34.254462,
            "med": 572.57115,
            "max": 2105.297716
        },
        "vus_max": {
            "value": 100,
            "min": 100,
            "max": 100
        },
        "vus": {
            "min": 100,
            "max": 100,
            "value": 100
        },
        "http_req_waiting": {
            "max": 2105.10103,
            "p(90)": 692.1101031000001,
            "p(95)": 737.1684128999995,
            "avg": 591.0191952387268,
            "min": 34.188208,
            "med": 572.416643
        },
        "data_sent": {
            "rate": 14468.658934875895,
            "count": 877200
        }
    }
}