{
    "metrics": {
        "http_req_tls_handshaking": {
            "min": 0,
            "med": 0,
            "max": 0,
            "p(90)": 0,
            "p(95)": 0,
            "avg": 0
        },
        "http_req_sending": {
            "avg": 0.023335521064785668,
            "min": 0.002276,
            "med": 0.021541,
            "max": 40.947661,
            "p(90)": 0.030659,
            "p(95)": 0.035046
        },
        "http_reqs": {
            "count": 87041,
            "rate": 1444.747556525929
        },
        "data_received": {
            "count": 23516270,
            "rate": 390334.13702857285
        },
        "iteration_duration": {
            "p(90)": 187.369506,
            "p(95)": 211.516901,
            "avg": 137.95555788985627,
            "min": 94.562751,
            "med": 121.362261,
            "max": 911.831156
        },
        "vus": {
            "value": 200,
            "min": 200,
            "max": 200
        },
        "http_req_connecting": {
            "avg": 0.025202968164428297,
            "min": 0,
            "med": 0,
            "max": 40.445128,
            "p(90)": 0,
            "p(95)": 0
        },
        "iterations": {
            "count": 87041,
            "rate": 1444.747556525929
        },
        "http_req_receiving": {
            "avg": 0.06991220801691153,
            "min": 0.006177,
            "med": 0.059402,
            "max": 7.240448,
            "p(90)": 0.104925,
            "p(95)": 0.139364
        },
        "checks": {
            "fails": 0,
            "passes": 87041,
            "value": 1
        },
        "http_req_failed": {
            "passes": 0,
            "fails": 87041,
            "value": 0
        },
        "http_req_blocked": {
            "p(90)": 0.005216,
            "p(95)": 0.006081,
            "avg": 0.0331995630564897,
            "min": 0.000255,
            "med": 0.00351,
            "max": 79.372171
        },
        "http_req_waiting": {
            "min": 94.465512,
            "med": 121.093699,
            "max": 909.948016,
            "p(90)": 187.090373,
            "p(95)": 211.237302,
            "avg": 137.66499934544615
        },
        "data_sent": {
            "count": 25938218,
            "rate": 430534.7718447268
        },
        "http_req_duration": {
            "max": 910.640722,
            "p(90)": 187.191904,
            "p(95)": 211.350797,
            "avg": 137.75824707452693,
            "min": 94.50082,
            "med": 121.190079
        },
        "http_req_duration{expected_response:true}": {
            "max": 910.640722,
            "p(90)": 187.191904,
            "p(95)": 211.350797,
            "avg": 137.75824707452693,
            "min": 94.50082,
            "med": 121.190079
        },
        "vus_max": {
            "value": 200,
            "min": 200,
            "max": 200
        }
    },
    "root_group": {
        "name": "",
        "path": "",
        "id": "d41d8cd98f00b204e9800998ecf8427e",
        "groups": {},
        "checks": {
                "status is 200": {
                    "name": "status is 200",
                    "path": "::status is 200",
                    "id": "6210a8cd14cd70477eba5c5e4cb3fb5f",
                    "passes": 87041,
                    "fails": 0
                }
            }
    }
}