{
    "root_group": {
        "path": "",
        "id": "d41d8cd98f00b204e9800998ecf8427e",
        "groups": {},
        "checks": {
                "status is 200": {
                    "id": "6210a8cd14cd70477eba5c5e4cb3fb5f",
                    "passes": 85429,
                    "fails": 0,
                    "name": "status is 200",
                    "path": "::status is 200"
                }
            },
        "name": ""
    },
    "metrics": {
        "http_req_blocked": {
            "avg": 0.006073191269943521,
            "min": 0.000286,
            "med": 0.003519,
            "max": 0.518022,
            "p(90)": 0.005157,
            "p(95)": 0.00596
        },
        "checks": {
            "passes": 85429,
            "fails": 0,
            "value": 1
        },
        "http_reqs": {
            "count": 85429,
            "rate": 1423.109541490399
        },
        "http_req_waiting": {
            "avg": 34.84611945770169,
            "min": 19.651903,
            "med": 30.629095,
            "max": 442.601954,
            "p(90)": 45.5144064,
            "p(95)": 55.236267999999974
        },
        "http_req_receiving": {
            "med": 0.059091,
            "max": 3.482562,
            "p(90)": 0.1049234,
            "p(95)": 0.1417157999999999,
            "avg": 0.07017471932247808,
            "min": 0.005633
        },
        "http_req_failed": {
            "passes": 0,
            "fails": 85429,
            "value": 0
        },
        "iterations": {
            "count": 85429,
            "rate": 1423.109541490399
        },
        "http_req_duration": {
            "avg": 34.938215068981506,
            "min": 19.73462,
            "med": 30.722443,
            "max": 442.725769,
            "p(90)": 45.6036468,
            "p(95)": 55.32363179999997
        },
        "data_sent": {
            "count": 25457842,
            "rate": 424086.64336413884
        },
        "vus_max": {
            "min": 50,
            "max": 50,
            "value": 50
        },
        "iteration_duration": {
            "max": 443.112593,
            "p(90)": 45.77175,
            "p(95)": 55.498994599999996,
            "avg": 35.108339748012924,
            "min": 19.9305,
            "med": 30.896694
        },
        "vus": {
            "value": 50,
            "min": 50,
            "max": 50
        },
        "http_req_duration{expected_response:true}": {
            "avg": 34.938215068981506,
            "min": 19.73462,
            "med": 30.722443,
            "max": 442.725769,
            "p(90)": 45.6036468,
            "p(95)": 55.32363179999997
        },
        "http_req_tls_handshaking": {
            "max": 0,
            "p(90)": 0,
            "p(95)": 0,
            "avg": 0,
            "min": 0,
            "med": 0
        },
        "http_req_connecting": {
            "med": 0,
            "max": 0.416968,
            "p(90)": 0,
            "p(95)": 0,
            "avg": 0.0016659196291657393,
            "min": 0
        },
        "data_received": {
            "count": 22996380,
            "rate": 383082.65106391243
        },
        "http_req_sending": {
            "p(95)": 0.034354,
            "avg": 0.021920891957063832,
            "min": 0.002357,
            "med": 0.021237,
            "max": 0.755322,
            "p(90)": 0.029968199999999997
        }
    }
}