{
    "root_group": {
        "path": "",
        "id": "d41d8cd98f00b204e9800998ecf8427e",
        "groups": {},
        "checks": {
                "status is 200": {
                    "passes": 87201,
                    "fails": 0,
                    "name": "status is 200",
                    "path": "::status is 200",
                    "id": "6210a8cd14cd70477eba5c5e4cb3fb5f"
                }
            },
        "name": ""
    },
    "metrics": {
        "http_req_duration": {
            "p(90)": 41.244719,
            "p(95)": 47.582559,
            "avg": 34.220198024438,
            "min": 20.874468,
            "med": 31.8065,
            "max": 393.952249
        },
        "data_sent": {
            "rate": 432906.90592606546,
            "count": 25985898
        },
        "vus": {
            "value": 50,
            "min": 50,
            "max": 50
        },
        "http_req_connecting": {
            "min": 0,
            "med": 0,
            "max": 0.37307,
            "p(90)": 0,
            "p(95)": 0,
            "avg": 0.001688991880827056
        },
        "http_req_waiting": {
            "avg": 34.125955040641166,
            "min": 20.811838,
            "med": 31.707958,
            "max": 393.748205,
            "p(90)": 41.151632,
            "p(95)": 47.486667
        },
        "http_req_receiving": {
            "max": 3.782659,
            "p(90)": 0.106752,
            "p(95)": 0.143884,
            "avg": 0.07168408420775013,
            "min": 0.005645,
            "med": 0.059818
        },
        "http_req_failed": {
            "passes": 0,
            "fails": 87201,
            "value": 0
        },
        "checks": {
            "passes": 87201,
            "fails": 0,
            "value": 1
        },
        "http_req_tls_handshaking": {
            "max": 0,
            "p(90)": 0,
            "p(95)": 0,
            "avg": 0,
            "min": 0,
            "med": 0
        },
        "http_req_duration{expected_response:true}": {
            "p(95)": 47.582559,
            "avg": 34.220198024438,
            "min": 20.874468,
            "med": 31.8065,
            "max": 393.952249,
            "p(90)": 41.244719
        },
        "data_received": {
            "count": 23473219,
            "rate": 391047.4292408495
        },
        "http_req_sending": {
            "p(95)": 0.035225,
            "avg": 0.02255889958830754,
            "min": 0.001987,
            "med": 0.021741,
            "max": 2.936248,
            "p(90)": 0.030694
        },
        "vus_max": {
            "value": 50,
            "min": 50,
            "max": 50
        },
        "http_req_blocked": {
            "p(95)": 0.005982,
            "avg": 0.006165766929278392,
            "min": 0.000303,
            "med": 0.003573,
            "max": 1.247099,
            "p(90)": 0.005216
        },
        "http_reqs": {
            "count": 87201,
            "rate": 1452.707738006931
        },
        "iteration_duration": {
            "avg": 34.393106875953016,
            "min": 21.054209,
            "med": 31.984712,
            "max": 394.417586,
            "p(90)": 41.41318,
            "p(95)": 47.750365
        },
        "iterations": {
            "count": 87201,
            "rate": 1452.707738006931
        }
    }
}