{
    "metrics": {
        "data_sent": {
            "rate": 57855.15427775958,
            "count": 3485110
        },
        "http_req_failed": {
            "passes": 0,
            "fails": 11695,
            "value": 0
        },
        "http_reqs": {
            "count": 11695,
            "rate": 194.14481301261605
        },
        "http_req_tls_handshaking": {
            "avg": 0,
            "min": 0,
            "med": 0,
            "max": 0,
            "p(90)": 0,
            "p(95)": 0
        },
        "http_req_waiting": {
            "max": 848.858835,
            "p(90)": 360.8028412,
            "p(95)": 411.50659619999993,
            "avg": 256.5981692782368,
            "min": 22.552149,
            "med": 239.494651
        },
        "http_req_duration{expected_response:true}": {
            "min": 22.611335,
            "med": 239.591726,
            "max": 848.907351,
            "p(90)": 360.8993082,
            "p(95)": 411.5963004999999,
            "avg": 256.70873799897413
        },
        "http_req_receiving": {
            "min": 0.007212,
            "med": 0.06666,
            "max": 8.040978,
            "p(90)": 0.1410084,
            "p(95)": 0.2329719,
            "avg": 0.08681790987601576
        },
        "vus_max": {
            "max": 50,
            "value": 50,
            "min": 50
        },
        "data_received": {
            "count": 3405145,
            "rate": 56527.68185599354
        },
        "checks": {
            "passes": 11695,
            "fails": 0,
            "value": 1
        },
        "iterations": {
            "count": 11695,
            "rate": 194.14481301261605
        },
        "vus": {
            "max": 50,
            "value": 50,
            "min": 50
        },
        "http_req_blocked": {
            "min": 0.000426,
            "med": 0.003608,
            "max": 0.495053,
            "p(90)": 0.005308600000000001,
            "p(95)": 0.0063814999999999966,
            "avg": 0.0068444188969645145
        },
        "http_req_connecting": {
            "p(90)": 0,
            "p(95)": 0,
            "avg": 0.0022550313809320223,
            "min": 0,
            "med": 0,
            "max": 0.368219
        },
        "http_req_sending": {
            "min": 0.00312,
            "med": 0.023008,
            "max": 0.231076,
            "p(90)": 0.0337854,
            "p(95)": 0.03814589999999999,
            "avg": 0.02375081085934156
        },
        "http_req_duration": {
            "avg": 256.70873799897413,
            "min": 22.611335,
            "med": 239.591726,
            "max": 848.907351,
            "p(90)": 360.8993082,
            "p(95)": 411.5963004999999
        },
        "iteration_duration": {
            "avg": 256.89306233988987,
            "min": 22.692695,
            "med": 239.762052,
            "max": 849.027877,
            "p(90)": 361.099739,
            "p(95)": 411.8056078
        }
    },
    "root_group": {
        "name": "",
        "path": "",
        "id": "d41d8cd98f00b204e9800998ecf8427e",
        "groups": {},
        "checks": {
                "status is 200": {
                    "id": "6210a8cd14cd70477eba5c5e4cb3fb5f",
                    "passes": 11695,
                    "fails": 0,
                    "name": "status is 200",
                    "path": "::status is 200"
                }
            }
    }
}