{
    "root_group": {
        "path": "",
        "id": "d41d8cd98f00b204e9800998ecf8427e",
        "groups": {},
        "checks": {
                "status is 200": {
                    "fails": 0,
                    "name": "status is 200",
                    "path": "::status is 200",
                    "id": "6210a8cd14cd70477eba5c5e4cb3fb5f",
                    "passes": 16459
                }
            },
        "name": ""
    },
    "metrics": {
        "http_req_blocked": {
            "avg": 0.0380252198797013,
            "min": 0.000344,
            "med": 0.003396,
            "max": 25.831015,
            "p(90)": 0.004748400000000001,
            "p(95)": 0.0057440999999999985
        },
        "http_req_failed": {
            "passes": 0,
            "fails": 16459,
            "value": 0
        },
        "http_req_waiting": {
            "avg": 365.4318443131419,
            "min": 99.326165,
            "med": 358.447382,
            "max": 797.635342,
            "p(90)": 387.99650560000003,
            "p(95)": 400.49331359999996
        },
        "http_req_duration": {
            "min": 99.427391,
            "med": 358.536187,
            "max": 798.023697,
            "p(90)": 388.0841752,
            "p(95)": 400.56474249999997,
            "avg": 365.5230041667759
        },
        "http_req_duration{expected_response:true}": {
            "max": 798.023697,
            "p(90)": 388.0841752,
            "p(95)": 400.56474249999997,
            "avg": 365.5230041667759,
            "min": 99.427391,
            "med": 358.536187
        },
        "vus_max": {
            "value": 100,
            "min": 100,
            "max": 100
        },
        "vus": {
            "min": 100,
            "max": 100,
            "value": 100
        },
        "http_req_receiving": {
            "avg": 0.0750631383437635,
            "min": 0.008739,
            "med": 0.060642,
            "max": 10.106581,
            "p(90)": 0.09217540000000002,
            "p(95)": 0.13490549999999984
        },
        "iteration_duration": {
            "avg": 365.68882591870715,
            "min": 99.570351,
            "med": 358.661778,
            "max": 800.29229,
            "p(90)": 388.20714599999997,
            "p(95)": 400.6832913999999
        },
        "http_reqs": {
            "count": 16459,
            "rate": 272.360397146618
        },
        "http_req_sending": {
            "avg": 0.016096715292545097,
            "min": 0.002533,
            "med": 0.015093,
            "max": 0.437517,
            "p(90)": 0.020953600000000003,
            "p(95)": 0.024043899999999986
        },
        "data_sent": {
            "count": 1415474,
            "rate": 23422.99415460915
        },
        "iterations": {
            "count": 16459,
            "rate": 272.360397146618
        },
        "http_req_connecting": {
            "avg": 0.033685552828239915,
            "min": 0,
            "med": 0,
            "max": 25.793152,
            "p(90)": 0,
            "p(95)": 0
        },
        "http_req_tls_handshaking": {
            "p(95)": 0,
            "avg": 0,
            "min": 0,
            "med": 0,
            "max": 0,
            "p(90)": 0
        },
        "checks": {
            "passes": 16459,
            "fails": 0,
            "value": 1
        },
        "data_received": {
            "rate": 435535.71587555984,
            "count": 26319841
        }
    }
}