{
    "metrics": {
        "data_sent": {
            "count": 26809868,
            "rate": 446609.1260135244
        },
        "http_req_waiting": {
            "p(90)": 38.250843,
            "p(95)": 42.396163,
            "avg": 33.0629577532402,
            "min": 19.277649,
            "med": 31.5471005,
            "max": 399.802691
        },
        "http_req_connecting": {
            "p(95)": 0,
            "avg": 0.0017233181090634247,
            "min": 0,
            "med": 0,
            "max": 2.310886,
            "p(90)": 0
        },
        "http_req_blocked": {
            "p(95)": 0.006059,
            "avg": 0.006228454282729033,
            "min": 0.000293,
            "med": 0.003603,
            "max": 2.468503,
            "p(90)": 0.0052575
        },
        "http_req_duration{expected_response:true}": {
            "min": 19.38598,
            "med": 31.6427765,
            "max": 399.994116,
            "p(90)": 38.3566165,
            "p(95)": 42.490065,
            "avg": 33.15944460592868
        },
        "iteration_duration": {
            "avg": 33.33671062056756,
            "min": 19.74049,
            "med": 31.8267335,
            "max": 400.497661,
            "p(90)": 38.530927,
            "p(95)": 42.6555115
        },
        "http_req_tls_handshaking": {
            "p(90)": 0,
            "p(95)": 0,
            "avg": 0,
            "min": 0,
            "med": 0,
            "max": 0
        },
        "http_req_receiving": {
            "min": 0.005541,
            "med": 0.060901,
            "max": 4.571993,
            "p(90)": 0.1102785,
            "p(95)": 0.15054025000000001,
            "avg": 0.07354275439610457
        },
        "iterations": {
            "count": 89966,
            "rate": 1498.6883423272632
        },
        "http_reqs": {
            "count": 89966,
            "rate": 1498.6883423272632
        },
        "http_req_duration": {
            "med": 31.6427765,
            "max": 399.994116,
            "p(90)": 38.3566165,
            "p(95)": 42.490065,
            "avg": 33.15944460592868,
            "min": 19.38598
        },
        "http_req_failed": {
            "passes": 0,
            "fails": 89966,
            "value": 0
        },
        "http_req_sending": {
            "p(90)": 0.031141,
            "p(95)": 0.0356955,
            "avg": 0.022944098292688092,
            "min": 0.002294,
            "med": 0.022234,
            "max": 0.944609
        },
        "vus": {
            "value": 50,
            "min": 50,
            "max": 50
        },
        "vus_max": {
            "max": 50,
            "value": 50,
            "min": 50
        },
        "checks": {
            "passes": 89966,
            "fails": 0,
            "value": 1
        },
        "data_received": {
            "count": 24217517,
            "rate": 403424.7427696276
        }
    },
    "root_group": {
        "name": "",
        "path": "",
        "id": "d41d8cd98f00b204e9800998ecf8427e",
        "groups": {},
        "checks": {
                "status is 200": {
                    "name": "status is 200",
                    "path": "::status is 200",
                    "id": "6210a8cd14cd70477eba5c5e4cb3fb5f",
                    "passes": 89966,
                    "fails": 0
                }
            }
    }
}