{
    "root_group": {
        "name": "",
        "path": "",
        "id": "d41d8cd98f00b204e9800998ecf8427e",
        "groups": {},
        "checks": {
                "status is 200": {
                    "id": "6210a8cd14cd70477eba5c5e4cb3fb5f",
                    "passes": 28463,
                    "fails": 0,
                    "name": "status is 200",
                    "path": "::status is 200"
                }
            }
    },
    "metrics": {
        "http_req_failed": {
            "passes": 0,
            "fails": 28463,
            "value": 0
        },
        "data_sent": {
            "rate": 139367.26896698284,
            "count": 8481974
        },
        "http_reqs": {
            "count": 28463,
            "rate": 467.67539921806326
        },
        "http_req_duration{expected_response:true}": {
            "avg": 848.3374939737174,
            "min": 492.49382,
            "med": 839.473112,
            "max": 2443.330706,
            "p(90)": 1026.8477562,
            "p(95)": 1074.5951217999998
        },
        "data_received": {
            "count": 8311196,
            "rate": 136561.21657167448
        },
        "http_req_waiting": {
            "max": 2442.980541,
            "p(90)": 1026.7617984,
            "p(95)": 1074.5081988,
            "avg": 848.2140722396458,
            "min": 492.406881,
            "med": 839.262067
        },
        "http_req_tls_handshaking": {
            "med": 0,
            "max": 0,
            "p(90)": 0,
            "p(95)": 0,
            "avg": 0,
            "min": 0
        },
        "http_req_receiving": {
            "med": 0.062849,
            "max": 9.899726,
            "p(90)": 0.12212339999999998,
            "p(95)": 0.1835778999999999,
            "avg": 0.08376674823455056,
            "min": 0.01077
        },
        "iteration_duration": {
            "avg": 848.6261792426683,
            "min": 492.726442,
            "med": 839.612297,
            "max": 2443.771135,
            "p(90)": 1027.0362656,
            "p(95)": 1074.7770708999997
        },
        "http_req_duration": {
            "avg": 848.3374939737174,
            "min": 492.49382,
            "med": 839.473112,
            "max": 2443.330706,
            "p(90)": 1026.8477562,
            "p(95)": 1074.5951217999998
        },
        "http_req_sending": {
            "max": 102.787567,
            "p(90)": 0.0334116,
            "p(95)": 0.038991599999999946,
            "avg": 0.03965498584126722,
            "min": 0.003197,
            "med": 0.022275
        },
        "checks": {
            "passes": 28463,
            "fails": 0,
            "value": 1
        },
        "http_req_blocked": {
            "avg": 0.10291637178090932,
            "min": 0.000556,
            "med": 0.00357,
            "max": 57.351522,
            "p(90)": 0.005614,
            "p(95)": 0.006950899999999998
        },
        "iterations": {
            "rate": 467.67539921806326,
            "count": 28463
        },
        "vus": {
            "value": 400,
            "min": 400,
            "max": 400
        },
        "vus_max": {
            "value": 400,
            "min": 400,
            "max": 400
        },
        "http_req_connecting": {
            "avg": 0.09596950170396659,
            "min": 0,
            "med": 0,
            "max": 57.289461,
            "p(90)": 0,
            "p(95)": 0
        }
    }
}