{
    "root_group": {
        "groups": {},
        "checks": {
                "status is 200": {
                    "id": "6210a8cd14cd70477eba5c5e4cb3fb5f",
                    "passes": 42743,
                    "fails": 0,
                    "name": "status is 200",
                    "path": "::status is 200"
                }
            },
        "name": "",
        "path": "",
        "id": "d41d8cd98f00b204e9800998ecf8427e"
    },
    "metrics": {
        "checks": {
            "passes": 42743,
            "fails": 0,
            "value": 1
        },
        "http_req_duration{expected_response:true}": {
            "max": 810.543448,
            "p(90)": 197.02323040000002,
            "p(95)": 225.40368820000003,
            "avg": 140.3735305876049,
            "min": 86.869491,
            "med": 126.094788
        },
        "data_sent": {
            "count": 12737414,
            "rate": 211794.50000327066
        },
        "http_req_duration": {
            "p(95)": 225.40368820000003,
            "avg": 140.3735305876049,
            "min": 86.869491,
            "med": 126.094788,
            "max": 810.543448,
            "p(90)": 197.02323040000002
        },
        "http_req_blocked": {
            "p(90)": 0.004834,
            "p(95)": 0.005694,
            "avg": 0.020829259317315375,
            "min": 0.000383,
            "med": 0.00342,
            "max": 33.410049
        },
        "data_received": {
            "count": 12445813,
            "rate": 206945.83229132745
        },
        "http_req_sending": {
            "avg": 0.025009484898112045,
            "min": 0.002604,
            "med": 0.020976,
            "max": 33.41843,
            "p(90)": 0.028994600000000006,
            "p(95)": 0.03329030000000001
        },
        "http_req_waiting": {
            "avg": 140.2791997594451,
            "min": 86.724488,
            "med": 126.006933,
            "max": 810.165663,
            "p(90)": 196.94481820000001,
            "p(95)": 225.3092728000001
        },
        "http_reqs": {
            "count": 42743,
            "rate": 710.7197986686936
        },
        "vus": {
            "max": 100,
            "value": 100,
            "min": 100
        },
        "http_req_tls_handshaking": {
            "p(95)": 0,
            "avg": 0,
            "min": 0,
            "med": 0,
            "max": 0,
            "p(90)": 0
        },
        "iteration_duration": {
            "max": 810.872747,
            "p(90)": 197.20350200000004,
            "p(95)": 225.59763420000002,
            "avg": 140.5560593582353,
            "min": 87.048885,
            "med": 126.269928
        },
        "vus_max": {
            "value": 100,
            "min": 100,
            "max": 100
        },
        "iterations": {
            "count": 42743,
            "rate": 710.7197986686936
        },
        "http_req_connecting": {
            "min": 0,
            "med": 0,
            "max": 33.388635,
            "p(90)": 0,
            "p(95)": 0,
            "avg": 0.01656292134384578
        },
        "http_req_receiving": {
            "avg": 0.06932134326088454,
            "min": 0.008193,
            "med": 0.057583,
            "max": 7.488908,
            "p(90)": 0.09397560000000005,
            "p(95)": 0.12344900000000009
        },
        "http_req_failed": {
            "passes": 0,
            "fails": 42743,
            "value": 0
        }
    }
}