{
    "metrics": {
        "vus": {
            "value": 400,
            "min": 400,
            "max": 400
        },
        "http_req_connecting": {
            "min": 0,
            "med": 0,
            "max": 61.801107,
            "p(90)": 0,
            "p(95)": 0,
            "avg": 0.06931204624345297
        },
        "iteration_duration": {
            "avg": 256.3573405872399,
            "min": 203.355212,
            "med": 248.771413,
            "max": 1522.546429,
            "p(90)": 285.04614699999996,
            "p(95)": 302.4334053
        },
        "iterations": {
            "count": 93743,
            "rate": 1555.1872912263857
        },
        "data_received": {
            "rate": 420152.73515904235,
            "count": 25325810
        },
        "checks": {
            "fails": 0,
            "passes": 93743,
            "value": 1
        },
        "http_req_sending": {
            "avg": 0.02400204884631431,
            "min": 0.002378,
            "med": 0.021543,
            "max": 42.889245,
            "p(90)": 0.030665600000000005,
            "p(95)": 0.035445799999999986
        },
        "http_req_receiving": {
            "max": 5.15753,
            "p(90)": 0.1052916,
            "p(95)": 0.13928219999999988,
            "avg": 0.0703910214522681,
            "min": 0.00672,
            "med": 0.059958
        },
        "http_req_failed": {
            "passes": 0,
            "fails": 93743,
            "value": 0
        },
        "http_req_duration{expected_response:true}": {
            "max": 1479.360217,
            "p(90)": 284.88225220000004,
            "p(95)": 302.2597575,
            "avg": 256.11590507789487,
            "min": 203.25235,
            "med": 248.58986
        },
        "http_req_tls_handshaking": {
            "p(95)": 0,
            "avg": 0,
            "min": 0,
            "med": 0,
            "max": 0,
            "p(90)": 0
        },
        "http_req_duration": {
            "p(90)": 284.88225220000004,
            "p(95)": 302.2597575,
            "avg": 256.11590507789487,
            "min": 203.25235,
            "med": 248.58986,
            "max": 1479.360217
        },
        "http_req_blocked": {
            "max": 61.986231,
            "p(90)": 0.005294,
            "p(95)": 0.00621,
            "avg": 0.0744933434923152,
            "min": 0.000292,
            "med": 0.003512
        },
        "vus_max": {
            "value": 400,
            "min": 400,
            "max": 400
        },
        "http_reqs": {
            "count": 93743,
            "rate": 1555.1872912263857
        },
        "http_req_waiting": {
            "avg": 256.02151200759323,
            "min": 203.207117,
            "med": 248.498485,
            "max": 1479.29413,
            "p(90)": 284.78925580000003,
            "p(95)": 302.17947349999986
        },
        "data_sent": {
            "count": 27935414,
            "rate": 463445.8127854629
        }
    },
    "root_group": {
        "checks": {
            "status is 200": {
                "name": "status is 200",
                "path": "::status is 200",
                "id": "6210a8cd14cd70477eba5c5e4cb3fb5f",
                "passes": 93743,
                "fails": 0
            }
        },
        "name": "",
        "path": "",
        "id": "d41d8cd98f00b204e9800998ecf8427e",
        "groups": {}
    }
}