{
    "root_group": {
        "name": "",
        "path": "",
        "id": "d41d8cd98f00b204e9800998ecf8427e",
        "groups": {},
        "checks": {
                "status is 200": {
                    "name": "status is 200",
                    "path": "::status is 200",
                    "id": "6210a8cd14cd70477eba5c5e4cb3fb5f",
                    "passes": 78405,
                    "fails": 0
                }
            }
    },
    "metrics": {
        "http_req_sending": {
            "max": 26.336517,
            "p(90)": 0.030453,
            "p(95)": 0.034922,
            "avg": 0.022842051603851804,
            "min": 0.002362,
            "med": 0.021531
        },
        "iterations": {
            "count": 78405,
            "rate": 1303.0078366549624
        },
        "http_req_receiving": {
            "avg": 0.07065278554939133,
            "min": 0.005427,
            "med": 0.059567,
            "max": 5.973797,
            "p(90)": 0.10459480000000002,
            "p(95)": 0.1383976
        },
        "http_req_blocked": {
            "med": 0.003472,
            "max": 33.015882,
            "p(90)": 0.005165,
            "p(95)": 0.005974,
            "avg": 0.020937888030100285,
            "min": 0.000298
        },
        "data_received": {
            "count": 21104245,
            "rate": 350730.1399360539
        },
        "iteration_duration": {
            "p(90)": 116.01985220000002,
            "p(95)": 133.1126582,
            "avg": 76.58562631551574,
            "min": 46.291537,
            "med": 64.347778,
            "max": 582.805817
        },
        "http_req_duration": {
            "p(95)": 132.9309818,
            "avg": 76.39823294746515,
            "min": 46.128134,
            "med": 64.170635,
            "max": 571.363817,
            "p(90)": 115.8651294
        },
        "http_req_duration{expected_response:true}": {
            "avg": 76.39823294746515,
            "min": 46.128134,
            "med": 64.170635,
            "max": 571.363817,
            "p(90)": 115.8651294,
            "p(95)": 132.9309818
        },
        "checks": {
            "passes": 78405,
            "fails": 0,
            "value": 1
        },
        "vus": {
            "value": 100,
            "min": 100,
            "max": 100
        },
        "http_reqs": {
            "count": 78405,
            "rate": 1303.0078366549624
        },
        "http_req_waiting": {
            "p(90)": 115.7783316,
            "p(95)": 132.8526574,
            "avg": 76.30473811031165,
            "min": 46.074865,
            "med": 64.077487,
            "max": 571.240055
        },
        "http_req_failed": {
            "passes": 0,
            "fails": 78405,
            "value": 0
        },
        "http_req_tls_handshaking": {
            "avg": 0,
            "min": 0,
            "med": 0,
            "max": 0,
            "p(90)": 0,
            "p(95)": 0
        },
        "vus_max": {
            "value": 100,
            "min": 100,
            "max": 100
        },
        "data_sent": {
            "count": 23364690,
            "rate": 388296.3353231788
        },
        "http_req_connecting": {
            "max": 29.188089,
            "p(90)": 0,
            "p(95)": 0,
            "avg": 0.016116612754288613,
            "min": 0,
            "med": 0
        }
    }
}