{
    "root_group": {
        "groups": {},
        "checks": {
                "status is 200": {
                    "name": "status is 200",
                    "path": "::status is 200",
                    "id": "6210a8cd14cd70477eba5c5e4cb3fb5f",
                    "passes": 49032,
                    "fails": 0
                }
            },
        "name": "",
        "path": "",
        "id": "d41d8cd98f00b204e9800998ecf8427e"
    },
    "metrics": {
        "vus": {
            "max": 200,
            "value": 200,
            "min": 200
        },
        "http_req_failed": {
            "passes": 0,
            "fails": 49032,
            "value": 0
        },
        "data_sent": {
            "count": 14611536,
            "rate": 242627.21491869818
        },
        "http_req_blocked": {
            "p(90)": 0.00469,
            "p(95)": 0.005535449999999997,
            "avg": 0.034271704703051,
            "min": 0.000476,
            "med": 0.003319,
            "max": 46.84872
        },
        "http_req_connecting": {
            "avg": 0.0291282673560124,
            "min": 0,
            "med": 0,
            "max": 46.480519,
            "p(90)": 0,
            "p(95)": 0
        },
        "data_received": {
            "count": 14275912,
            "rate": 237054.1173073401
        },
        "iterations": {
            "count": 49032,
            "rate": 814.1852849620744
        },
        "iteration_duration": {
            "avg": 245.16310468186256,
            "min": 180.450962,
            "med": 223.3804635,
            "max": 1282.991842,
            "p(90)": 312.5754175,
            "p(95)": 354.0768805999997
        },
        "http_reqs": {
            "count": 49032,
            "rate": 814.1852849620744
        },
        "http_req_receiving": {
            "p(95)": 0.12820689999999998,
            "avg": 0.07119668467531348,
            "min": 0.009558,
            "med": 0.058256,
            "max": 13.23988,
            "p(90)": 0.09603500000000001
        },
        "checks": {
            "passes": 49032,
            "fails": 0,
            "value": 1
        },
        "vus_max": {
            "value": 200,
            "min": 200,
            "max": 200
        },
        "http_req_sending": {
            "max": 47.420126,
            "p(90)": 0.028774800000000003,
            "p(95)": 0.03277579999999999,
            "avg": 0.02691956316283249,
            "min": 0.003337,
            "med": 0.021108
        },
        "http_req_duration": {
            "min": 180.314661,
            "med": 223.209782,
            "max": 1281.289002,
            "p(90)": 312.4068849,
            "p(95)": 353.9245557999996,
            "avg": 244.9681828973733
        },
        "http_req_tls_handshaking": {
            "avg": 0,
            "min": 0,
            "med": 0,
            "max": 0,
            "p(90)": 0,
            "p(95)": 0
        },
        "http_req_waiting": {
            "min": 180.234479,
            "med": 223.131801,
            "max": 1280.887059,
            "p(90)": 312.32298660000004,
            "p(95)": 353.8306193499997,
            "avg": 244.87006664953566
        },
        "http_req_duration{expected_response:true}": {
            "avg": 244.9681828973733,
            "min": 180.314661,
            "med": 223.209782,
            "max": 1281.289002,
            "p(90)": 312.4068849,
            "p(95)": 353.9245557999996
        }
    }
}