{
    "metrics": {
        "checks": {
            "passes": 11246,
            "fails": 0,
            "value": 1
        },
        "http_req_receiving": {
            "avg": 0.09461944824826604,
            "min": 0.010935,
            "med": 0.07286899999999999,
            "max": 5.562797,
            "p(90)": 0.14184750000000002,
            "p(95)": 0.24756775
        },
        "vus_max": {
            "value": 200,
            "min": 200,
            "max": 200
        },
        "iterations": {
            "count": 11246,
            "rate": 184.13361979348005
        },
        "http_req_blocked": {
            "avg": 0.15229039142806242,
            "min": 0.000583,
            "med": 0.003776,
            "max": 82.374552,
            "p(90)": 0.0055735,
            "p(95)": 0.007579499999999999
        },
        "http_req_connecting": {
            "max": 81.399414,
            "p(90)": 0,
            "p(95)": 0,
            "avg": 0.14260023341632583,
            "min": 0,
            "med": 0
        },
        "http_req_failed": {
            "passes": 0,
            "fails": 11246,
            "value": 0
        },
        "data_received": {
            "count": 17982354,
            "rate": 294429.6580497746
        },
        "http_req_tls_handshaking": {
            "p(95)": 0,
            "avg": 0,
            "min": 0,
            "med": 0,
            "max": 0,
            "p(90)": 0
        },
        "http_req_sending": {
            "avg": 0.03597891570336155,
            "min": 0.003471,
            "med": 0.017126000000000002,
            "max": 49.424548,
            "p(90)": 0.0250725,
            "p(95)": 0.0297455
        },
        "http_req_waiting": {
            "min": 35.85649,
            "med": 1048.0027885,
            "max": 3438.60948,
            "p(90)": 1156.8231295,
            "p(95)": 1222.513486,
            "avg": 1075.628263356662
        },
        "http_req_duration": {
            "p(90)": 1156.9811295,
            "p(95)": 1222.604271,
            "avg": 1075.7588617206122,
            "min": 35.955519,
            "med": 1048.1045835,
            "max": 3438.724009
        },
        "iteration_duration": {
            "min": 36.123235,
            "med": 1048.2619519999998,
            "max": 3439.085706,
            "p(90)": 1157.646969,
            "p(95)": 1222.8567845,
            "avg": 1076.060988819053
        },
        "http_reqs": {
            "count": 11246,
            "rate": 184.13361979348005
        },
        "http_req_duration{expected_response:true}": {
            "med": 1048.1045835,
            "max": 3438.724009,
            "p(90)": 1156.9811295,
            "p(95)": 1222.604271,
            "avg": 1075.7588617206122,
            "min": 35.955519
        },
        "data_sent": {
            "count": 967156,
            "rate": 15835.491302239285
        },
        "vus": {
            "max": 200,
            "value": 21,
            "min": 21
        }
    },
    "root_group": {
        "name": "",
        "path": "",
        "id": "d41d8cd98f00b204e9800998ecf8427e",
        "groups": {},
        "checks": {
                "status is 200": {
                    "name": "status is 200",
                    "path": "::status is 200",
                    "id": "6210a8cd14cd70477eba5c5e4cb3fb5f",
                    "passes": 11246,
                    "fails": 0
                }
            }
    }
}