{
    "root_group": {
        "name": "",
        "path": "",
        "id": "d41d8cd98f00b204e9800998ecf8427e",
        "groups": {},
        "checks": {
                "status is 200": {
                    "fails": 0,
                    "name": "status is 200",
                    "path": "::status is 200",
                    "id": "6210a8cd14cd70477eba5c5e4cb3fb5f",
                    "passes": 16394
                }
            }
    },
    "metrics": {
        "http_req_failed": {
            "passes": 0,
            "fails": 16394,
            "value": 0
        },
        "http_req_blocked": {
            "p(90)": 0.004612100000000003,
            "p(95)": 0.005589399999999994,
            "avg": 0.04958417469806068,
            "min": 0.000402,
            "med": 0.003339,
            "max": 37.103771
        },
        "http_req_connecting": {
            "avg": 0.045174988959375405,
            "min": 0,
            "med": 0,
            "max": 37.040709,
            "p(90)": 0,
            "p(95)": 0
        },
        "http_req_waiting": {
            "med": 358.032424,
            "max": 972.622077,
            "p(90)": 387.21565710000004,
            "p(95)": 411.28108359999993,
            "avg": 366.84139480816134,
            "min": 133.989213
        },
        "checks": {
            "passes": 16394,
            "fails": 0,
            "value": 1
        },
        "data_sent": {
            "rate": 23333.973662913555,
            "count": 1409884
        },
        "http_req_duration": {
            "med": 358.135213,
            "max": 972.949222,
            "p(90)": 387.3159711,
            "p(95)": 411.3677709,
            "avg": 366.9348562394781,
            "min": 134.226635
        },
        "http_req_receiving": {
            "avg": 0.07096456819568168,
            "min": 0.008852,
            "med": 0.060108,
            "max": 4.842504,
            "p(90)": 0.09164560000000001,
            "p(95)": 0.12746084999999996
        },
        "iterations": {
            "count": 16394,
            "rate": 271.3252751501576
        },
        "http_req_sending": {
            "avg": 0.022496863120653895,
            "min": 0.002481,
            "med": 0.014871,
            "max": 35.868481,
            "p(90)": 0.0205724,
            "p(95)": 0.02392635
        },
        "vus_max": {
            "min": 100,
            "max": 100,
            "value": 100
        },
        "iteration_duration": {
            "avg": 367.11094108704475,
            "min": 134.36902,
            "med": 358.278134,
            "max": 973.54791,
            "p(90)": 387.4542779,
            "p(95)": 411.50766154999997
        },
        "data_received": {
            "count": 26215906,
            "rate": 433880.5604953439
        },
        "http_req_duration{expected_response:true}": {
            "avg": 366.9348562394781,
            "min": 134.226635,
            "med": 358.135213,
            "max": 972.949222,
            "p(90)": 387.3159711,
            "p(95)": 411.3677709
        },
        "vus": {
            "value": 100,
            "min": 100,
            "max": 100
        },
        "http_reqs": {
            "count": 16394,
            "rate": 271.3252751501576
        },
        "http_req_tls_handshaking": {
            "avg": 0,
            "min": 0,
            "med": 0,
            "max": 0,
            "p(90)": 0,
            "p(95)": 0
        }
    }
}