{
    "root_group": {
        "name": "",
        "path": "",
        "id": "d41d8cd98f00b204e9800998ecf8427e",
        "groups": {},
        "checks": {
                "status is 200": {
                    "fails": 0,
                    "name": "status is 200",
                    "path": "::status is 200",
                    "id": "6210a8cd14cd70477eba5c5e4cb3fb5f",
                    "passes": 12618
                }
            }
    },
    "metrics": {
        "checks": {
            "passes": 12618,
            "fails": 0,
            "value": 1
        },
        "data_sent": {
            "count": 1085148,
            "rate": 17544.8324261125
        },
        "http_reqs": {
            "count": 12618,
            "rate": 204.00967937340116
        },
        "http_req_failed": {
            "passes": 0,
            "fails": 12618,
            "value": 0
        },
        "http_req_duration": {
            "min": 432.983391,
            "med": 1919.863385,
            "max": 5527.611822,
            "p(90)": 2731.6972193000006,
            "p(95)": 2863.3804412500003,
            "avg": 1929.453161005467
        },
        "http_req_receiving": {
            "med": 0.081567,
            "max": 8.595229,
            "p(90)": 0.1649547000000001,
            "p(95)": 0.25134639999999997,
            "avg": 0.10210728578221542,
            "min": 0.009227
        },
        "http_req_tls_handshaking": {
            "avg": 0,
            "min": 0,
            "med": 0,
            "max": 0,
            "p(90)": 0,
            "p(95)": 0
        },
        "iterations": {
            "count": 12618,
            "rate": 204.00967937340116
        },
        "http_req_duration{expected_response:true}": {
            "avg": 1929.453161005467,
            "min": 432.983391,
            "med": 1919.863385,
            "max": 5527.611822,
            "p(90)": 2731.6972193000006,
            "p(95)": 2863.3804412500003
        },
        "vus": {
            "value": 190,
            "min": 190,
            "max": 400
        },
        "http_req_waiting": {
            "med": 1919.7510790000001,
            "max": 5527.545294,
            "p(90)": 2731.5941212000007,
            "p(95)": 2863.32560495,
            "avg": 1929.297793581155,
            "min": 430.393567
        },
        "http_req_blocked": {
            "avg": 0.3104214611665858,
            "min": 0.000435,
            "med": 0.004236500000000001,
            "max": 59.515058,
            "p(90)": 0.006494900000000003,
            "p(95)": 0.01024489999999999
        },
        "iteration_duration": {
            "p(95)": 2863.49024205,
            "avg": 1929.9547930313806,
            "min": 434.396839,
            "med": 1920.043689,
            "max": 5527.709047,
            "p(90)": 2731.8510555000007
        },
        "http_req_sending": {
            "max": 88.540067,
            "p(90)": 0.028997600000000002,
            "p(95)": 0.038830799999999985,
            "avg": 0.05326013853225537,
            "min": 0.002564,
            "med": 0.019285
        },
        "vus_max": {
            "value": 400,
            "min": 400,
            "max": 400
        },
        "http_req_connecting": {
            "min": 0,
            "med": 0,
            "max": 59.308617,
            "p(90)": 0,
            "p(95)": 0,
            "avg": 0.24464116262482166
        },
        "data_received": {
            "count": 20176182,
            "rate": 326211.47731806844
        }
    }
}