{
    "root_group": {
        "id": "d41d8cd98f00b204e9800998ecf8427e",
        "groups": {},
        "checks": {
                "status is 200": {
                    "name": "status is 200",
                    "path": "::status is 200",
                    "id": "6210a8cd14cd70477eba5c5e4cb3fb5f",
                    "passes": 20619,
                    "fails": 0
                }
            },
        "name": "",
        "path": ""
    },
    "metrics": {
        "http_req_blocked": {
            "avg": 0.028042928561035886,
            "min": 0.000341,
            "med": 0.003536,
            "max": 23.269539,
            "p(90)": 0.005126,
            "p(95)": 0.006125
        },
        "http_req_duration": {
            "avg": 291.46326935481875,
            "min": 11.879465,
            "med": 286.530385,
            "max": 1057.420536,
            "p(90)": 407.005805,
            "p(95)": 450.25648939999974
        },
        "http_req_tls_handshaking": {
            "min": 0,
            "med": 0,
            "max": 0,
            "p(90)": 0,
            "p(95)": 0,
            "avg": 0
        },
        "checks": {
            "passes": 20619,
            "fails": 0,
            "value": 1
        },
        "data_received": {
            "count": 5570732,
            "rate": 92279.97459377912
        },
        "http_req_sending": {
            "avg": 0.025390438673068495,
            "min": 0.002754,
            "med": 0.022473,
            "max": 23.009897,
            "p(90)": 0.032076400000000005,
            "p(95)": 0.036581499999999996
        },
        "data_sent": {
            "count": 6144462,
            "rate": 101783.89433425288
        },
        "vus": {
            "max": 100,
            "value": 100,
            "min": 100
        },
        "http_req_waiting": {
            "min": 11.790226,
            "med": 286.444668,
            "max": 1057.32447,
            "p(90)": 406.8683112,
            "p(95)": 450.16558399999974,
            "avg": 291.36149510723163
        },
        "vus_max": {
            "value": 100,
            "min": 100,
            "max": 100
        },
        "http_req_duration{expected_response:true}": {
            "avg": 291.46326935481875,
            "min": 11.879465,
            "med": 286.530385,
            "max": 1057.420536,
            "p(90)": 407.005805,
            "p(95)": 450.25648939999974
        },
        "iterations": {
            "count": 20619,
            "rate": 341.55669239682175
        },
        "http_reqs": {
            "count": 20619,
            "rate": 341.55669239682175
        },
        "http_req_receiving": {
            "p(95)": 0.17634259999999993,
            "avg": 0.07638380891410834,
            "min": 0.007185,
            "med": 0.062977,
            "max": 1.275556,
            "p(90)": 0.11932900000000002
        },
        "http_req_connecting": {
            "min": 0,
            "med": 0,
            "max": 23.232712,
            "p(90)": 0,
            "p(95)": 0,
            "avg": 0.02344532712546679
        },
        "iteration_duration": {
            "min": 12.094893,
            "med": 286.686859,
            "max": 1057.597861,
            "p(90)": 407.45151560000005,
            "p(95)": 450.82610199999993,
            "avg": 291.6614619386965
        },
        "http_req_failed": {
            "passes": 0,
            "fails": 20619,
            "value": 0
        }
    }
}