{
    "root_group": {
        "name": "",
        "path": "",
        "id": "d41d8cd98f00b204e9800998ecf8427e",
        "groups": {},
        "checks": {
                "status is 200": {
                    "passes": 86229,
                    "fails": 0,
                    "name": "status is 200",
                    "path": "::status is 200",
                    "id": "6210a8cd14cd70477eba5c5e4cb3fb5f"
                }
            }
    },
    "metrics": {
        "vus": {
            "value": 400,
            "min": 400,
            "max": 400
        },
        "http_req_failed": {
            "passes": 0,
            "fails": 86229,
            "value": 0
        },
        "iteration_duration": {
            "max": 1563.457994,
            "p(90)": 360.7067832,
            "p(95)": 412.68488499999967,
            "avg": 278.58503107392437,
            "min": 206.77388,
            "med": 253.844844
        },
        "http_req_duration{expected_response:true}": {
            "avg": 278.35476414248313,
            "min": 206.663506,
            "med": 253.667655,
            "max": 1546.652186,
            "p(90)": 360.4943724,
            "p(95)": 412.4833602
        },
        "http_reqs": {
            "count": 86229,
            "rate": 1431.642510917
        },
        "http_req_blocked": {
            "med": 0.00355,
            "max": 68.613831,
            "p(90)": 0.005353,
            "p(95)": 0.006304599999999991,
            "avg": 0.06400638401233881,
            "min": 0.000256
        },
        "vus_max": {
            "min": 400,
            "max": 400,
            "value": 400
        },
        "data_received": {
            "count": 23297030,
            "rate": 386795.8404493694
        },
        "http_req_tls_handshaking": {
            "min": 0,
            "med": 0,
            "max": 0,
            "p(90)": 0,
            "p(95)": 0,
            "avg": 0
        },
        "iterations": {
            "count": 86229,
            "rate": 1431.642510917
        },
        "http_req_duration": {
            "avg": 278.35476414248313,
            "min": 206.663506,
            "med": 253.667655,
            "max": 1546.652186,
            "p(90)": 360.4943724,
            "p(95)": 412.4833602
        },
        "http_req_sending": {
            "p(95)": 0.035902399999999966,
            "avg": 0.02338620242609815,
            "min": 0.002368,
            "med": 0.021648,
            "max": 32.554249,
            "p(90)": 0.031126199999999996
        },
        "data_sent": {
            "count": 25696242,
            "rate": 426629.46825326595
        },
        "http_req_receiving": {
            "avg": 0.07094226024887249,
            "min": 0.00606,
            "med": 0.060155,
            "max": 8.440501,
            "p(90)": 0.1057264,
            "p(95)": 0.13869599999999996
        },
        "http_req_connecting": {
            "avg": 0.05778060709274151,
            "min": 0,
            "med": 0,
            "max": 68.560894,
            "p(90)": 0,
            "p(95)": 0
        },
        "checks": {
            "passes": 86229,
            "fails": 0,
            "value": 1
        },
        "http_req_waiting": {
            "avg": 278.2604356798072,
            "min": 206.606976,
            "med": 253.567418,
            "max": 1546.598203,
            "p(90)": 360.40106879999996,
            "p(95)": 412.3548863999998
        }
    }
}