{
    "root_group": {
        "name": "",
        "path": "",
        "id": "d41d8cd98f00b204e9800998ecf8427e",
        "groups": {},
        "checks": {
                "status is 200": {
                    "name": "status is 200",
                    "path": "::status is 200",
                    "id": "6210a8cd14cd70477eba5c5e4cb3fb5f",
                    "passes": 34021,
                    "fails": 0
                }
            }
    },
    "metrics": {
        "http_req_duration": {
            "med": 317.018775,
            "max": 1639.550108,
            "p(90)": 483.390373,
            "p(95)": 590.473278,
            "avg": 353.84797385512,
            "min": 11.220574
        },
        "http_req_tls_handshaking": {
            "avg": 0,
            "min": 0,
            "med": 0,
            "max": 0,
            "p(90)": 0,
            "p(95)": 0
        },
        "vus": {
            "value": 200,
            "min": 200,
            "max": 200
        },
        "checks": {
            "passes": 34021,
            "fails": 0,
            "value": 1
        },
        "http_req_sending": {
            "min": 0.002397,
            "med": 0.0227,
            "max": 51.930894,
            "p(90)": 0.031833,
            "p(95)": 0.035922,
            "avg": 0.027617468357778972
        },
        "http_req_waiting": {
            "avg": 353.74149658857584,
            "min": 11.080735,
            "med": 316.918675,
            "max": 1639.465037,
            "p(90)": 483.251334,
            "p(95)": 590.364361
        },
        "iteration_duration": {
            "p(90)": 483.63036,
            "p(95)": 591.895629,
            "avg": 354.0992670944712,
            "min": 11.275557,
            "med": 317.196518,
            "max": 1639.757426
        },
        "http_req_failed": {
            "passes": 0,
            "fails": 34021,
            "value": 0
        },
        "http_req_receiving": {
            "max": 3.702027,
            "p(90)": 0.126269,
            "p(95)": 0.179886,
            "avg": 0.07885979818347558,
            "min": 0.006848,
            "med": 0.065307
        },
        "http_req_blocked": {
            "p(90)": 0.005091,
            "p(95)": 0.005978,
            "avg": 0.08098650542312041,
            "min": 0.000304,
            "med": 0.003518,
            "max": 52.426053
        },
        "data_received": {
            "rate": 151638.47008895886,
            "count": 9189470
        },
        "iterations": {
            "count": 34021,
            "rate": 561.3917223622766
        },
        "http_req_duration{expected_response:true}": {
            "p(90)": 483.390373,
            "p(95)": 590.473278,
            "avg": 353.84797385512,
            "min": 11.220574,
            "med": 317.018775,
            "max": 1639.550108
        },
        "http_req_connecting": {
            "med": 0,
            "max": 52.295714,
            "p(90)": 0,
            "p(95)": 0,
            "avg": 0.07419895238235215,
            "min": 0
        },
        "data_sent": {
            "count": 10138258,
            "rate": 167294.73326395842
        },
        "vus_max": {
            "max": 200,
            "value": 200,
            "min": 200
        },
        "http_reqs": {
            "count": 34021,
            "rate": 561.3917223622766
        }
    }
}