{
    "root_group": {
        "checks": {
            "status is 200": {
                "passes": 37687,
                "fails": 0,
                "name": "status is 200",
                "path": "::status is 200",
                "id": "6210a8cd14cd70477eba5c5e4cb3fb5f"
            }
        },
        "name": "",
        "path": "",
        "id": "d41d8cd98f00b204e9800998ecf8427e",
        "groups": {}
    },
    "metrics": {
        "http_req_failed": {
            "passes": 0,
            "fails": 37687,
            "value": 0
        },
        "http_req_waiting": {
            "avg": 79.3821168791631,
            "min": 37.572453,
            "med": 69.239023,
            "max": 572.148313,
            "p(90)": 112.3631836,
            "p(95)": 161.18384279999995
        },
        "http_req_tls_handshaking": {
            "p(95)": 0,
            "avg": 0,
            "min": 0,
            "med": 0,
            "max": 0,
            "p(90)": 0
        },
        "iterations": {
            "count": 37687,
            "rate": 627.4145356345034
        },
        "http_req_connecting": {
            "max": 0.363795,
            "p(90)": 0,
            "p(95)": 0,
            "avg": 0.0017433958394141222,
            "min": 0,
            "med": 0
        },
        "http_req_receiving": {
            "avg": 0.07584878345317989,
            "min": 0.007208,
            "med": 0.056843,
            "max": 13.85582,
            "p(90)": 0.09230340000000002,
            "p(95)": 0.12009329999999994
        },
        "http_req_duration": {
            "max": 572.641462,
            "p(90)": 112.446094,
            "p(95)": 161.2721777,
            "avg": 79.47937008958027,
            "min": 37.63226,
            "med": 69.324844
        },
        "http_req_blocked": {
            "p(90)": 0.004697,
            "p(95)": 0.005501699999999997,
            "avg": 0.005907561705627913,
            "min": 0.000348,
            "med": 0.003314,
            "max": 0.471952
        },
        "data_sent": {
            "count": 11230726,
            "rate": 186969.53161908203
        },
        "data_received": {
            "count": 10973567,
            "rate": 182688.33930955266
        },
        "iteration_duration": {
            "avg": 79.64260840759516,
            "min": 37.767477,
            "med": 69.487582,
            "max": 572.883568,
            "p(90)": 112.61432520000002,
            "p(95)": 161.43275599999998
        },
        "vus_max": {
            "value": 50,
            "min": 50,
            "max": 50
        },
        "http_reqs": {
            "count": 37687,
            "rate": 627.4145356345034
        },
        "http_req_sending": {
            "p(90)": 0.028295800000000003,
            "p(95)": 0.03233419999999998,
            "avg": 0.02140442696420502,
            "min": 0.002448,
            "med": 0.020633,
            "max": 4.830562
        },
        "vus": {
            "min": 50,
            "max": 50,
            "value": 50
        },
        "http_req_duration{expected_response:true}": {
            "avg": 79.47937008958027,
            "min": 37.63226,
            "med": 69.324844,
            "max": 572.641462,
            "p(90)": 112.446094,
            "p(95)": 161.2721777
        },
        "checks": {
            "passes": 37687,
            "fails": 0,
            "value": 1
        }
    }
}