{
    "root_group": {
        "checks": {
            "status is 200": {
                "id": "6210a8cd14cd70477eba5c5e4cb3fb5f",
                "passes": 15871,
                "fails": 0,
                "name": "status is 200",
                "path": "::status is 200"
            }
        },
        "name": "",
        "path": "",
        "id": "d41d8cd98f00b204e9800998ecf8427e",
        "groups": {}
    },
    "metrics": {
        "http_reqs": {
            "count": 15871,
            "rate": 261.4508450443581
        },
        "http_req_connecting": {
            "p(95)": 0,
            "avg": 0.08394216463990925,
            "min": 0,
            "med": 0,
            "max": 40.785416,
            "p(90)": 0
        },
        "http_req_duration": {
            "p(90)": 805.446219,
            "p(95)": 844.2070695,
            "avg": 759.9241348841917,
            "min": 632.707083,
            "med": 727.893304,
            "max": 2471.000109
        },
        "iteration_duration": {
            "min": 632.857208,
            "med": 728.025036,
            "max": 2473.648326,
            "p(90)": 805.568446,
            "p(95)": 844.361784,
            "avg": 760.1441039048581
        },
        "data_received": {
            "count": 25377729,
            "rate": 418059.90122592857
        },
        "http_req_failed": {
            "passes": 0,
            "fails": 15871,
            "value": 0
        },
        "iterations": {
            "rate": 261.4508450443581,
            "count": 15871
        },
        "http_req_waiting": {
            "p(90)": 805.34145,
            "p(95)": 844.1156525,
            "avg": 759.8348510935632,
            "min": 632.616583,
            "med": 727.798523,
            "max": 2470.928454
        },
        "http_req_duration{expected_response:true}": {
            "avg": 759.9241348841917,
            "min": 632.707083,
            "med": 727.893304,
            "max": 2471.000109,
            "p(90)": 805.446219,
            "p(95)": 844.2070695
        },
        "checks": {
            "passes": 15871,
            "fails": 0,
            "value": 1
        },
        "http_req_receiving": {
            "avg": 0.06895129657866587,
            "min": 0.011085,
            "med": 0.05961,
            "max": 1.344631,
            "p(90)": 0.08804,
            "p(95)": 0.11956349999999999
        },
        "http_req_sending": {
            "avg": 0.020332494045743783,
            "min": 0.002736,
            "med": 0.014862,
            "max": 21.250859,
            "p(90)": 0.020667,
            "p(95)": 0.0243665
        },
        "data_sent": {
            "count": 1364906,
            "rate": 22484.772673814798
        },
        "vus_max": {
            "value": 200,
            "min": 200,
            "max": 200
        },
        "vus": {
            "value": 200,
            "min": 200,
            "max": 200
        },
        "http_req_blocked": {
            "med": 0.003338,
            "max": 40.87539,
            "p(90)": 0.004681,
            "p(95)": 0.005875,
            "avg": 0.09020857753134687,
            "min": 0.000494
        },
        "http_req_tls_handshaking": {
            "min": 0,
            "med": 0,
            "max": 0,
            "p(90)": 0,
            "p(95)": 0,
            "avg": 0
        }
    }
}