{
    "root_group": {
        "id": "d41d8cd98f00b204e9800998ecf8427e",
        "groups": {},
        "checks": {
                "status is 200": {
                    "id": "6210a8cd14cd70477eba5c5e4cb3fb5f",
                    "passes": 16716,
                    "fails": 0,
                    "name": "status is 200",
                    "path": "::status is 200"
                }
            },
        "name": "",
        "path": ""
    },
    "metrics": {
        "http_req_sending": {
            "max": 0.407342,
            "p(90)": 0.020204,
            "p(95)": 0.02306225,
            "avg": 0.015406417264895977,
            "min": 0.002207,
            "med": 0.0148915
        },
        "iterations": {
            "count": 16716,
            "rate": 277.8284584335672
        },
        "data_received": {
            "rate": 444295.07349103707,
            "count": 26731734
        },
        "http_req_blocked": {
            "avg": 0.006043205072984001,
            "min": 0.000348,
            "med": 0.003329,
            "max": 0.474034,
            "p(90)": 0.004618499999999999,
            "p(95)": 0.00544225
        },
        "http_req_failed": {
            "fails": 16716,
            "passes": 0,
            "value": 0
        },
        "vus_max": {
            "value": 50,
            "min": 50,
            "max": 50
        },
        "http_req_receiving": {
            "p(90)": 0.0876285,
            "p(95)": 0.112867,
            "avg": 0.07030827937305559,
            "min": 0.007943,
            "med": 0.059496,
            "max": 3.237811
        },
        "data_sent": {
            "count": 1437576,
            "rate": 23893.24742528678
        },
        "iteration_duration": {
            "avg": 179.70391133913736,
            "min": 28.955899,
            "med": 175.4782365,
            "max": 604.334043,
            "p(90)": 192.234469,
            "p(95)": 198.03982374999998
        },
        "http_reqs": {
            "rate": 277.8284584335672,
            "count": 16716
        },
        "http_req_tls_handshaking": {
            "avg": 0,
            "min": 0,
            "med": 0,
            "max": 0,
            "p(90)": 0,
            "p(95)": 0
        },
        "checks": {
            "passes": 16716,
            "fails": 0,
            "value": 1
        },
        "vus": {
            "value": 50,
            "min": 50,
            "max": 50
        },
        "http_req_connecting": {
            "avg": 0.0019278596554199562,
            "min": 0,
            "med": 0,
            "max": 0.372945,
            "p(90)": 0,
            "p(95)": 0
        },
        "http_req_duration": {
            "p(90)": 192.1090785,
            "p(95)": 197.90943074999998,
            "avg": 179.57413802171493,
            "min": 28.859971,
            "med": 175.3493615,
            "max": 604.104297
        },
        "http_req_waiting": {
            "avg": 179.48842332507712,
            "min": 28.64815,
            "med": 175.2614385,
            "max": 603.95753,
            "p(90)": 192.0101095,
            "p(95)": 197.8363875
        },
        "http_req_duration{expected_response:true}": {
            "p(95)": 197.90943074999998,
            "avg": 179.57413802171493,
            "min": 28.859971,
            "med": 175.3493615,
            "max": 604.104297,
            "p(90)": 192.1090785
        }
    }
}