{
    "metrics": {
        "http_req_receiving": {
            "avg": 0.0778436631878558,
            "min": 0.007173,
            "med": 0.0637385,
            "max": 5.524294,
            "p(90)": 0.12116650000000001,
            "p(95)": 0.1812165
        },
        "http_req_connecting": {
            "max": 47.394493,
            "p(90)": 0,
            "p(95)": 0,
            "avg": 0.08386842629581553,
            "min": 0,
            "med": 0
        },
        "http_req_sending": {
            "p(95)": 0.036331,
            "avg": 0.03248786287825809,
            "min": 0.002444,
            "med": 0.0224645,
            "max": 47.679792,
            "p(90)": 0.031781000000000004
        },
        "checks": {
            "passes": 20026,
            "fails": 0,
            "value": 1
        },
        "http_req_failed": {
            "passes": 0,
            "fails": 20026,
            "value": 0
        },
        "vus": {
            "max": 200,
            "value": 200,
            "min": 200
        },
        "http_req_duration{expected_response:true}": {
            "max": 1869.289562,
            "p(90)": 815.9834855,
            "p(95)": 901.11997925,
            "avg": 600.8986709449155,
            "min": 11.717824,
            "med": 581.8197224999999
        },
        "http_reqs": {
            "count": 20026,
            "rate": 330.4178749562046
        },
        "http_req_blocked": {
            "min": 0.000315,
            "med": 0.003519,
            "max": 47.437355,
            "p(90)": 0.00503,
            "p(95)": 0.0060485,
            "avg": 0.08842983206831123
        },
        "data_received": {
            "count": 5409376,
            "rate": 89251.69892934657
        },
        "iterations": {
            "count": 20026,
            "rate": 330.4178749562046
        },
        "http_req_waiting": {
            "avg": 600.788339418855,
            "min": 11.671661,
            "med": 581.6947135,
            "max": 1869.201191,
            "p(90)": 815.9109115,
            "p(95)": 901.0182737499999
        },
        "iteration_duration": {
            "min": 11.827358,
            "med": 581.964888,
            "max": 1869.51987,
            "p(90)": 816.1372200000001,
            "p(95)": 901.3334625,
            "avg": 601.1578927891253
        },
        "data_sent": {
            "count": 5967748,
            "rate": 98464.52673694897
        },
        "vus_max": {
            "value": 200,
            "min": 200,
            "max": 200
        },
        "http_req_duration": {
            "max": 1869.289562,
            "p(90)": 815.9834855,
            "p(95)": 901.11997925,
            "avg": 600.8986709449155,
            "min": 11.717824,
            "med": 581.8197224999999
        },
        "http_req_tls_handshaking": {
            "avg": 0,
            "min": 0,
            "med": 0,
            "max": 0,
            "p(90)": 0,
            "p(95)": 0
        }
    },
    "root_group": {
        "checks": {
            "status is 200": {
                "name": "status is 200",
                "path": "::status is 200",
                "id": "6210a8cd14cd70477eba5c5e4cb3fb5f",
                "passes": 20026,
                "fails": 0
            }
        },
        "name": "",
        "path": "",
        "id": "d41d8cd98f00b204e9800998ecf8427e",
        "groups": {}
    }
}