{
    "root_group": {
        "groups": {},
        "checks": {
                "status is 200": {
                    "name": "status is 200",
                    "path": "::status is 200",
                    "id": "6210a8cd14cd70477eba5c5e4cb3fb5f",
                    "passes": 13055,
                    "fails": 0
                }
            },
        "name": "",
        "path": "",
        "id": "d41d8cd98f00b204e9800998ecf8427e"
    },
    "metrics": {
        "http_req_receiving": {
            "avg": 0.07361434898506294,
            "min": 0.008164,
            "med": 0.06248,
            "max": 2.428704,
            "p(90)": 0.0970874,
            "p(95)": 0.13211279999999997
        },
        "iteration_duration": {
            "min": 138.078769,
            "med": 224.583694,
            "max": 689.925808,
            "p(90)": 253.6396062,
            "p(95)": 267.4369522999999,
            "avg": 230.19284363446963
        },
        "iterations": {
            "count": 13055,
            "rate": 216.81966311327045
        },
        "http_req_connecting": {
            "avg": 0.0018353201072386052,
            "min": 0,
            "med": 0,
            "max": 0.477164,
            "p(90)": 0,
            "p(95)": 0
        },
        "data_received": {
            "count": 20876845,
            "rate": 346726.1968416672
        },
        "vus_max": {
            "max": 50,
            "value": 50,
            "min": 50
        },
        "http_req_waiting": {
            "max": 689.309651,
            "p(90)": 253.41316740000002,
            "p(95)": 267.1073828999998,
            "avg": 229.96532200015332,
            "min": 137.873693,
            "med": 224.375743
        },
        "http_req_failed": {
            "passes": 0,
            "fails": 13055,
            "value": 0
        },
        "vus": {
            "value": 50,
            "min": 50,
            "max": 50
        },
        "http_req_duration{expected_response:true}": {
            "avg": 230.05527356231323,
            "min": 137.973469,
            "med": 224.465106,
            "max": 689.650875,
            "p(90)": 253.50867100000002,
            "p(95)": 267.2215191999999
        },
        "http_req_blocked": {
            "avg": 0.0061129128303332204,
            "min": 0.000382,
            "med": 0.003471,
            "max": 0.618354,
            "p(90)": 0.005003,
            "p(95)": 0.005900299999999999
        },
        "http_reqs": {
            "count": 13055,
            "rate": 216.81966311327045
        },
        "http_req_tls_handshaking": {
            "avg": 0,
            "min": 0,
            "med": 0,
            "max": 0,
            "p(90)": 0,
            "p(95)": 0
        },
        "http_req_duration": {
            "max": 689.650875,
            "p(90)": 253.50867100000002,
            "p(95)": 267.2215191999999,
            "avg": 230.05527356231323,
            "min": 137.973469,
            "med": 224.465106
        },
        "checks": {
            "passes": 13055,
            "fails": 0,
            "value": 1
        },
        "data_sent": {
            "count": 1122730,
            "rate": 18646.49102774126
        },
        "http_req_sending": {
            "avg": 0.016337213175028696,
            "min": 0.002058,
            "med": 0.015469,
            "max": 0.427869,
            "p(90)": 0.022234200000000003,
            "p(95)": 0.025545799999999997
        }
    }
}