{
    "root_group": {
        "name": "",
        "path": "",
        "id": "d41d8cd98f00b204e9800998ecf8427e",
        "groups": {},
        "checks": {
                "status is 200": {
                    "name": "status is 200",
                    "path": "::status is 200",
                    "id": "6210a8cd14cd70477eba5c5e4cb3fb5f",
                    "passes": 90868,
                    "fails": 0
                }
            }
    },
    "metrics": {
        "http_req_waiting": {
            "p(90)": 180.8239484,
            "p(95)": 204.64202275,
            "avg": 131.92235057226804,
            "min": 94.59128,
            "med": 117.3548695,
            "max": 771.27536
        },
        "http_req_failed": {
            "fails": 90868,
            "passes": 0,
            "value": 0
        },
        "iterations": {
            "count": 90868,
            "rate": 1509.627669476136
        },
        "http_req_connecting": {
            "med": 0,
            "max": 70.264993,
            "p(90)": 0,
            "p(95)": 0,
            "avg": 0.016093004886208573,
            "min": 0
        },
        "http_reqs": {
            "count": 90868,
            "rate": 1509.627669476136
        },
        "iteration_duration": {
            "med": 117.624178,
            "max": 772.091298,
            "p(90)": 181.1144997,
            "p(95)": 204.88702339999998,
            "avg": 132.20177670805998,
            "min": 94.800147
        },
        "http_req_duration{expected_response:true}": {
            "avg": 132.01673910966608,
            "min": 94.699113,
            "med": 117.44909,
            "max": 771.645015,
            "p(90)": 180.9314989,
            "p(95)": 204.71986834999998
        },
        "vus_max": {
            "value": 200,
            "min": 200,
            "max": 200
        },
        "checks": {
            "passes": 90868,
            "fails": 0,
            "value": 1
        },
        "data_received": {
            "count": 24549560,
            "rate": 407851.9946456901
        },
        "vus": {
            "max": 200,
            "value": 200,
            "min": 200
        },
        "http_req_sending": {
            "p(90)": 0.0304103,
            "p(95)": 0.03482794999999998,
            "avg": 0.02349512802086525,
            "min": 0.002197,
            "med": 0.021419,
            "max": 39.303742
        },
        "http_req_blocked": {
            "max": 70.310298,
            "p(90)": 0.005217300000000003,
            "p(95)": 0.006061649999999994,
            "avg": 0.02044230022670248,
            "min": 0.000298,
            "med": 0.003489
        },
        "http_req_tls_handshaking": {
            "p(95)": 0,
            "avg": 0,
            "min": 0,
            "med": 0,
            "max": 0,
            "p(90)": 0
        },
        "data_sent": {
            "count": 27078664,
            "rate": 449869.0455038885
        },
        "http_req_receiving": {
            "p(95)": 0.13819814999999994,
            "avg": 0.07089340937403674,
            "min": 0.00587,
            "med": 0.059839,
            "max": 9.753313,
            "p(90)": 0.1046379
        },
        "http_req_duration": {
            "p(90)": 180.9314989,
            "p(95)": 204.71986834999998,
            "avg": 132.01673910966608,
            "min": 94.699113,
            "med": 117.44909,
            "max": 771.645015
        }
    }
}