{
    "root_group": {
        "path": "",
        "id": "d41d8cd98f00b204e9800998ecf8427e",
        "groups": {},
        "checks": {
                "status is 200": {
                    "name": "status is 200",
                    "path": "::status is 200",
                    "id": "6210a8cd14cd70477eba5c5e4cb3fb5f",
                    "passes": 22063,
                    "fails": 0
                }
            },
        "name": ""
    },
    "metrics": {
        "http_req_waiting": {
            "avg": 272.3365156680399,
            "min": 11.454219,
            "med": 268.820925,
            "max": 784.12969,
            "p(90)": 363.62693079999997,
            "p(95)": 404.0393099999999
        },
        "iteration_duration": {
            "p(90)": 363.9359348,
            "p(95)": 404.43110999999993,
            "avg": 272.63024043978777,
            "min": 11.548351,
            "med": 269.122989,
            "max": 784.545868
        },
        "iterations": {
            "rate": 365.41971064556736,
            "count": 22063
        },
        "http_req_sending": {
            "avg": 0.024160246113402457,
            "min": 0.002323,
            "med": 0.022306,
            "max": 18.953473,
            "p(90)": 0.03185759999999999,
            "p(95)": 0.0365989
        },
        "checks": {
            "passes": 22063,
            "fails": 0,
            "value": 1
        },
        "http_req_duration{expected_response:true}": {
            "p(95)": 404.14122159999994,
            "avg": 272.4364319809187,
            "min": 11.484035,
            "med": 268.930296,
            "max": 784.366111,
            "p(90)": 363.7114774
        },
        "http_reqs": {
            "count": 22063,
            "rate": 365.41971064556736
        },
        "http_req_failed": {
            "passes": 0,
            "fails": 22063,
            "value": 0
        },
        "vus": {
            "min": 100,
            "max": 100,
            "value": 100
        },
        "vus_max": {
            "value": 100,
            "min": 100,
            "max": 100
        },
        "data_received": {
            "count": 5960810,
            "rate": 98726.25959358222
        },
        "http_req_duration": {
            "avg": 272.4364319809187,
            "min": 11.484035,
            "med": 268.930296,
            "max": 784.366111,
            "p(90)": 363.7114774,
            "p(95)": 404.14122159999994
        },
        "http_req_receiving": {
            "min": 0.006072,
            "med": 0.063344,
            "max": 1.824616,
            "p(90)": 0.11818519999999999,
            "p(95)": 0.17333759999999995,
            "avg": 0.07575606676335958
        },
        "http_req_connecting": {
            "max": 21.656093,
            "p(90)": 0,
            "p(95)": 0,
            "avg": 0.018855148121289026,
            "min": 0,
            "med": 0
        },
        "http_req_tls_handshaking": {
            "avg": 0,
            "min": 0,
            "med": 0,
            "max": 0,
            "p(90)": 0,
            "p(95)": 0
        },
        "http_req_blocked": {
            "avg": 0.025165671078275758,
            "min": 0.000344,
            "med": 0.003536,
            "max": 21.7284,
            "p(90)": 0.0051178,
            "p(95)": 0.005991899999999998
        },
        "data_sent": {
            "count": 6574774,
            "rate": 108895.07377237908
        }
    }
}