{
    "root_group": {
        "checks": {
            "status is 200": {
                "path": "::status is 200",
                "id": "6210a8cd14cd70477eba5c5e4cb3fb5f",
                "passes": 67289,
                "fails": 0,
                "name": "status is 200"
            }
        },
        "name": "",
        "path": "",
        "id": "d41d8cd98f00b204e9800998ecf8427e",
        "groups": {}
    },
    "metrics": {
        "http_req_sending": {
            "avg": 0.022422209291265965,
            "min": 0.002225,
            "med": 0.021545,
            "max": 5.464868,
            "p(90)": 0.030451,
            "p(95)": 0.034940599999999995
        },
        "iterations": {
            "rate": 1118.7015205365994,
            "count": 67289
        },
        "http_req_duration": {
            "avg": 89.04235817668547,
            "min": 45.518883,
            "med": 79.934065,
            "max": 618.420298,
            "p(90)": 128.7871772,
            "p(95)": 150.0707994
        },
        "http_req_connecting": {
            "med": 0,
            "max": 35.543895,
            "p(90)": 0,
            "p(95)": 0,
            "avg": 0.011742509563227298,
            "min": 0
        },
        "checks": {
            "passes": 67289,
            "fails": 0,
            "value": 1
        },
        "vus_max": {
            "min": 100,
            "max": 100,
            "value": 100
        },
        "vus": {
            "value": 100,
            "min": 100,
            "max": 100
        },
        "http_req_blocked": {
            "avg": 0.01604354294163984,
            "min": 0.000289,
            "med": 0.003501,
            "max": 35.563921,
            "p(90)": 0.005156200000000004,
            "p(95)": 0.005946599999999999
        },
        "http_req_tls_handshaking": {
            "med": 0,
            "max": 0,
            "p(90)": 0,
            "p(95)": 0,
            "avg": 0,
            "min": 0
        },
        "http_req_failed": {
            "passes": 0,
            "fails": 67289,
            "value": 0
        },
        "http_req_waiting": {
            "min": 45.450533,
            "med": 79.840736,
            "max": 618.25306,
            "p(90)": 128.700164,
            "p(95)": 149.99190399999998,
            "avg": 88.94919897418667
        },
        "iteration_duration": {
            "avg": 89.2239392010001,
            "min": 45.659187,
            "med": 80.10145,
            "max": 618.670829,
            "p(90)": 128.97233880000002,
            "p(95)": 150.25261839999996
        },
        "data_received": {
            "count": 18112141,
            "rate": 301120.23773385375
        },
        "http_reqs": {
            "count": 67289,
            "rate": 1118.7015205365994
        },
        "http_req_duration{expected_response:true}": {
            "min": 45.518883,
            "med": 79.934065,
            "max": 618.420298,
            "p(90)": 128.7871772,
            "p(95)": 150.0707994,
            "avg": 89.04235817668547
        },
        "data_sent": {
            "count": 20052122,
            "rate": 333373.0531199067
        },
        "http_req_receiving": {
            "avg": 0.07073699320840003,
            "min": 0.006108,
            "med": 0.059369,
            "max": 6.702232,
            "p(90)": 0.10505900000000003,
            "p(95)": 0.1405215999999999
        }
    }
}