{
    "root_group": {
        "path": "",
        "id": "d41d8cd98f00b204e9800998ecf8427e",
        "groups": {},
        "checks": {
                "status is 200": {
                    "path": "::status is 200",
                    "id": "6210a8cd14cd70477eba5c5e4cb3fb5f",
                    "passes": 91482,
                    "fails": 0,
                    "name": "status is 200"
                }
            },
        "name": ""
    },
    "metrics": {
        "http_req_duration": {
            "avg": 262.3394611063441,
            "min": 188.84275,
            "med": 251.2946355,
            "max": 1607.908364,
            "p(90)": 307.90125820000003,
            "p(95)": 325.08676495
        },
        "http_req_tls_handshaking": {
            "min": 0,
            "med": 0,
            "max": 0,
            "p(90)": 0,
            "p(95)": 0,
            "avg": 0
        },
        "http_req_failed": {
            "passes": 0,
            "fails": 91482,
            "value": 0
        },
        "data_sent": {
            "count": 27261636,
            "rate": 452513.6350388348
        },
        "http_req_receiving": {
            "max": 9.414407,
            "p(90)": 0.10509740000000005,
            "p(95)": 0.1376227,
            "avg": 0.0708004428630769,
            "min": 0.00596,
            "med": 0.060162
        },
        "checks": {
            "passes": 91482,
            "fails": 0,
            "value": 1
        },
        "vus_max": {
            "value": 400,
            "min": 400,
            "max": 400
        },
        "http_reqs": {
            "count": 91482,
            "rate": 1518.5021310028014
        },
        "data_received": {
            "count": 24715340,
            "rate": 410247.8789101548
        },
        "iterations": {
            "count": 91482,
            "rate": 1518.5021310028014
        },
        "http_req_duration{expected_response:true}": {
            "avg": 262.3394611063441,
            "min": 188.84275,
            "med": 251.2946355,
            "max": 1607.908364,
            "p(90)": 307.90125820000003,
            "p(95)": 325.08676495
        },
        "http_req_connecting": {
            "min": 0,
            "med": 0,
            "max": 47.8192,
            "p(90)": 0,
            "p(95)": 0,
            "avg": 0.02917286266150726
        },
        "vus": {
            "value": 400,
            "min": 400,
            "max": 400
        },
        "http_req_sending": {
            "max": 83.401999,
            "p(90)": 0.03095290000000001,
            "p(95)": 0.035687949999999996,
            "avg": 0.025455327354014925,
            "min": 0.002372,
            "med": 0.021646
        },
        "iteration_duration": {
            "avg": 262.5405952332054,
            "min": 188.949655,
            "med": 251.471226,
            "max": 1652.425316,
            "p(90)": 308.09056280000004,
            "p(95)": 325.2607359
        },
        "http_req_blocked": {
            "p(95)": 0.006237,
            "avg": 0.03498902344723478,
            "min": 0.000304,
            "med": 0.003543,
            "max": 47.839708,
            "p(90)": 0.005303900000000008
        },
        "http_req_waiting": {
            "avg": 262.2432053361253,
            "min": 188.710216,
            "med": 251.2034195,
            "max": 1607.82904,
            "p(90)": 307.8086791,
            "p(95)": 324.9983853
        }
    }
}