{
    "metrics": {
        "http_req_duration": {
            "p(95)": 1702.4896299499997,
            "avg": 1266.940965400193,
            "min": 23.201432,
            "med": 1256.875748,
            "max": 3384.634213,
            "p(90)": 1580.2389795000006
        },
        "http_req_tls_handshaking": {
            "max": 0,
            "p(90)": 0,
            "p(95)": 0,
            "avg": 0,
            "min": 0,
            "med": 0
        },
        "http_req_connecting": {
            "avg": 0.16819621427076792,
            "min": 0,
            "med": 0,
            "max": 52.617087,
            "p(90)": 0,
            "p(95)": 0
        },
        "http_reqs": {
            "count": 9558,
            "rate": 155.95140939331256
        },
        "checks": {
            "passes": 9558,
            "fails": 0,
            "value": 1
        },
        "iterations": {
            "count": 9558,
            "rate": 155.95140939331256
        },
        "iteration_duration": {
            "min": 23.4023,
            "med": 1257.251897,
            "max": 3384.881428,
            "p(90)": 1580.3863887000007,
            "p(95)": 1702.7474180499999,
            "avg": 1267.3037756382116
        },
        "http_req_waiting": {
            "max": 3384.31679,
            "p(90)": 1580.1670333000006,
            "p(95)": 1702.32300255,
            "avg": 1266.816420151381,
            "min": 23.097548,
            "med": 1256.724838
        },
        "http_req_sending": {
            "avg": 0.032378682883448306,
            "min": 0.003581,
            "med": 0.0233685,
            "max": 29.254463,
            "p(90)": 0.0347523,
            "p(95)": 0.0414391
        },
        "http_req_duration{expected_response:true}": {
            "p(90)": 1580.2389795000006,
            "p(95)": 1702.4896299499997,
            "avg": 1266.940965400193,
            "min": 23.201432,
            "med": 1256.875748,
            "max": 3384.634213
        },
        "http_req_receiving": {
            "p(90)": 0.15572910000000031,
            "p(95)": 0.2640292499999999,
            "avg": 0.09216656591337048,
            "min": 0.010536,
            "med": 0.0680355,
            "max": 2.131827
        },
        "data_sent": {
            "count": 2848284,
            "rate": 46473.51999920714
        },
        "http_req_blocked": {
            "avg": 0.17415958118853295,
            "min": 0.000445,
            "med": 0.00365,
            "max": 52.760226,
            "p(90)": 0.005621600000000003,
            "p(95)": 0.007749849999999994
        },
        "http_req_failed": {
            "passes": 0,
            "fails": 9558,
            "value": 0
        },
        "data_received": {
            "count": 2781378,
            "rate": 45381.860133453956
        },
        "vus": {
            "value": 34,
            "min": 34,
            "max": 200
        },
        "vus_max": {
            "value": 200,
            "min": 200,
            "max": 200
        }
    },
    "root_group": {
        "name": "",
        "path": "",
        "id": "d41d8cd98f00b204e9800998ecf8427e",
        "groups": {},
        "checks": {
                "status is 200": {
                    "name": "status is 200",
                    "path": "::status is 200",
                    "id": "6210a8cd14cd70477eba5c5e4cb3fb5f",
                    "passes": 9558,
                    "fails": 0
                }
            }
    }
}