{
    "root_group": {
        "name": "",
        "path": "",
        "id": "d41d8cd98f00b204e9800998ecf8427e",
        "groups": {},
        "checks": {
                "status is 200": {
                    "id": "6210a8cd14cd70477eba5c5e4cb3fb5f",
                    "passes": 81974,
                    "fails": 0,
                    "name": "status is 200",
                    "path": "::status is 200"
                }
            }
    },
    "metrics": {
        "iteration_duration": {
            "p(95)": 51.747547599999976,
            "avg": 36.58850730571941,
            "min": 21.560421,
            "med": 33.249889499999995,
            "max": 423.724092,
            "p(90)": 44.79745069999999
        },
        "data_sent": {
            "count": 24428252,
            "rate": 406951.5788848149
        },
        "http_req_waiting": {
            "max": 423.247366,
            "p(90)": 44.54876459999999,
            "p(95)": 51.52232879999999,
            "avg": 36.32068484065699,
            "min": 21.274071,
            "med": 32.9776365
        },
        "http_req_duration": {
            "p(95)": 51.59766304999997,
            "avg": 36.41520966850441,
            "min": 21.342585,
            "med": 33.076688000000004,
            "max": 423.522486,
            "p(90)": 44.641975499999994
        },
        "http_reqs": {
            "count": 81974,
            "rate": 1365.6093251168286
        },
        "http_req_blocked": {
            "p(95)": 0.00601,
            "avg": 0.0061240254958889375,
            "min": 0.000297,
            "med": 0.003556,
            "max": 0.723332,
            "p(90)": 0.005208
        },
        "vus": {
            "value": 50,
            "min": 50,
            "max": 50
        },
        "data_received": {
            "count": 22066206,
            "rate": 367602.1260832571
        },
        "http_req_tls_handshaking": {
            "p(95)": 0,
            "avg": 0,
            "min": 0,
            "med": 0,
            "max": 0,
            "p(90)": 0
        },
        "http_req_failed": {
            "passes": 0,
            "fails": 81974,
            "value": 0
        },
        "http_req_receiving": {
            "min": 0.006056,
            "med": 0.059745,
            "max": 3.025297,
            "p(90)": 0.10706559999999997,
            "p(95)": 0.14531394999999986,
            "avg": 0.07189545675458023
        },
        "iterations": {
            "count": 81974,
            "rate": 1365.6093251168286
        },
        "http_req_sending": {
            "min": 0.00239,
            "med": 0.0218165,
            "max": 1.109451,
            "p(90)": 0.030568699999999997,
            "p(95)": 0.035115,
            "avg": 0.022629371093273357
        },
        "http_req_connecting": {
            "min": 0,
            "med": 0,
            "max": 0.587968,
            "p(90)": 0,
            "p(95)": 0,
            "avg": 0.0016556341034962307
        },
        "vus_max": {
            "value": 50,
            "min": 50,
            "max": 50
        },
        "checks": {
            "passes": 81974,
            "fails": 0,
            "value": 1
        },
        "http_req_duration{expected_response:true}": {
            "avg": 36.41520966850441,
            "min": 21.342585,
            "med": 33.076688000000004,
            "max": 423.522486,
            "p(90)": 44.641975499999994,
            "p(95)": 51.59766304999997
        }
    }
}