{
    "root_group": {
        "name": "",
        "path": "",
        "id": "d41d8cd98f00b204e9800998ecf8427e",
        "groups": {},
        "checks": {
                "status is 200": {
                    "path": "::status is 200",
                    "id": "6210a8cd14cd70477eba5c5e4cb3fb5f",
                    "passes": 63778,
                    "fails": 0,
                    "name": "status is 200"
                }
            }
    },
    "metrics": {
        "http_req_blocked": {
            "min": 0.000276,
            "med": 0.003419,
            "max": 41.484737,
            "p(90)": 0.004982,
            "p(95)": 0.005790149999999994,
            "avg": 0.021889698422653585
        },
        "vus": {
            "value": 100,
            "min": 100,
            "max": 100
        },
        "http_req_connecting": {
            "med": 0,
            "max": 39.652545,
            "p(90)": 0,
            "p(95)": 0,
            "avg": 0.013279909435855608,
            "min": 0
        },
        "vus_max": {
            "max": 100,
            "value": 100,
            "min": 100
        },
        "http_req_duration{expected_response:true}": {
            "max": 599.923675,
            "p(90)": 136.3415205,
            "p(95)": 155.22492049999985,
            "avg": 93.914190541566,
            "min": 46.386207,
            "med": 85.995721
        },
        "http_req_duration": {
            "min": 46.386207,
            "med": 85.995721,
            "max": 599.923675,
            "p(90)": 136.3415205,
            "p(95)": 155.22492049999985,
            "avg": 93.914190541566
        },
        "http_req_receiving": {
            "max": 3.414307,
            "p(90)": 0.09932250000000002,
            "p(95)": 0.1286182499999999,
            "avg": 0.06774794711342459,
            "min": 0.005823,
            "med": 0.058325
        },
        "iteration_duration": {
            "med": 86.153798,
            "max": 639.483471,
            "p(90)": 136.49332480000004,
            "p(95)": 155.37812144999995,
            "avg": 94.10048058998225,
            "min": 46.551996
        },
        "http_req_failed": {
            "passes": 0,
            "fails": 63778,
            "value": 0
        },
        "iterations": {
            "count": 63778,
            "rate": 1061.8130508521574
        },
        "http_req_tls_handshaking": {
            "max": 0,
            "p(90)": 0,
            "p(95)": 0,
            "avg": 0,
            "min": 0,
            "med": 0
        },
        "data_received": {
            "count": 17231460,
            "rate": 286879.3175269986
        },
        "http_req_waiting": {
            "p(95)": 155.15328659999997,
            "avg": 93.8143739258208,
            "min": 46.304096,
            "med": 85.9185865,
            "max": 599.792121,
            "p(90)": 136.248404
        },
        "http_reqs": {
            "count": 63778,
            "rate": 1061.8130508521574
        },
        "checks": {
            "passes": 63778,
            "fails": 0,
            "value": 1
        },
        "data_sent": {
            "count": 19005844,
            "rate": 316420.2891539429
        },
        "http_req_sending": {
            "min": 0.002322,
            "med": 0.021213,
            "max": 41.218605,
            "p(90)": 0.0297753,
            "p(95)": 0.03419,
            "avg": 0.03206866863181638
        }
    }
}