{
    "root_group": {
        "id": "d41d8cd98f00b204e9800998ecf8427e",
        "groups": {},
        "checks": {
                "status is 200": {
                    "name": "status is 200",
                    "path": "::status is 200",
                    "id": "6210a8cd14cd70477eba5c5e4cb3fb5f",
                    "passes": 66689,
                    "fails": 0
                }
            },
        "name": "",
        "path": ""
    },
    "metrics": {
        "http_reqs": {
            "count": 66689,
            "rate": 1109.462610814978
        },
        "http_req_waiting": {
            "avg": 89.73687037102002,
            "min": 45.497944,
            "med": 79.650101,
            "max": 566.087316,
            "p(90)": 131.21044860000006,
            "p(95)": 151.47302539999998
        },
        "http_req_duration{expected_response:true}": {
            "avg": 89.82724459231748,
            "min": 45.584407,
            "med": 79.759752,
            "max": 566.251908,
            "p(90)": 131.31355180000006,
            "p(95)": 151.5672354
        },
        "vus_max": {
            "value": 100,
            "min": 100,
            "max": 100
        },
        "http_req_blocked": {
            "p(95)": 0.005889599999999999,
            "avg": 0.030003642519756228,
            "min": 0.000321,
            "med": 0.003435,
            "max": 32.341542,
            "p(90)": 0.005063
        },
        "http_req_tls_handshaking": {
            "max": 0,
            "p(90)": 0,
            "p(95)": 0,
            "avg": 0,
            "min": 0,
            "med": 0
        },
        "http_req_connecting": {
            "avg": 0.025674048403784733,
            "min": 0,
            "med": 0,
            "max": 32.296271,
            "p(90)": 0,
            "p(95)": 0
        },
        "http_req_failed": {
            "passes": 0,
            "fails": 66689,
            "value": 0
        },
        "data_sent": {
            "count": 19873322,
            "rate": 330619.85802286345
        },
        "data_received": {
            "count": 18017430,
            "rate": 299744.55949221173
        },
        "http_req_duration": {
            "max": 566.251908,
            "p(90)": 131.31355180000006,
            "p(95)": 151.5672354,
            "avg": 89.82724459231748,
            "min": 45.584407,
            "med": 79.759752
        },
        "http_req_sending": {
            "p(90)": 0.02999,
            "p(95)": 0.0345066,
            "avg": 0.02202231249531393,
            "min": 0.002196,
            "med": 0.021256,
            "max": 3.968478
        },
        "iteration_duration": {
            "avg": 90.01913466459273,
            "min": 45.802456,
            "med": 79.914105,
            "max": 584.4289,
            "p(90)": 131.48352820000002,
            "p(95)": 151.7510192
        },
        "vus": {
            "min": 100,
            "max": 100,
            "value": 100
        },
        "http_req_receiving": {
            "avg": 0.06835190880055239,
            "min": 0.006194,
            "med": 0.058404,
            "max": 3.259555,
            "p(90)": 0.10154740000000001,
            "p(95)": 0.13469779999999998
        },
        "iterations": {
            "count": 66689,
            "rate": 1109.462610814978
        },
        "checks": {
            "passes": 66689,
            "fails": 0,
            "value": 1
        }
    }
}