{
    "metrics": {
        "http_req_duration": {
            "med": 1726.875198,
            "max": 5140.303014,
            "p(90)": 2603.4628087,
            "p(95)": 2819.6982813499994,
            "avg": 1839.4546673279133,
            "min": 463.719651
        },
        "http_req_duration{expected_response:true}": {
            "max": 5140.303014,
            "p(90)": 2603.4628087,
            "p(95)": 2819.6982813499994,
            "avg": 1839.4546673279133,
            "min": 463.719651,
            "med": 1726.875198
        },
        "data_sent": {
            "count": 3963996,
            "rate": 63403.713750704606
        },
        "vus": {
            "value": 109,
            "min": 109,
            "max": 400
        },
        "http_req_failed": {
            "passes": 0,
            "fails": 13302,
            "value": 0
        },
        "vus_max": {
            "min": 400,
            "max": 400,
            "value": 400
        },
        "http_req_blocked": {
            "min": 0.000639,
            "med": 0.004122,
            "max": 44.692443,
            "p(90)": 0.0063639,
            "p(95)": 0.008902649999999991,
            "avg": 0.14298099285821694
        },
        "data_received": {
            "rate": 62127.128910086394,
            "count": 3884184
        },
        "http_req_connecting": {
            "p(90)": 0,
            "p(95)": 0,
            "avg": 0.1321275957750714,
            "min": 0,
            "med": 0,
            "max": 41.528283
        },
        "http_req_sending": {
            "p(90)": 0.0373729,
            "p(95)": 0.045497949999999975,
            "avg": 0.052712692301909905,
            "min": 0.00433,
            "med": 0.026195,
            "max": 43.698751
        },
        "http_req_tls_handshaking": {
            "p(95)": 0,
            "avg": 0,
            "min": 0,
            "med": 0,
            "max": 0,
            "p(90)": 0
        },
        "http_req_receiving": {
            "avg": 0.09624809374530133,
            "min": 0.014454,
            "med": 0.0755355,
            "max": 7.402998,
            "p(90)": 0.1580349,
            "p(95)": 0.2515387999999999
        },
        "http_reqs": {
            "count": 13302,
            "rate": 212.7641401030356
        },
        "iteration_duration": {
            "med": 1727.6722805,
            "max": 5140.560476,
            "p(90)": 2604.5534648999997,
            "p(95)": 2819.85669295,
            "avg": 1839.8023862341834,
            "min": 464.603968
        },
        "iterations": {
            "rate": 212.7641401030356,
            "count": 13302
        },
        "http_req_waiting": {
            "p(95)": 2819.6148915499994,
            "avg": 1839.3057065418739,
            "min": 461.742623,
            "med": 1726.770308,
            "max": 5140.193284,
            "p(90)": 2603.3440359
        },
        "checks": {
            "passes": 13302,
            "fails": 0,
            "value": 1
        }
    },
    "root_group": {
        "name": "",
        "path": "",
        "id": "d41d8cd98f00b204e9800998ecf8427e",
        "groups": {},
        "checks": {
                "status is 200": {
                    "passes": 13302,
                    "fails": 0,
                    "name": "status is 200",
                    "path": "::status is 200",
                    "id": "6210a8cd14cd70477eba5c5e4cb3fb5f"
                }
            }
    }
}