{
    "metrics": {
        "vus": {
            "value": 400,
            "min": 400,
            "max": 400
        },
        "http_req_duration{expected_response:true}": {
            "max": 2465.983027,
            "p(90)": 855.0949809000001,
            "p(95)": 1020.3092750499998,
            "avg": 711.5270338542081,
            "min": 124.683889,
            "med": 698.9013265000001
        },
        "checks": {
            "passes": 33952,
            "fails": 0,
            "value": 1
        },
        "http_req_waiting": {
            "avg": 711.398722123943,
            "min": 124.409025,
            "med": 698.77673,
            "max": 2465.28369,
            "p(90)": 855.0280713000001,
            "p(95)": 1020.1984968
        },
        "http_req_sending": {
            "avg": 0.03898102462299715,
            "min": 0.002546,
            "med": 0.0253875,
            "max": 117.47161,
            "p(90)": 0.0359649,
            "p(95)": 0.040151
        },
        "http_req_failed": {
            "passes": 0,
            "fails": 33952,
            "value": 0
        },
        "data_sent": {
            "rate": 166235.21764192457,
            "count": 10117696
        },
        "http_req_blocked": {
            "avg": 0.0792513104382662,
            "min": 0.00033,
            "med": 0.003952,
            "max": 76.052584,
            "p(90)": 0.00589,
            "p(95)": 0.006990449999999997
        },
        "data_received": {
            "count": 9167040,
            "rate": 150615.8012191934
        },
        "http_reqs": {
            "count": 33952,
            "rate": 557.8363008118274
        },
        "http_req_tls_handshaking": {
            "p(95)": 0,
            "avg": 0,
            "min": 0,
            "med": 0,
            "max": 0,
            "p(90)": 0
        },
        "http_req_connecting": {
            "avg": 0.06935040816446747,
            "min": 0,
            "med": 0,
            "max": 44.854699,
            "p(90)": 0,
            "p(95)": 0
        },
        "iteration_duration": {
            "p(95)": 1020.4847754499997,
            "avg": 711.7975095222638,
            "min": 124.779888,
            "med": 699.123165,
            "max": 2466.227427,
            "p(90)": 855.2479834999999
        },
        "iterations": {
            "count": 33952,
            "rate": 557.8363008118274
        },
        "http_req_receiving": {
            "p(95)": 0.20469639999999997,
            "avg": 0.08933070564326068,
            "min": 0.007307,
            "med": 0.0740995,
            "max": 5.631484,
            "p(90)": 0.14492510000000006
        },
        "vus_max": {
            "value": 400,
            "min": 400,
            "max": 400
        },
        "http_req_duration": {
            "p(95)": 1020.3092750499998,
            "avg": 711.5270338542081,
            "min": 124.683889,
            "med": 698.9013265000001,
            "max": 2465.983027,
            "p(90)": 855.0949809000001
        }
    },
    "root_group": {
        "name": "",
        "path": "",
        "id": "d41d8cd98f00b204e9800998ecf8427e",
        "groups": {},
        "checks": {
                "status is 200": {
                    "name": "status is 200",
                    "path": "::status is 200",
                    "id": "6210a8cd14cd70477eba5c5e4cb3fb5f",
                    "passes": 33952,
                    "fails": 0
                }
            }
    }
}