{
    "metrics": {
        "http_req_duration{expected_response:true}": {
            "avg": 573.4046011320537,
            "min": 37.067756,
            "med": 551.0813860000001,
            "max": 1791.021475,
            "p(90)": 688.296786,
            "p(95)": 736.5235064999999
        },
        "data_received": {
            "count": 16832974,
            "rate": 277229.5331718995
        },
        "http_reqs": {
            "count": 10526,
            "rate": 173.35724906171745
        },
        "checks": {
            "passes": 10526,
            "fails": 0,
            "value": 1
        },
        "iterations": {
            "count": 10526,
            "rate": 173.35724906171745
        },
        "http_req_receiving": {
            "avg": 0.09890237003610139,
            "min": 0.008878,
            "med": 0.0737115,
            "max": 6.04883,
            "p(90)": 0.1608215,
            "p(95)": 0.25878275
        },
        "vus_max": {
            "value": 100,
            "min": 100,
            "max": 100
        },
        "data_sent": {
            "count": 905236,
            "rate": 14908.723419307702
        },
        "http_req_duration": {
            "avg": 573.4046011320537,
            "min": 37.067756,
            "med": 551.0813860000001,
            "max": 1791.021475,
            "p(90)": 688.296786,
            "p(95)": 736.5235064999999
        },
        "http_req_connecting": {
            "avg": 0.04474602878586359,
            "min": 0,
            "med": 0,
            "max": 22.940268,
            "p(90)": 0,
            "p(95)": 0
        },
        "http_req_waiting": {
            "avg": 573.2738597954607,
            "min": 36.911412,
            "med": 551.0160304999999,
            "max": 1790.512414,
            "p(90)": 688.207171,
            "p(95)": 736.44370125
        },
        "iteration_duration": {
            "avg": 573.6033796873455,
            "min": 37.274937,
            "med": 551.2553235,
            "max": 1791.133344,
            "p(90)": 688.65678,
            "p(95)": 736.7231895
        },
        "http_req_tls_handshaking": {
            "max": 0,
            "p(90)": 0,
            "p(95)": 0,
            "avg": 0,
            "min": 0,
            "med": 0
        },
        "http_req_sending": {
            "p(95)": 0.030956749999999998,
            "avg": 0.031838966558996894,
            "min": 0.002649,
            "med": 0.0172865,
            "max": 23.043094,
            "p(90)": 0.025665
        },
        "http_req_failed": {
            "passes": 0,
            "fails": 10526,
            "value": 0
        },
        "http_req_blocked": {
            "med": 0.003859,
            "max": 22.973559,
            "p(90)": 0.005842,
            "p(95)": 0.00737975,
            "avg": 0.05012119960098789,
            "min": 0.000478
        },
        "vus": {
            "value": 100,
            "min": 100,
            "max": 100
        }
    },
    "root_group": {
        "name": "",
        "path": "",
        "id": "d41d8cd98f00b204e9800998ecf8427e",
        "groups": {},
        "checks": {
                "status is 200": {
                    "name": "status is 200",
                    "path": "::status is 200",
                    "id": "6210a8cd14cd70477eba5c5e4cb3fb5f",
                    "passes": 10526,
                    "fails": 0
                }
            }
    }
}