{
    "metrics": {
        "http_req_duration{expected_response:true}": {
            "max": 1357.381728,
            "p(90)": 774.7546044000001,
            "p(95)": 818.7110806,
            "avg": 736.6378363219361,
            "min": 399.142875,
            "med": 726.739612
        },
        "vus_max": {
            "value": 200,
            "min": 200,
            "max": 200
        },
        "http_req_blocked": {
            "med": 0.003343,
            "max": 40.664282,
            "p(90)": 0.004635,
            "p(95)": 0.005724399999999999,
            "avg": 0.0944436474073169,
            "min": 0.000414
        },
        "http_req_connecting": {
            "avg": 0.08702921223966294,
            "min": 0,
            "med": 0,
            "max": 39.826074,
            "p(90)": 0,
            "p(95)": 0
        },
        "http_req_tls_handshaking": {
            "p(95)": 0,
            "avg": 0,
            "min": 0,
            "med": 0,
            "max": 0,
            "p(90)": 0
        },
        "http_req_waiting": {
            "p(95)": 818.6300150000001,
            "avg": 736.5110920451954,
            "min": 398.920242,
            "med": 726.630523,
            "max": 1326.015183,
            "p(90)": 774.6740308000001
        },
        "http_reqs": {
            "count": 16373,
            "rate": 269.7047304931312
        },
        "vus": {
            "value": 200,
            "min": 200,
            "max": 200
        },
        "http_req_receiving": {
            "med": 0.060152,
            "max": 9.483163,
            "p(90)": 0.08977760000000001,
            "p(95)": 0.12372419999999998,
            "avg": 0.0732655825444331,
            "min": 0.008531
        },
        "http_req_sending": {
            "max": 72.202826,
            "p(90)": 0.0206918,
            "p(95)": 0.024140999999999996,
            "avg": 0.05347869419165693,
            "min": 0.002339,
            "med": 0.014891
        },
        "http_req_failed": {
            "passes": 0,
            "fails": 16373,
            "value": 0
        },
        "data_received": {
            "rate": 431257.8640585168,
            "count": 26180427
        },
        "checks": {
            "passes": 16373,
            "fails": 0,
            "value": 1
        },
        "data_sent": {
            "count": 1408078,
            "rate": 23194.606822409285
        },
        "iteration_duration": {
            "max": 1358.017229,
            "p(90)": 774.8862158000001,
            "p(95)": 818.8510952,
            "avg": 736.8617905448593,
            "min": 399.315841,
            "med": 726.856659
        },
        "http_req_duration": {
            "avg": 736.6378363219361,
            "min": 399.142875,
            "med": 726.739612,
            "max": 1357.381728,
            "p(90)": 774.7546044000001,
            "p(95)": 818.7110806
        },
        "iterations": {
            "count": 16373,
            "rate": 269.7047304931312
        }
    },
    "root_group": {
        "checks": {
            "status is 200": {
                "name": "status is 200",
                "path": "::status is 200",
                "id": "6210a8cd14cd70477eba5c5e4cb3fb5f",
                "passes": 16373,
                "fails": 0
            }
        },
        "name": "",
        "path": "",
        "id": "d41d8cd98f00b204e9800998ecf8427e",
        "groups": {}
    }
}