{
    "root_group": {
        "name": "",
        "path": "",
        "id": "d41d8cd98f00b204e9800998ecf8427e",
        "groups": {},
        "checks": {
                "status is 200": {
                    "passes": 32632,
                    "fails": 0,
                    "name": "status is 200",
                    "path": "::status is 200",
                    "id": "6210a8cd14cd70477eba5c5e4cb3fb5f"
                }
            }
    },
    "metrics": {
        "http_req_duration": {
            "p(90)": 970.3035917,
            "p(95)": 1006.0377778,
            "avg": 739.65844173958,
            "min": 480.271213,
            "med": 665.653406,
            "max": 2283.038674
        },
        "http_req_receiving": {
            "med": 0.062513,
            "max": 8.808141,
            "p(90)": 0.11597220000000001,
            "p(95)": 0.16780354999999994,
            "avg": 0.08182306824589376,
            "min": 0.008983
        },
        "http_req_failed": {
            "passes": 0,
            "fails": 32632,
            "value": 0
        },
        "data_sent": {
            "count": 9724336,
            "rate": 160076.58261344337
        },
        "http_req_duration{expected_response:true}": {
            "p(95)": 1006.0377778,
            "avg": 739.65844173958,
            "min": 480.271213,
            "med": 665.653406,
            "max": 2283.038674,
            "p(90)": 970.3035917
        },
        "http_req_tls_handshaking": {
            "med": 0,
            "max": 0,
            "p(90)": 0,
            "p(95)": 0,
            "avg": 0,
            "min": 0
        },
        "vus_max": {
            "value": 400,
            "min": 400,
            "max": 400
        },
        "http_req_waiting": {
            "med": 665.53952,
            "max": 2282.633328,
            "p(90)": 970.208295,
            "p(95)": 1005.95866355,
            "avg": 739.5385733251153,
            "min": 480.21686
        },
        "iteration_duration": {
            "p(90)": 970.4816448,
            "p(95)": 1006.20984185,
            "avg": 739.8976815695617,
            "min": 480.410538,
            "med": 665.8638415,
            "max": 2314.093215
        },
        "data_received": {
            "rate": 156853.56417156197,
            "count": 9528544
        },
        "http_req_blocked": {
            "avg": 0.05721160578573207,
            "min": 0.000522,
            "med": 0.003541,
            "max": 61.783073,
            "p(90)": 0.005548,
            "p(95)": 0.006731449999999997
        },
        "http_req_connecting": {
            "med": 0,
            "max": 36.289705,
            "p(90)": 0,
            "p(95)": 0,
            "avg": 0.05013245850698704,
            "min": 0
        },
        "http_req_sending": {
            "min": 0.003646,
            "med": 0.022012,
            "max": 60.745697,
            "p(90)": 0.0328798,
            "p(95)": 0.03853394999999997,
            "avg": 0.03804534622456471
        },
        "vus": {
            "max": 400,
            "value": 400,
            "min": 400
        },
        "iterations": {
            "count": 32632,
            "rate": 537.1697403135684
        },
        "http_reqs": {
            "count": 32632,
            "rate": 537.1697403135684
        },
        "checks": {
            "passes": 32632,
            "fails": 0,
            "value": 1
        }
    }
}