{
    "root_group": {
        "name": "",
        "path": "",
        "id": "d41d8cd98f00b204e9800998ecf8427e",
        "groups": {},
        "checks": {
                "status is 200": {
                    "fails": 0,
                    "name": "status is 200",
                    "path": "::status is 200",
                    "id": "6210a8cd14cd70477eba5c5e4cb3fb5f",
                    "passes": 35393
                }
            }
    },
    "metrics": {
        "data_sent": {
            "count": 10547114,
            "rate": 175671.24721466927
        },
        "iterations": {
            "count": 35393,
            "rate": 589.5008295794271
        },
        "http_req_receiving": {
            "p(95)": 0.12098660000000012,
            "avg": 0.07032405826010837,
            "min": 0.006821,
            "med": 0.056703,
            "max": 14.012828,
            "p(90)": 0.0915366
        },
        "http_req_failed": {
            "passes": 0,
            "fails": 35393,
            "value": 0
        },
        "vus": {
            "value": 50,
            "min": 50,
            "max": 50
        },
        "data_received": {
            "rate": 171630.3858363336,
            "count": 10304505
        },
        "http_req_duration{expected_response:true}": {
            "avg": 84.61560905885386,
            "min": 38.012397,
            "med": 71.916014,
            "max": 553.782734,
            "p(90)": 133.18025259999996,
            "p(95)": 172.7797372
        },
        "vus_max": {
            "value": 50,
            "min": 50,
            "max": 50
        },
        "http_req_duration": {
            "p(90)": 133.18025259999996,
            "p(95)": 172.7797372,
            "avg": 84.61560905885386,
            "min": 38.012397,
            "med": 71.916014,
            "max": 553.782734
        },
        "http_req_sending": {
            "min": 0.002858,
            "med": 0.020794,
            "max": 0.900902,
            "p(90)": 0.0283336,
            "p(95)": 0.0322232,
            "avg": 0.021451635662419245
        },
        "iteration_duration": {
            "med": 72.073009,
            "max": 553.988071,
            "p(90)": 133.3048142,
            "p(95)": 172.94307080000004,
            "avg": 84.77991013327521,
            "min": 38.11587
        },
        "http_reqs": {
            "count": 35393,
            "rate": 589.5008295794271
        },
        "http_req_tls_handshaking": {
            "p(90)": 0,
            "p(95)": 0,
            "avg": 0,
            "min": 0,
            "med": 0,
            "max": 0
        },
        "checks": {
            "passes": 35393,
            "fails": 0,
            "value": 1
        },
        "http_req_blocked": {
            "avg": 0.005918082784731455,
            "min": 0.000345,
            "med": 0.003306,
            "max": 0.56265,
            "p(90)": 0.004634,
            "p(95)": 0.005449400000000001
        },
        "http_req_connecting": {
            "avg": 0.0017508333568784773,
            "min": 0,
            "med": 0,
            "max": 0.341522,
            "p(90)": 0,
            "p(95)": 0
        },
        "http_req_waiting": {
            "med": 71.81776,
            "max": 552.926771,
            "p(90)": 133.08647859999996,
            "p(95)": 172.67877080000005,
            "avg": 84.52383336493048,
            "min": 37.982759
        }
    }
}