{
    "root_group": {
        "name": "",
        "path": "",
        "id": "d41d8cd98f00b204e9800998ecf8427e",
        "groups": {},
        "checks": {
                "status is 200": {
                    "passes": 9917,
                    "fails": 0,
                    "name": "status is 200",
                    "path": "::status is 200",
                    "id": "6210a8cd14cd70477eba5c5e4cb3fb5f"
                }
            }
    },
    "metrics": {
        "http_req_duration{expected_response:true}": {
            "avg": 303.0709249360678,
            "min": 36.335559,
            "med": 279.806656,
            "max": 879.977027,
            "p(90)": 414.7009249999999,
            "p(95)": 489.2269379999998
        },
        "http_req_connecting": {
            "max": 0.363855,
            "p(90)": 0,
            "p(95)": 0,
            "avg": 0.0016099811434909749,
            "min": 0,
            "med": 0
        },
        "http_reqs": {
            "count": 9917,
            "rate": 164.52932831928524
        },
        "data_sent": {
            "count": 852862,
            "rate": 14149.522235458531
        },
        "vus": {
            "value": 50,
            "min": 50,
            "max": 50
        },
        "http_req_duration": {
            "max": 879.977027,
            "p(90)": 414.7009249999999,
            "p(95)": 489.2269379999998,
            "avg": 303.0709249360678,
            "min": 36.335559,
            "med": 279.806656
        },
        "iteration_duration": {
            "p(90)": 414.8678299999999,
            "p(95)": 489.41969839999985,
            "avg": 303.22276450741145,
            "min": 36.464773,
            "med": 279.946708,
            "max": 880.136514
        },
        "http_req_failed": {
            "passes": 0,
            "fails": 9917,
            "value": 0
        },
        "checks": {
            "passes": 9917,
            "fails": 0,
            "value": 1
        },
        "data_received": {
            "count": 15858480,
            "rate": 263102.25497275573
        },
        "iterations": {
            "count": 9917,
            "rate": 164.52932831928524
        },
        "vus_max": {
            "value": 50,
            "min": 50,
            "max": 50
        },
        "http_req_sending": {
            "p(90)": 0.025682999999999997,
            "p(95)": 0.029993799999999994,
            "avg": 0.01819431561964299,
            "min": 0.002343,
            "med": 0.017265,
            "max": 0.518428
        },
        "http_req_receiving": {
            "min": 0.007916,
            "med": 0.0732,
            "max": 8.238115,
            "p(90)": 0.157078,
            "p(95)": 0.25828679999999987,
            "avg": 0.09699211747504291
        },
        "http_req_blocked": {
            "avg": 0.0063927798729454515,
            "min": 0.000376,
            "med": 0.003835,
            "max": 0.495355,
            "p(90)": 0.0057908,
            "p(95)": 0.0069947999999999955
        },
        "http_req_tls_handshaking": {
            "med": 0,
            "max": 0,
            "p(90)": 0,
            "p(95)": 0,
            "avg": 0,
            "min": 0
        },
        "http_req_waiting": {
            "max": 879.834775,
            "p(90)": 414.56760899999995,
            "p(95)": 489.1153139999997,
            "avg": 302.9557385029745,
            "min": 36.237673,
            "med": 279.706122
        }
    }
}