{
    "root_group": {
        "id": "d41d8cd98f00b204e9800998ecf8427e",
        "groups": {},
        "checks": {
                "status is 200": {
                    "passes": 16498,
                    "fails": 0,
                    "name": "status is 200",
                    "path": "::status is 200",
                    "id": "6210a8cd14cd70477eba5c5e4cb3fb5f"
                }
            },
        "name": "",
        "path": ""
    },
    "metrics": {
        "iterations": {
            "rate": 273.4195353319008,
            "count": 16498
        },
        "data_received": {
            "count": 26382202,
            "rate": 437229.32548626163
        },
        "http_req_connecting": {
            "min": 0,
            "med": 0,
            "max": 38.403707,
            "p(90)": 0,
            "p(95)": 0,
            "avg": 0.0465426681415929
        },
        "http_req_receiving": {
            "avg": 0.07223638574372676,
            "min": 0.008292,
            "med": 0.0610215,
            "max": 3.638182,
            "p(90)": 0.09128340000000003,
            "p(95)": 0.122119
        },
        "http_req_failed": {
            "passes": 0,
            "fails": 16498,
            "value": 0
        },
        "data_sent": {
            "count": 1418828,
            "rate": 23514.08003854347
        },
        "iteration_duration": {
            "med": 357.52768149999997,
            "max": 873.470566,
            "p(90)": 383.7469997,
            "p(95)": 396.17630694999997,
            "avg": 364.65409094750754,
            "min": 138.573904
        },
        "http_reqs": {
            "count": 16498,
            "rate": 273.4195353319008
        },
        "http_req_sending": {
            "med": 0.014970500000000001,
            "max": 38.036597,
            "p(90)": 0.020997100000000008,
            "p(95)": 0.02410905,
            "avg": 0.01834162219663,
            "min": 0.002555
        },
        "http_req_tls_handshaking": {
            "p(90)": 0,
            "p(95)": 0,
            "avg": 0,
            "min": 0,
            "med": 0,
            "max": 0
        },
        "vus_max": {
            "value": 100,
            "min": 100,
            "max": 100
        },
        "http_req_duration{expected_response:true}": {
            "avg": 364.47389589501756,
            "min": 138.399274,
            "med": 357.398272,
            "max": 872.949654,
            "p(90)": 383.626224,
            "p(95)": 396.02926940000003
        },
        "checks": {
            "passes": 16498,
            "fails": 0,
            "value": 1
        },
        "http_req_duration": {
            "max": 872.949654,
            "p(90)": 383.626224,
            "p(95)": 396.02926940000003,
            "avg": 364.47389589501756,
            "min": 138.399274,
            "med": 357.398272
        },
        "http_req_waiting": {
            "avg": 364.3833178870764,
            "min": 138.192901,
            "med": 357.313538,
            "max": 872.843096,
            "p(90)": 383.54218360000004,
            "p(95)": 395.9556125
        },
        "vus": {
            "value": 100,
            "min": 100,
            "max": 100
        },
        "http_req_blocked": {
            "min": 0.000417,
            "med": 0.0033715,
            "max": 38.43321,
            "p(90)": 0.0046903000000000005,
            "p(95)": 0.005624599999999999,
            "avg": 0.05312346908716224
        }
    }
}