{
    "metrics": {
        "http_req_tls_handshaking": {
            "max": 0,
            "p(90)": 0,
            "p(95)": 0,
            "avg": 0,
            "min": 0,
            "med": 0
        },
        "http_req_waiting": {
            "avg": 373.0887101854838,
            "min": 165.908606,
            "med": 359.9644575,
            "max": 937.909644,
            "p(90)": 415.3069557,
            "p(95)": 455.29957184999995
        },
        "http_req_blocked": {
            "avg": 0.06012482059553354,
            "min": 0.000363,
            "med": 0.003385,
            "max": 44.320569,
            "p(90)": 0.0048161,
            "p(95)": 0.005892099999999998
        },
        "checks": {
            "fails": 0,
            "passes": 16120,
            "value": 1
        },
        "data_sent": {
            "count": 1386320,
            "rate": 22954.97944985402
        },
        "http_req_duration": {
            "avg": 373.1930551129015,
            "min": 166.06534,
            "med": 360.0502675,
            "max": 938.23338,
            "p(90)": 415.39075280000003,
            "p(95)": 455.4048977999999
        },
        "http_req_connecting": {
            "avg": 0.05572457897022331,
            "min": 0,
            "med": 0,
            "max": 44.289015,
            "p(90)": 0,
            "p(95)": 0
        },
        "http_req_duration{expected_response:true}": {
            "min": 166.06534,
            "med": 360.0502675,
            "max": 938.23338,
            "p(90)": 415.39075280000003,
            "p(95)": 455.4048977999999,
            "avg": 373.1930551129015
        },
        "http_req_receiving": {
            "p(95)": 0.13398339999999995,
            "avg": 0.0792603061414389,
            "min": 0.008402,
            "med": 0.060589000000000004,
            "max": 9.451618,
            "p(90)": 0.0937109
        },
        "data_received": {
            "count": 25777780,
            "rate": 426833.927349283
        },
        "http_reqs": {
            "count": 16120,
            "rate": 266.918365695977
        },
        "vus_max": {
            "value": 100,
            "min": 100,
            "max": 100
        },
        "http_req_failed": {
            "fails": 16120,
            "passes": 0,
            "value": 0
        },
        "http_req_sending": {
            "avg": 0.02508462127791546,
            "min": 0.002673,
            "med": 0.015067,
            "max": 43.979149,
            "p(90)": 0.0216431,
            "p(95)": 0.025359149999999997
        },
        "iterations": {
            "count": 16120,
            "rate": 266.918365695977
        },
        "iteration_duration": {
            "max": 938.566484,
            "p(90)": 415.5457663000001,
            "p(95)": 455.5774291999999,
            "avg": 373.3834565191676,
            "min": 166.225726,
            "med": 360.204122
        },
        "vus": {
            "value": 100,
            "min": 100,
            "max": 100
        }
    },
    "root_group": {
        "name": "",
        "path": "",
        "id": "d41d8cd98f00b204e9800998ecf8427e",
        "groups": {},
        "checks": {
                "status is 200": {
                    "name": "status is 200",
                    "path": "::status is 200",
                    "id": "6210a8cd14cd70477eba5c5e4cb3fb5f",
                    "passes": 16120,
                    "fails": 0
                }
            }
    }
}