{
    "metrics": {
        "iteration_duration": {
            "min": 23.122205,
            "med": 534.840405,
            "max": 2577.815344,
            "p(90)": 811.809009,
            "p(95)": 957.526494,
            "avg": 571.661066077224
        },
        "http_req_blocked": {
            "avg": 0.0700419408974487,
            "min": 0.000404,
            "med": 0.003532,
            "max": 32.256945,
            "p(90)": 0.005314,
            "p(95)": 0.006636
        },
        "http_req_connecting": {
            "max": 32.205626,
            "p(90)": 0,
            "p(95)": 0,
            "avg": 0.061473724978654706,
            "min": 0,
            "med": 0
        },
        "http_req_waiting": {
            "avg": 571.3014460337715,
            "min": 22.879851,
            "med": 534.574889,
            "max": 2577.185673,
            "p(90)": 811.540581,
            "p(95)": 957.207466
        },
        "http_req_duration{expected_response:true}": {
            "min": 22.959131,
            "med": 534.67982,
            "max": 2577.575421,
            "p(90)": 811.625545,
            "p(95)": 957.285948,
            "avg": 571.4140392990228
        },
        "http_req_sending": {
            "max": 2.012766,
            "p(90)": 0.033294,
            "p(95)": 0.037854,
            "avg": 0.024658162128830187,
            "min": 0.00327,
            "med": 0.022493
        },
        "vus": {
            "value": 100,
            "min": 100,
            "max": 100
        },
        "checks": {
            "passes": 10541,
            "fails": 0,
            "value": 1
        },
        "iterations": {
            "count": 10541,
            "rate": 173.93501399952888
        },
        "http_reqs": {
            "count": 10541,
            "rate": 173.93501399952888
        },
        "http_req_duration": {
            "avg": 571.4140392990228,
            "min": 22.959131,
            "med": 534.67982,
            "max": 2577.575421,
            "p(90)": 811.625545,
            "p(95)": 957.285948
        },
        "vus_max": {
            "value": 100,
            "min": 100,
            "max": 100
        },
        "http_req_tls_handshaking": {
            "p(90)": 0,
            "p(95)": 0,
            "avg": 0,
            "min": 0,
            "med": 0,
            "max": 0
        },
        "http_req_receiving": {
            "min": 0.008927,
            "med": 0.065944,
            "max": 3.657758,
            "p(90)": 0.155509,
            "p(95)": 0.247082,
            "avg": 0.08793510312114548
        },
        "data_sent": {
            "count": 3141218,
            "rate": 51832.63417185961
        },
        "data_received": {
            "count": 3069331,
            "rate": 50646.440608499004
        },
        "http_req_failed": {
            "passes": 0,
            "fails": 10541,
            "value": 0
        }
    },
    "root_group": {
        "name": "",
        "path": "",
        "id": "d41d8cd98f00b204e9800998ecf8427e",
        "groups": {},
        "checks": {
                "status is 200": {
                    "name": "status is 200",
                    "path": "::status is 200",
                    "id": "6210a8cd14cd70477eba5c5e4cb3fb5f",
                    "passes": 10541,
                    "fails": 0
                }
            }
    }
}