{
    "root_group": {
        "name": "",
        "path": "",
        "id": "d41d8cd98f00b204e9800998ecf8427e",
        "groups": {},
        "checks": {
                "status is 200": {
                    "name": "status is 200",
                    "path": "::status is 200",
                    "id": "6210a8cd14cd70477eba5c5e4cb3fb5f",
                    "passes": 40458,
                    "fails": 0
                }
            }
    },
    "metrics": {
        "http_req_sending": {
            "p(90)": 0.029667,
            "p(95)": 0.03445815,
            "avg": 0.032145059889268066,
            "min": 0.003335,
            "med": 0.020995,
            "max": 73.361127
        },
        "http_req_tls_handshaking": {
            "avg": 0,
            "min": 0,
            "med": 0,
            "max": 0,
            "p(90)": 0,
            "p(95)": 0
        },
        "checks": {
            "passes": 40458,
            "fails": 0,
            "value": 1
        },
        "http_req_duration": {
            "p(95)": 742.5933499,
            "avg": 595.70650704078,
            "min": 385.226511,
            "med": 584.7749515,
            "max": 1669.389719,
            "p(90)": 705.0969466
        },
        "http_req_blocked": {
            "avg": 0.052875945820356755,
            "min": 0.000426,
            "med": 0.003371,
            "max": 73.495775,
            "p(90)": 0.004919,
            "p(95)": 0.006064
        },
        "http_req_failed": {
            "passes": 0,
            "fails": 40458,
            "value": 0
        },
        "iterations": {
            "rate": 667.5264597209191,
            "count": 40458
        },
        "iteration_duration": {
            "avg": 595.9249162892655,
            "min": 385.408216,
            "med": 584.952778,
            "max": 1669.754476,
            "p(90)": 705.2934383000003,
            "p(95)": 742.813875
        },
        "http_req_connecting": {
            "avg": 0.044960323594839154,
            "min": 0,
            "med": 0,
            "max": 71.258316,
            "p(90)": 0,
            "p(95)": 0
        },
        "http_reqs": {
            "count": 40458,
            "rate": 667.5264597209191
        },
        "http_req_waiting": {
            "max": 1669.083767,
            "p(90)": 704.9976329,
            "p(95)": 742.5113723999999,
            "avg": 595.594928685774,
            "min": 385.149685,
            "med": 584.6927945
        },
        "http_req_duration{expected_response:true}": {
            "min": 385.226511,
            "med": 584.7749515,
            "max": 1669.389719,
            "p(90)": 705.0969466,
            "p(95)": 742.5933499,
            "avg": 595.70650704078
        },
        "http_req_receiving": {
            "min": 0.007389,
            "med": 0.058832499999999996,
            "max": 19.987128,
            "p(90)": 0.10282890000000004,
            "p(95)": 0.14717415000000006,
            "avg": 0.07943329512086615
        },
        "vus": {
            "value": 400,
            "min": 400,
            "max": 400
        },
        "data_sent": {
            "count": 12056484,
            "rate": 198922.8849968339
        },
        "data_received": {
            "count": 11821336,
            "rate": 195043.1205015436
        },
        "vus_max": {
            "value": 400,
            "min": 400,
            "max": 400
        }
    }
}