{
    "metrics": {
        "vus_max": {
            "value": 200,
            "min": 200,
            "max": 200
        },
        "http_req_duration": {
            "avg": 289.70860433031294,
            "min": 177.778673,
            "med": 269.3717435,
            "max": 1213.342961,
            "p(90)": 395.21012120000006,
            "p(95)": 440.04937490000003
        },
        "http_req_sending": {
            "avg": 0.022525767152017796,
            "min": 0.003719,
            "med": 0.020941,
            "max": 0.909702,
            "p(90)": 0.028867800000000002,
            "p(95)": 0.033198899999999996
        },
        "checks": {
            "passes": 41482,
            "fails": 0,
            "value": 1
        },
        "data_sent": {
            "count": 12361636,
            "rate": 204885.29375206516
        },
        "http_reqs": {
            "count": 41482,
            "rate": 687.534542792165
        },
        "iteration_duration": {
            "max": 1215.437653,
            "p(90)": 395.3758878,
            "p(95)": 440.22490154999997,
            "avg": 289.90689010168063,
            "min": 177.979244,
            "med": 269.5305895
        },
        "http_req_waiting": {
            "max": 1212.935345,
            "p(90)": 395.1003687,
            "p(95)": 439.97482679999996,
            "avg": 289.61627662434233,
            "min": 177.699991,
            "med": 269.2926675
        },
        "http_req_blocked": {
            "max": 43.643305,
            "p(90)": 0.004754,
            "p(95)": 0.005716,
            "avg": 0.035995979244009796,
            "min": 0.000473,
            "med": 0.00334
        },
        "http_req_tls_handshaking": {
            "p(95)": 0,
            "avg": 0,
            "min": 0,
            "med": 0,
            "max": 0,
            "p(90)": 0
        },
        "http_req_duration{expected_response:true}": {
            "med": 269.3717435,
            "max": 1213.342961,
            "p(90)": 395.21012120000006,
            "p(95)": 440.04937490000003,
            "avg": 289.70860433031294,
            "min": 177.778673
        },
        "http_req_receiving": {
            "min": 0.008559,
            "med": 0.057908,
            "max": 5.662788,
            "p(90)": 0.09531010000000002,
            "p(95)": 0.1284549,
            "avg": 0.06980193881683594
        },
        "http_req_connecting": {
            "med": 0,
            "max": 43.566437,
            "p(90)": 0,
            "p(95)": 0,
            "avg": 0.03159769097439854,
            "min": 0
        },
        "iterations": {
            "count": 41482,
            "rate": 687.534542792165
        },
        "vus": {
            "value": 200,
            "min": 200,
            "max": 200
        },
        "data_received": {
            "count": 12120344,
            "rate": 200886.05107091652
        },
        "http_req_failed": {
            "passes": 0,
            "fails": 41482,
            "value": 0
        }
    },
    "root_group": {
        "checks": {
            "status is 200": {
                "name": "status is 200",
                "path": "::status is 200",
                "id": "6210a8cd14cd70477eba5c5e4cb3fb5f",
                "passes": 41482,
                "fails": 0
            }
        },
        "name": "",
        "path": "",
        "id": "d41d8cd98f00b204e9800998ecf8427e",
        "groups": {}
    }
}