{
    "metrics": {
        "http_req_blocked": {
            "avg": 0.21504217252800825,
            "min": 0.000722,
            "med": 0.004293,
            "max": 67.742011,
            "p(90)": 0.007143400000000003,
            "p(95)": 0.012502999999999967
        },
        "checks": {
            "passes": 10265,
            "fails": 0,
            "value": 1
        },
        "http_req_duration": {
            "max": 6369.336422,
            "p(90)": 3269.3162676,
            "p(95)": 3355.9024363999997,
            "avg": 2395.9039300488985,
            "min": 536.348867,
            "med": 2148.177207
        },
        "http_reqs": {
            "count": 10265,
            "rate": 162.28299391302474
        },
        "http_req_failed": {
            "passes": 0,
            "fails": 10265,
            "value": 0
        },
        "data_sent": {
            "count": 3058970,
            "rate": 48360.332186081374
        },
        "iterations": {
            "count": 10265,
            "rate": 162.28299391302474
        },
        "http_req_connecting": {
            "min": 0,
            "med": 0,
            "max": 43.109512,
            "p(90)": 0,
            "p(95)": 0,
            "avg": 0.19900521831466128
        },
        "data_received": {
            "rate": 47386.63422260323,
            "count": 2997380
        },
        "http_req_tls_handshaking": {
            "min": 0,
            "med": 0,
            "max": 0,
            "p(90)": 0,
            "p(95)": 0,
            "avg": 0
        },
        "iteration_duration": {
            "avg": 2396.336978057768,
            "min": 536.640527,
            "med": 2148.458553,
            "max": 6369.621127,
            "p(90)": 3269.4931586000002,
            "p(95)": 3356.4072726
        },
        "http_req_sending": {
            "max": 44.858307,
            "p(90)": 0.0408772,
            "p(95)": 0.05416079999999993,
            "avg": 0.05297901548952761,
            "min": 0.00475,
            "med": 0.026965
        },
        "http_req_receiving": {
            "avg": 0.11567698139308281,
            "min": 0.011618,
            "med": 0.080068,
            "max": 7.433947,
            "p(90)": 0.2326084,
            "p(95)": 0.3230339999999999
        },
        "vus_max": {
            "max": 400,
            "value": 400,
            "min": 400
        },
        "vus": {
            "value": 30,
            "min": 30,
            "max": 400
        },
        "http_req_duration{expected_response:true}": {
            "avg": 2395.9039300488985,
            "min": 536.348867,
            "med": 2148.177207,
            "max": 6369.336422,
            "p(90)": 3269.3162676,
            "p(95)": 3355.9024363999997
        },
        "http_req_waiting": {
            "avg": 2395.735274052025,
            "min": 535.822033,
            "med": 2148.067249,
            "max": 6369.216842,
            "p(90)": 3269.2184676,
            "p(95)": 3355.7956675999994
        }
    },
    "root_group": {
        "name": "",
        "path": "",
        "id": "d41d8cd98f00b204e9800998ecf8427e",
        "groups": {},
        "checks": {
                "status is 200": {
                    "path": "::status is 200",
                    "id": "6210a8cd14cd70477eba5c5e4cb3fb5f",
                    "passes": 10265,
                    "fails": 0,
                    "name": "status is 200"
                }
            }
    }
}