{
    "metrics": {
        "http_req_receiving": {
            "avg": 0.07076653428849636,
            "min": 0.007786,
            "med": 0.058084,
            "max": 11.348752,
            "p(90)": 0.09695240000000001,
            "p(95)": 0.13040104999999994
        },
        "data_sent": {
            "count": 12853932,
            "rate": 212941.91309485873
        },
        "http_req_failed": {
            "passes": 0,
            "fails": 43134,
            "value": 0
        },
        "http_reqs": {
            "count": 43134,
            "rate": 714.5701781706668
        },
        "http_req_connecting": {
            "p(95)": 0,
            "avg": 0.05237321152686975,
            "min": 0,
            "med": 0,
            "max": 42.297561,
            "p(90)": 0
        },
        "http_req_waiting": {
            "p(90)": 354.8949489000001,
            "p(95)": 391.91866185,
            "avg": 278.49795402146657,
            "min": 179.385721,
            "med": 260.409778,
            "max": 1476.924679
        },
        "iteration_duration": {
            "max": 1513.95558,
            "p(90)": 355.1831785,
            "p(95)": 392.15642155,
            "avg": 278.81355155249,
            "min": 179.553344,
            "med": 260.639373
        },
        "http_req_tls_handshaking": {
            "p(95)": 0,
            "avg": 0,
            "min": 0,
            "med": 0,
            "max": 0,
            "p(90)": 0
        },
        "http_req_blocked": {
            "avg": 0.057040148166179354,
            "min": 0.000351,
            "med": 0.003385,
            "max": 42.350331,
            "p(90)": 0.004776,
            "p(95)": 0.0057423499999999985
        },
        "http_req_duration{expected_response:true}": {
            "avg": 278.5941211392192,
            "min": 179.438143,
            "med": 260.48661100000004,
            "max": 1477.172804,
            "p(90)": 355.0037121000001,
            "p(95)": 391.98521955
        },
        "iterations": {
            "count": 43134,
            "rate": 714.5701781706668
        },
        "vus": {
            "value": 200,
            "min": 200,
            "max": 200
        },
        "vus_max": {
            "value": 200,
            "min": 200,
            "max": 200
        },
        "checks": {
            "passes": 43134,
            "fails": 0,
            "value": 1
        },
        "data_received": {
            "count": 12602728,
            "rate": 208780.39579905532
        },
        "http_req_sending": {
            "min": 0.002929,
            "med": 0.021132,
            "max": 43.032073,
            "p(90)": 0.028948,
            "p(95)": 0.033011349999999995,
            "avg": 0.02540058346084292
        },
        "http_req_duration": {
            "min": 179.438143,
            "med": 260.48661100000004,
            "max": 1477.172804,
            "p(90)": 355.0037121000001,
            "p(95)": 391.98521955,
            "avg": 278.5941211392192
        }
    },
    "root_group": {
        "name": "",
        "path": "",
        "id": "d41d8cd98f00b204e9800998ecf8427e",
        "groups": {},
        "checks": {
                "status is 200": {
                    "id": "6210a8cd14cd70477eba5c5e4cb3fb5f",
                    "passes": 43134,
                    "fails": 0,
                    "name": "status is 200",
                    "path": "::status is 200"
                }
            }
    }
}