{
    "metrics": {
        "http_req_duration": {
            "med": 722.703974,
            "max": 2495.299637,
            "p(90)": 757.225711,
            "p(95)": 794.640296,
            "avg": 749.3299188016891,
            "min": 422.556615
        },
        "http_req_connecting": {
            "max": 38.348134,
            "p(90)": 0,
            "p(95)": 0,
            "avg": 0.09208973390904578,
            "min": 0,
            "med": 0
        },
        "iteration_duration": {
            "p(90)": 757.3672779999999,
            "p(95)": 794.79588425,
            "avg": 749.56442400789,
            "min": 422.649732,
            "med": 722.8303675,
            "max": 2504.501074
        },
        "http_req_duration{expected_response:true}": {
            "max": 2495.299637,
            "p(90)": 757.225711,
            "p(95)": 794.640296,
            "avg": 749.3299188016891,
            "min": 422.556615,
            "med": 722.703974
        },
        "http_req_sending": {
            "med": 0.0148275,
            "max": 39.626177,
            "p(90)": 0.020538,
            "p(95)": 0.02381225,
            "avg": 0.027861127982107325,
            "min": 0.00218
        },
        "data_sent": {
            "count": 1384256,
            "rate": 22795.68363518921
        },
        "vus": {
            "value": 200,
            "min": 200,
            "max": 200
        },
        "http_reqs": {
            "count": 16096,
            "rate": 265.06608878126985
        },
        "data_received": {
            "count": 25737504,
            "rate": 423840.67596125056
        },
        "iterations": {
            "count": 16096,
            "rate": 265.06608878126985
        },
        "http_req_waiting": {
            "med": 722.62448,
            "max": 2494.393517,
            "p(90)": 757.121658,
            "p(95)": 794.512157,
            "avg": 749.2276315596422,
            "min": 422.478761
        },
        "http_req_blocked": {
            "med": 0.003318,
            "max": 38.41402,
            "p(90)": 0.004585499999999999,
            "p(95)": 0.005605499999999999,
            "avg": 0.1039246203404576,
            "min": 0.000332
        },
        "http_req_receiving": {
            "p(95)": 0.12208175,
            "avg": 0.07442611406560666,
            "min": 0.00869,
            "med": 0.05996,
            "max": 7.192964,
            "p(90)": 0.08842549999999999
        },
        "http_req_failed": {
            "fails": 16096,
            "passes": 0,
            "value": 0
        },
        "http_req_tls_handshaking": {
            "avg": 0,
            "min": 0,
            "med": 0,
            "max": 0,
            "p(90)": 0,
            "p(95)": 0
        },
        "checks": {
            "fails": 0,
            "passes": 16096,
            "value": 1
        },
        "vus_max": {
            "min": 200,
            "max": 200,
            "value": 200
        }
    },
    "root_group": {
        "id": "d41d8cd98f00b204e9800998ecf8427e",
        "groups": {},
        "checks": {
                "status is 200": {
                    "fails": 0,
                    "name": "status is 200",
                    "path": "::status is 200",
                    "id": "6210a8cd14cd70477eba5c5e4cb3fb5f",
                    "passes": 16096
                }
            },
        "name": "",
        "path": ""
    }
}