{
    "root_group": {
        "name": "",
        "path": "",
        "id": "d41d8cd98f00b204e9800998ecf8427e",
        "groups": {},
        "checks": {
                "status is 200": {
                    "fails": 0,
                    "name": "status is 200",
                    "path": "::status is 200",
                    "id": "6210a8cd14cd70477eba5c5e4cb3fb5f",
                    "passes": 68027
                }
            }
    },
    "metrics": {
        "data_sent": {
            "rate": 336964.43097987876,
            "count": 20272046
        },
        "http_req_duration{expected_response:true}": {
            "avg": 88.06857108634851,
            "min": 46.890524,
            "med": 80.32759,
            "max": 630.242208,
            "p(90)": 124.29709880000001,
            "p(95)": 142.38950519999997
        },
        "http_req_blocked": {
            "max": 27.687872,
            "p(90)": 0.00508,
            "p(95)": 0.005931,
            "avg": 0.013112704102782887,
            "min": 0.000286,
            "med": 0.003468
        },
        "http_req_failed": {
            "passes": 0,
            "fails": 68027,
            "value": 0
        },
        "http_req_tls_handshaking": {
            "p(95)": 0,
            "avg": 0,
            "min": 0,
            "med": 0,
            "max": 0,
            "p(90)": 0
        },
        "vus": {
            "max": 100,
            "value": 100,
            "min": 100
        },
        "vus_max": {
            "max": 100,
            "value": 100,
            "min": 100
        },
        "http_reqs": {
            "count": 68027,
            "rate": 1130.753124093553
        },
        "iteration_duration": {
            "max": 631.47,
            "p(90)": 124.4635816,
            "p(95)": 142.5840323,
            "avg": 88.24661820419837,
            "min": 47.045089,
            "med": 80.503359
        },
        "http_req_connecting": {
            "p(90)": 0,
            "p(95)": 0,
            "avg": 0.008727135696120675,
            "min": 0,
            "med": 0,
            "max": 26.797618
        },
        "http_req_duration": {
            "p(90)": 124.29709880000001,
            "p(95)": 142.38950519999997,
            "avg": 88.06857108634851,
            "min": 46.890524,
            "med": 80.32759,
            "max": 630.242208
        },
        "http_req_waiting": {
            "avg": 87.97715882540793,
            "min": 46.8277,
            "med": 80.238285,
            "max": 629.561831,
            "p(90)": 124.21491960000002,
            "p(95)": 142.28974839999998
        },
        "data_received": {
            "count": 18378690,
            "rate": 305492.8357012207
        },
        "http_req_sending": {
            "avg": 0.02320411321975097,
            "min": 0.002316,
            "med": 0.021256,
            "max": 26.591845,
            "p(90)": 0.0300664,
            "p(95)": 0.034539199999999985
        },
        "http_req_receiving": {
            "min": 0.005684,
            "med": 0.058442,
            "max": 6.217557,
            "p(90)": 0.10101740000000002,
            "p(95)": 0.13263429999999982,
            "avg": 0.0682081477207585
        },
        "checks": {
            "passes": 68027,
            "fails": 0,
            "value": 1
        },
        "iterations": {
            "count": 68027,
            "rate": 1130.753124093553
        }
    }
}