{
    "metrics": {
        "http_req_tls_handshaking": {
            "med": 0,
            "max": 0,
            "p(90)": 0,
            "p(95)": 0,
            "avg": 0,
            "min": 0
        },
        "data_sent": {
            "rate": 43987.84435598355,
            "count": 2674550
        },
        "http_req_failed": {
            "fails": 8975,
            "passes": 0,
            "value": 0
        },
        "data_received": {
            "count": 2611725,
            "rate": 42954.572844265815
        },
        "iteration_duration": {
            "med": 665.832362,
            "max": 1824.83562,
            "p(90)": 895.1975794000001,
            "p(95)": 984.0661858999999,
            "avg": 672.8885885555414,
            "min": 23.143442
        },
        "http_req_duration{expected_response:true}": {
            "p(95)": 982.7940267999995,
            "avg": 672.5206823682453,
            "min": 23.002329,
            "med": 665.617281,
            "max": 1824.637044,
            "p(90)": 894.8287386000001
        },
        "iterations": {
            "count": 8975,
            "rate": 147.61021595967634
        },
        "http_req_receiving": {
            "med": 0.067586,
            "max": 3.132835,
            "p(90)": 0.14740100000000006,
            "p(95)": 0.24944559999999974,
            "avg": 0.08945851821726998,
            "min": 0.010875
        },
        "vus": {
            "value": 100,
            "min": 100,
            "max": 100
        },
        "http_req_sending": {
            "avg": 0.02696015164345399,
            "min": 0.003483,
            "med": 0.023003,
            "max": 3.701222,
            "p(90)": 0.0335698,
            "p(95)": 0.037643699999999974
        },
        "http_req_duration": {
            "p(90)": 894.8287386000001,
            "p(95)": 982.7940267999995,
            "avg": 672.5206823682453,
            "min": 23.002329,
            "med": 665.617281,
            "max": 1824.637044
        },
        "http_req_blocked": {
            "avg": 0.1827722928133713,
            "min": 0.000609,
            "med": 0.003663,
            "max": 35.304833,
            "p(90)": 0.005447,
            "p(95)": 0.0066491999999999975
        },
        "http_req_connecting": {
            "avg": 0.17732907699164346,
            "min": 0,
            "med": 0,
            "max": 34.319054,
            "p(90)": 0,
            "p(95)": 0
        },
        "http_reqs": {
            "count": 8975,
            "rate": 147.61021595967634
        },
        "checks": {
            "passes": 8975,
            "fails": 0,
            "value": 1
        },
        "http_req_waiting": {
            "med": 665.502137,
            "max": 1824.541435,
            "p(90)": 894.6816844000001,
            "p(95)": 982.5961282999998,
            "avg": 672.4042636983829,
            "min": 22.9496
        },
        "vus_max": {
            "value": 100,
            "min": 100,
            "max": 100
        }
    },
    "root_group": {
        "name": "",
        "path": "",
        "id": "d41d8cd98f00b204e9800998ecf8427e",
        "groups": {},
        "checks": {
                "status is 200": {
                    "name": "status is 200",
                    "path": "::status is 200",
                    "id": "6210a8cd14cd70477eba5c5e4cb3fb5f",
                    "passes": 8975,
                    "fails": 0
                }
            }
    }
}