{
    "metrics": {
        "http_req_duration": {
            "min": 23.19102,
            "med": 647.0159565,
            "max": 2169.048624,
            "p(90)": 923.1505975,
            "p(95)": 1030.631102,
            "avg": 654.3397841798601
        },
        "iteration_duration": {
            "avg": 654.6004611886694,
            "min": 23.32558,
            "med": 647.235267,
            "max": 2169.260197,
            "p(90)": 923.341831,
            "p(95)": 1032.1884747499998
        },
        "http_req_duration{expected_response:true}": {
            "min": 23.19102,
            "med": 647.0159565,
            "max": 2169.048624,
            "p(90)": 923.1505975,
            "p(95)": 1030.631102,
            "avg": 654.3397841798601
        },
        "data_sent": {
            "count": 2740408,
            "rate": 45296.27644504689
        },
        "http_req_failed": {
            "fails": 9196,
            "passes": 0,
            "value": 0
        },
        "http_req_tls_handshaking": {
            "avg": 0,
            "min": 0,
            "med": 0,
            "max": 0,
            "p(90)": 0,
            "p(95)": 0
        },
        "http_req_waiting": {
            "avg": 654.2265337231418,
            "min": 23.142972,
            "med": 646.866121,
            "max": 2168.948412,
            "p(90)": 923.047901,
            "p(95)": 1030.56349525
        },
        "http_req_connecting": {
            "avg": 0.06411831644193126,
            "min": 0,
            "med": 0,
            "max": 29.081785,
            "p(90)": 0,
            "p(95)": 0
        },
        "iterations": {
            "count": 9196,
            "rate": 152.0009276679426
        },
        "http_req_sending": {
            "avg": 0.02687389484558501,
            "min": 0.003519,
            "med": 0.023183500000000003,
            "max": 28.979081,
            "p(90)": 0.0336435,
            "p(95)": 0.037474499999999994
        },
        "http_reqs": {
            "count": 9196,
            "rate": 152.0009276679426
        },
        "data_received": {
            "count": 2676036,
            "rate": 44232.269951371294
        },
        "http_req_blocked": {
            "p(90)": 0.00534,
            "p(95)": 0.0065544999999999996,
            "avg": 0.07793879969551963,
            "min": 0.00042,
            "med": 0.003616,
            "max": 29.469906
        },
        "checks": {
            "passes": 9196,
            "fails": 0,
            "value": 1
        },
        "vus": {
            "value": 100,
            "min": 100,
            "max": 100
        },
        "vus_max": {
            "max": 100,
            "value": 100,
            "min": 100
        },
        "http_req_receiving": {
            "max": 1.648338,
            "p(90)": 0.1372965,
            "p(95)": 0.22390549999999998,
            "avg": 0.0863765618747279,
            "min": 0.008759,
            "med": 0.0677895
        }
    },
    "root_group": {
        "name": "",
        "path": "",
        "id": "d41d8cd98f00b204e9800998ecf8427e",
        "groups": {},
        "checks": {
                "status is 200": {
                    "name": "status is 200",
                    "path": "::status is 200",
                    "id": "6210a8cd14cd70477eba5c5e4cb3fb5f",
                    "passes": 9196,
                    "fails": 0
                }
            }
    }
}