{
    "root_group": {
        "name": "",
        "path": "",
        "id": "d41d8cd98f00b204e9800998ecf8427e",
        "groups": {},
        "checks": {
                "status is 200": {
                    "id": "6210a8cd14cd70477eba5c5e4cb3fb5f",
                    "passes": 32276,
                    "fails": 0,
                    "name": "status is 200",
                    "path": "::status is 200"
                }
            }
    },
    "metrics": {
        "vus": {
            "value": 50,
            "min": 50,
            "max": 50
        },
        "http_req_failed": {
            "passes": 0,
            "fails": 32276,
            "value": 0
        },
        "http_req_waiting": {
            "avg": 92.7392452125416,
            "min": 11.122215,
            "med": 85.0372535,
            "max": 386.562845,
            "p(90)": 120.567294,
            "p(95)": 150.69320325
        },
        "data_received": {
            "count": 8687944,
            "rate": 144372.29932737647
        },
        "http_reqs": {
            "count": 32276,
            "rate": 536.3478785188306
        },
        "vus_max": {
            "value": 50,
            "min": 50,
            "max": 50
        },
        "http_req_receiving": {
            "avg": 0.07856971396703402,
            "min": 0.006377,
            "med": 0.0628795,
            "max": 8.221066,
            "p(90)": 0.125259,
            "p(95)": 0.18271325
        },
        "data_sent": {
            "count": 9618248,
            "rate": 159831.66779861154
        },
        "http_req_blocked": {
            "min": 0.000311,
            "med": 0.003501,
            "max": 0.509864,
            "p(90)": 0.0050125,
            "p(95)": 0.005808,
            "avg": 0.006177814784979572
        },
        "http_req_sending": {
            "med": 0.022135,
            "max": 0.755937,
            "p(90)": 0.031265,
            "p(95)": 0.03528625,
            "avg": 0.0226083149708761,
            "min": 0.00269
        },
        "http_req_connecting": {
            "avg": 0.0018357390940637011,
            "min": 0,
            "med": 0,
            "max": 0.417338,
            "p(90)": 0,
            "p(95)": 0
        },
        "iteration_duration": {
            "p(90)": 120.8420255,
            "p(95)": 150.98524175,
            "avg": 93.0133121106704,
            "min": 11.405582,
            "med": 85.30983,
            "max": 387.179403
        },
        "http_req_duration": {
            "avg": 92.84042324147981,
            "min": 11.216283,
            "med": 85.13841400000001,
            "max": 386.853272,
            "p(90)": 120.6686465,
            "p(95)": 150.84232425000002
        },
        "http_req_duration{expected_response:true}": {
            "max": 386.853272,
            "p(90)": 120.6686465,
            "p(95)": 150.84232425000002,
            "avg": 92.84042324147981,
            "min": 11.216283,
            "med": 85.13841400000001
        },
        "iterations": {
            "count": 32276,
            "rate": 536.3478785188306
        },
        "http_req_tls_handshaking": {
            "avg": 0,
            "min": 0,
            "med": 0,
            "max": 0,
            "p(90)": 0,
            "p(95)": 0
        },
        "checks": {
            "passes": 32276,
            "fails": 0,
            "value": 1
        }
    }
}