{
    "root_group": {
        "groups": {},
        "checks": {
                "status is 200": {
                    "name": "status is 200",
                    "path": "::status is 200",
                    "id": "6210a8cd14cd70477eba5c5e4cb3fb5f",
                    "passes": 91006,
                    "fails": 0
                }
            },
        "name": "",
        "path": "",
        "id": "d41d8cd98f00b204e9800998ecf8427e"
    },
    "metrics": {
        "http_req_waiting": {
            "avg": 263.52322481270465,
            "min": 204.269171,
            "med": 252.6386405,
            "max": 1613.796704,
            "p(90)": 301.815303,
            "p(95)": 324.67657575
        },
        "checks": {
            "passes": 91006,
            "fails": 0,
            "value": 1
        },
        "data_sent": {
            "rate": 449797.1588321623,
            "count": 27119788
        },
        "data_received": {
            "count": 24586820,
            "rate": 407786.4392124963
        },
        "http_req_sending": {
            "avg": 0.02414441443421267,
            "min": 0.002315,
            "med": 0.021668,
            "max": 51.133717,
            "p(90)": 0.030951,
            "p(95)": 0.03570475
        },
        "http_req_duration{expected_response:true}": {
            "max": 1614.223988,
            "p(90)": 301.89333999999997,
            "p(95)": 324.78708975,
            "avg": 263.61867630077086,
            "min": 204.338796,
            "med": 252.7368955
        },
        "http_req_tls_handshaking": {
            "avg": 0,
            "min": 0,
            "med": 0,
            "max": 0,
            "p(90)": 0,
            "p(95)": 0
        },
        "http_req_duration": {
            "avg": 263.61867630077086,
            "min": 204.338796,
            "med": 252.7368955,
            "max": 1614.223988,
            "p(90)": 301.89333999999997,
            "p(95)": 324.78708975
        },
        "vus_max": {
            "min": 400,
            "max": 400,
            "value": 400
        },
        "iterations": {
            "count": 91006,
            "rate": 1509.3864390341018
        },
        "http_req_receiving": {
            "p(90)": 0.1069575,
            "p(95)": 0.142072,
            "avg": 0.07130707363250824,
            "min": 0.006192,
            "med": 0.060156,
            "max": 9.489681
        },
        "http_req_connecting": {
            "med": 0,
            "max": 100.646392,
            "p(90)": 0,
            "p(95)": 0,
            "avg": 0.06541443737775533,
            "min": 0
        },
        "vus": {
            "value": 400,
            "min": 400,
            "max": 400
        },
        "iteration_duration": {
            "p(95)": 324.96039175,
            "avg": 263.85521869343575,
            "min": 204.476995,
            "med": 252.916453,
            "max": 1635.487035,
            "p(90)": 302.05661999999995
        },
        "http_req_blocked": {
            "max": 100.668212,
            "p(90)": 0.005334,
            "p(95)": 0.00627275,
            "avg": 0.0703224781113342,
            "min": 0.000258,
            "med": 0.003539
        },
        "http_req_failed": {
            "passes": 0,
            "fails": 91006,
            "value": 0
        },
        "http_reqs": {
            "count": 91006,
            "rate": 1509.3864390341018
        }
    }
}