{
    "root_group": {
        "groups": {},
        "checks": {
                "status is 200": {
                    "passes": 77297,
                    "fails": 0,
                    "name": "status is 200",
                    "path": "::status is 200",
                    "id": "6210a8cd14cd70477eba5c5e4cb3fb5f"
                }
            },
        "name": "",
        "path": "",
        "id": "d41d8cd98f00b204e9800998ecf8427e"
    },
    "metrics": {
        "http_req_sending": {
            "avg": 0.027372522801660977,
            "min": 0.002115,
            "med": 0.021357,
            "max": 67.026531,
            "p(90)": 0.03058140000000001,
            "p(95)": 0.0350262
        },
        "vus_max": {
            "max": 200,
            "value": 200,
            "min": 200
        },
        "http_req_duration": {
            "med": 143.233815,
            "max": 788.152212,
            "p(90)": 206.86133260000003,
            "p(95)": 226.25546899999998,
            "avg": 155.23191796455077,
            "min": 92.558671
        },
        "iteration_duration": {
            "avg": 155.4174320350847,
            "min": 92.674629,
            "med": 143.401751,
            "max": 790.748561,
            "p(90)": 207.02851260000006,
            "p(95)": 226.434269
        },
        "http_reqs": {
            "rate": 1283.0335833966922,
            "count": 77297
        },
        "http_req_connecting": {
            "p(90)": 0,
            "p(95)": 0,
            "avg": 0.018170024011281174,
            "min": 0,
            "med": 0,
            "max": 40.247527
        },
        "http_req_blocked": {
            "avg": 0.02230236725875514,
            "min": 0.000269,
            "med": 0.003436,
            "max": 40.860373,
            "p(90)": 0.005134,
            "p(95)": 0.005961
        },
        "http_req_tls_handshaking": {
            "avg": 0,
            "min": 0,
            "med": 0,
            "max": 0,
            "p(90)": 0,
            "p(95)": 0
        },
        "http_req_waiting": {
            "med": 143.138176,
            "max": 787.883113,
            "p(90)": 206.7734962,
            "p(95)": 226.17026719999996,
            "avg": 155.1355455471235,
            "min": 92.473359
        },
        "iterations": {
            "count": 77297,
            "rate": 1283.0335833966922
        },
        "http_req_duration{expected_response:true}": {
            "p(95)": 226.25546899999998,
            "avg": 155.23191796455077,
            "min": 92.558671,
            "med": 143.233815,
            "max": 788.152212,
            "p(90)": 206.86133260000003
        },
        "http_req_receiving": {
            "p(95)": 0.13684739999999998,
            "avg": 0.06899989462721721,
            "min": 0.005973,
            "med": 0.059062,
            "max": 4.073771,
            "p(90)": 0.103888
        },
        "data_received": {
            "count": 20881590,
            "rate": 346608.2932677922
        },
        "data_sent": {
            "count": 23034506,
            "rate": 382344.0078522143
        },
        "vus": {
            "value": 200,
            "min": 200,
            "max": 200
        },
        "http_req_failed": {
            "passes": 0,
            "fails": 77297,
            "value": 0
        },
        "checks": {
            "passes": 77297,
            "fails": 0,
            "value": 1
        }
    }
}